timestamp,p_x,p_y,p_z,q_w,q_x,q_y,q_z,v_x,v_y,v_z,ba_x,ba_y,ba_z,bg_x,bg_y,bg_z
0.000000000000000000e+00,0.000000000000000000e+00,0.000000000000000000e+00,2.000000000000000000e+00,9.971888181122073869e-01,0.000000000000000000e+00,7.492970727274234077e-02,0.000000000000000000e+00,1.000000000000000000e+00,1.199999999999999956e+00,2.399999999999999911e-01,0.000000000000000000e+00,0.000000000000000000e+00,0.000000000000000000e+00,0.000000000000000000e+00,0.000000000000000000e+00,0.000000000000000000e+00
5.000000000000000278e-02,5.001773071595945475e-02,5.995984235134525081e-02,2.012020678099197823e+00,9.971634584179183136e-01,3.634981346554035271e-03,7.484228319007583952e-02,7.103291738580718578e-03,1.000811379154019187e+00,1.198652430408796654e+00,2.409400575051403315e-01,0.000000000000000000e+00,0.000000000000000000e+00,0.000000000000000000e+00,0.000000000000000000e+00,0.000000000000000000e+00,0.000000000000000000e+00
1.000000000000000056e-01,1.000441557470904269e-01,1.198420552619471613e-01,2.024084233144832989e+00,9.970715713756426180e-01,7.113184092401757079e-03,7.481401596037107193e-02,1.416146823093388137e-02,9.998837758597476366e-01,1.196513651903799769e+00,2.411547295715582573e-01,0.000000000000000000e+00,0.000000000000000000e+00,0.000000000000000000e+00,0.000000000000000000e+00,0.000000000000000000e+00,0.000000000000000000e+00
1.500000000000000222e-01,1.590941337400398337e-01,1.723082809989162911e-01,2.048697692034584072e+00,9.962933238157288818e-01,3.955111731393921859e-03,8.120010556326441586e-02,2.811606067560169439e-02,1.071151605434647491e+00,1.152374135479457440e+00,3.264390802721024443e-01,-7.616611855827239499e-04,3.848726310849534711e-04,-8.878180996376854343e-04,2.089548045282362161e-03,4.819171689881482368e-03,1.700011507398714160e-03
2.000000000000000111e-01,2.105257131602780440e-01,2.320797023286690908e-01,2.065908783126573223e+00,9.960577941460677653e-01,6.326255971878151120e-03,8.188548824634525602e-02,3.352038217123767816e-02,1.067258054196056349e+00,1.162922818632703192e+00,3.322287764934986898e-01,-8.702341362871049771e-04,-1.840084485954460993e-04,-1.466859641324834646e-03,2.651955283250709023e-03,6.499475376809789318e-03,2.434694686057536570e-03
2.500000000000000000e-01,2.517321445050746953e-01,3.066834409956055163e-01,2.055639322148382409e+00,9.968381086712844175e-01,1.047752287348258267e-02,7.079211199853488456e-02,3.453235430548127344e-02,1.000113039887752464e+00,1.226116348172426873e+00,2.246090333717029042e-01,-9.173232589969227031e-04,-2.987801381092467477e-03,3.743709917900414977e-03,1.392432697430245198e-02,2.072217824987753268e-02,6.436336925123370238e-03
3.000000000000000444e-01,2.984739184659797040e-01,3.653508904782735711e-01,2.065790430395777477e+00,9.963383442588314987e-01,1.555593752017748674e-02,7.322587904380720158e-02,4.130238740920869761e-02,9.939569261436992376e-01,1.205719055828723185e+00,2.201498140106347146e-01,-1.946405594248546865e-03,-1.886178739553801519e-03,1.108763129443234366e-03,2.329887008542886467e-02,1.939626817354569294e-02,9.400783378079235683e-04
3.500000000000000333e-01,3.432414199424317358e-01,4.208761736634186734e-01,2.078753451766797600e+00,9.959675139229883234e-01,1.900731233481832774e-02,7.225754913401630231e-02,4.966165403018533986e-02,9.799366671147805574e-01,1.181845120131349791e+00,2.283551185526527805e-01,-1.540446038372385784e-03,-1.680077185872801832e-03,1.908570090255858401e-03,2.289988956965898631e-02,1.594350258908468210e-02,1.941170242272025450e-03
4.000000000000000222e-01,3.921426911497041812e-01,4.796564655320671999e-01,2.090195904565484319e+00,9.955968994270358863e-01,2.208718763657060991e-02,7.119141676789039752e-02,5.683970594716409447e-02,9.754434341790855223e-01,1.170157043286138343e+00,2.294746072769816569e-01,-1.540446038372385784e-03,-1.680077185872801832e-03,1.908570090255858401e-03,2.289988956965898631e-02,1.594350258908468210e-02,1.941170242272025450e-03
4.500000000000000111e-01,4.364554148249594201e-01,5.483288706411960645e-01,2.107719347046205449e+00,9.953567623435378708e-01,2.081433545855146047e-02,6.903681308466325106e-02,6.376203835764651662e-02,9.530664344821534462e-01,1.199421173309808131e+00,2.441438972224612147e-01,-1.162361184541123261e-03,-2.661651526676875844e-03,4.361188825924133122e-03,2.524012302911145950e-02,1.400522730125456500e-02,-4.068411229240673395e-03
5.000000000000000000e-01,4.949744387231961862e-01,5.713647374360139031e-01,2.113683968935033075e+00,9.945561133876088533e-01,3.432745564163370428e-02,6.441140903576393628e-02,7.437024605669174948e-02,9.524985992203692797e-01,1.054433982291613336e+00,2.189023436897907238e-01,-4.968387075373627802e-03,1.555150153680040850e-03,4.639887441227595610e-02,3.741023465113928193e-02,7.834910457985320292e-03,-1.279199301277697196e-04
5.500000000000000444e-01,5.608147558496784368e-01,6.462412205115067865e-01,2.134281554903217692e+00,9.944771326373854636e-01,2.763868433372825006e-02,6.464532993658665683e-02,7.792507367346228342e-02,9.738702933075631396e-01,1.118661635764114370e+00,2.336075362791222854e-01,-4.258888503930445719e-03,3.529664218986689524e-03,5.767972443759868811e-02,4.451016828119261359e-02,-3.827418603133021791e-03,-6.052368165868831501e-03
6.000000000000000888e-01,6.169998297574962320e-01,6.961418299419882549e-01,2.143262243418538660e+00,9.943266265241812452e-01,2.845040829901012217e-02,6.535275372207079159e-02,7.895664401178248415e-02,9.848712851417961156e-01,1.105553857708132082e+00,2.265466602204252722e-01,-6.627331549296502575e-03,7.148135321587414590e-04,6.391359718359311548e-02,4.610685813829169116e-02,-6.606003479996234648e-03,-4.610211148296128325e-03
6.500000000000000222e-01,6.610585977852920792e-01,7.369285162999591465e-01,2.152330179904624607e+00,9.939361262926477147e-01,2.925083661239416891e-02,6.396298452508863974e-02,8.452278993552080066e-02,9.643873996479912503e-01,1.079759469710019903e+00,2.252500141737129313e-01,-6.177960757869940984e-03,6.788683415924717628e-05,4.965118759579104785e-02,4.657691892128452971e-02,-7.933013883853742843e-03,-5.115271043441481542e-03
7.000000000000000666e-01,7.004469764871413817e-01,7.756588264958836909e-01,2.160795080967715887e+00,9.934935623743279542e-01,2.985680505327662979e-02,6.224138458975280591e-02,9.058213265941826575e-02,9.362374514134517156e-01,1.056265636031548771e+00,2.287636617801914185e-01,-7.710135741257657591e-03,-3.651142227254313040e-03,2.538458274584663374e-02,4.685161408413300588e-02,-8.433696140814845102e-03,-5.371657551134723964e-03
7.500000000000000000e-01,7.420366998293977945e-01,8.115720675573344645e-01,2.169989297566307762e+00,9.932880518547595461e-01,3.060530039859030160e-02,5.973169332193632719e-02,9.420343116353538382e-02,9.085054039264075509e-01,1.035101020383785375e+00,2.275415300352784664e-01,-1.301841688881262213e-02,-5.929950938710782521e-03,9.447029010676004368e-03,4.695610574238371498e-02,-9.195972322085218045e-03,-5.025782044001524118e-03
8.000000000000000444e-01,7.991805641365173907e-01,8.530981576403340316e-01,2.178345319820714110e+00,9.932703442604169375e-01,3.150480937865065417e-02,5.910377849917208132e-02,9.448922460221903519e-02,9.135449999846877445e-01,1.022590241637745478e+00,2.242898976340125250e-01,-1.745024692812618267e-02,-1.897805843998772585e-03,5.433497704232651167e-03,4.733732052540786522e-02,-1.062963805965274830e-02,-4.048222723821779181e-03
8.500000000000000888e-01,8.577683592011173808e-01,8.864545841732365261e-01,2.183496089960398123e+00,9.932742289302899374e-01,3.258819511594958362e-02,5.937664175611847422e-02,9.390809387794221696e-02,9.284859966731545677e-01,9.992739353455734053e-01,2.182380376418543988e-01,-2.491756449812071450e-02,7.669537483786932966e-03,1.989033578731799323e-03,4.728412944264297896e-02,-1.198163864550432466e-02,-3.484830791714839913e-03
9.000000000000000222e-01,8.972481330177630721e-01,9.004176671345492933e-01,2.181032472523497745e+00,9.930625843461377000e-01,3.357474028025002333e-02,5.899817648778252210e-02,9.601383003505505054e-02,9.195193992625730894e-01,9.559633573417236629e-01,2.017298353852987891e-01,-3.471529729152807858e-02,1.807136970664878495e-02,3.193468536220286577e-03,4.738883144915708584e-02,-1.219361617244271202e-02,-3.921667267051279736e-03
9.500000000000000666e-01,9.342321302947719230e-01,8.957637021661140064e-01,2.176236206137261320e+00,9.931167839604091441e-01,3.468601303715718176e-02,5.788193302498743920e-02,9.573722235897060007e-02,9.048028008520544452e-01,8.957689206731554998e-01,1.856489480482196586e-01,-3.985541515548696873e-02,3.218256505944661061e-02,4.622140923880575618e-03,4.695874923876174750e-02,-1.257855903332518940e-02,-5.026312743845400867e-03
1.000000000000000000e+00,9.755150445366523870e-01,8.938669801965539730e-01,2.174581977574096658e+00,9.931221910398376762e-01,3.597334913118861027e-02,5.723462177544582502e-02,9.559513526712290488e-02,8.959927346977106799e-01,8.398743431152673189e-01,1.774766802077728800e-01,-3.679740878468511223e-02,4.925773091134698356e-02,1.845668929384969986e-03,4.627246598278286077e-02,-1.314386582479018691e-02,-5.845482426052056417e-03
1.050000000000000044e+00,1.029770472803449133e+00,9.118958641129972786e-01,2.175253716232335766e+00,9.929797943982878738e-01,3.660871816015889846e-02,5.742419263296760779e-02,9.671293487355159257e-02,9.052288796580785224e-01,8.077220755234368887e-01,1.697651870444371880e-01,-2.726281354404102783e-02,7.520008671625380559e-02,5.266748908316041221e-03,4.609516121347839029e-02,-1.406012383457205632e-02,-6.052730958143157786e-03
1.100000000000000089e+00,1.081596018796207481e+00,9.385283536059556564e-01,2.179077466495942694e+00,9.925414799320269044e-01,3.800685852021809530e-02,5.609128639071474937e-02,1.013442495201417187e-01,8.997543365265481263e-01,7.780817117598769483e-01,1.656981431464180088e-01,-1.948620069587900239e-02,8.684884490939498436e-02,6.061819778151272993e-03,4.553374626046698126e-02,-1.420695078047230428e-02,-7.141177807369347881e-03
1.150000000000000133e+00,1.142075067868628668e+00,9.780432822745549482e-01,2.186884327035853115e+00,9.919980708886810827e-01,3.976416500601410997e-02,5.527528348269627329e-02,1.063168922157583379e-01,9.030066801659217823e-01,7.593203967521905406e-01,1.599727524455271666e-01,-6.818842876906412373e-03,9.665922297406129293e-02,1.604466822140907661e-02,4.501489222935362716e-02,-1.485726397777771893e-02,-7.598532456299554420e-03
1.200000000000000178e+00,1.202187263488668334e+00,1.012400674509246645e+00,2.196444582826394765e+00,9.916153963847955666e-01,4.128245679523995237e-02,5.413730999235076558e-02,1.098354044940246937e-01,9.059078690870856487e-01,7.422094190130783531e-01,1.582635552288910452e-01,-2.401643645542714083e-03,1.038451474891105147e-01,2.120022623785332294e-02,4.458648974515926067e-02,-1.592498852764540063e-02,-7.717360647382640049e-03
1.250000000000000000e+00,1.249540937891455705e+00,1.038407334213510280e+00,2.202618712670129764e+00,9.909800622770633671e-01,4.269920533245476213e-02,5.273911214921531143e-02,1.155589896245074605e-01,8.958164133634366477e-01,7.151711244388365696e-01,1.539058601932599135e-01,4.067352510496561463e-03,1.074141835711801829e-01,2.491763960347295748e-02,4.399365229218670653e-02,-1.637093526336477409e-02,-8.257660433162328922e-03
1.300000000000000044e+00,1.310788731481270508e+00,1.067689543557809317e+00,2.212725326372048329e+00,9.906141603612927948e-01,4.427268141737835533e-02,5.106695055857939092e-02,1.188094336845927357e-01,8.931329097124122152e-01,6.928462724235469050e-01,1.534917410606113364e-01,1.162346604946992365e-02,1.071811673684004429e-01,2.843008322639990412e-02,4.343068199308677130e-02,-1.714861098420656163e-02,-8.615834896995742606e-03
1.350000000000000089e+00,1.387107766563644873e+00,1.101753964019224652e+00,2.225448195983114719e+00,9.904652603645212050e-01,4.591406763023190424e-02,4.978751505621103329e-02,1.199652856005248291e-01,9.026821418578510059e-01,6.718428608558059123e-01,1.486233344291091607e-01,2.111636916817273904e-02,1.101912285902831717e-01,3.683611621599383601e-02,4.286444920532668512e-02,-1.853867561659528970e-02,-8.307428463043504963e-03
1.400000000000000133e+00,1.451407810017794286e+00,1.130700624213726968e+00,2.237368092133429798e+00,9.901143919258413861e-01,4.730735530508761028e-02,4.840790641978020420e-02,1.228502325248650717e-01,8.997320296167212739e-01,6.497632040871365033e-01,1.445906831559352901e-01,2.696039503406200827e-02,1.092987623910512268e-01,4.311824688874235645e-02,4.245919838476763797e-02,-1.978480379549926380e-02,-7.919601418913048418e-03
1.450000000000000178e+00,1.515896313355496350e+00,1.161344498455268548e+00,2.248913057371529689e+00,9.897421418967127238e-01,4.860349047739717654e-02,4.694012661059863978e-02,1.258762002163315297e-01,8.981434665214068636e-01,6.301212211627458259e-01,1.404783250110446247e-01,3.052265095687589636e-02,1.120849991380488686e-01,4.967583724985968202e-02,4.191987439848719743e-02,-2.099451046922745298e-02,-7.456588214521394677e-03
1.500000000000000000e+00,1.567735897149350022e+00,1.191647966387851199e+00,2.257888975863254988e+00,9.890137727197975126e-01,4.959405788200520193e-02,4.565505529572491672e-02,1.315591225240321238e-01,8.900027795073046644e-01,6.091184542624734632e-01,1.366263579171269893e-01,3.520587212964682716e-02,1.168520067257959455e-01,5.461869950173602745e-02,4.152815905109520644e-02,-2.193269727046428391e-02,-7.121687037762870764e-03
1.550000000000000044e+00,1.618213751513482235e+00,1.216935987214922577e+00,2.265687337646676625e+00,9.883088439157655669e-01,5.027498895884403851e-02,4.416621223870863949e-02,1.369941612608231996e-01,8.761741641782800905e-01,5.851509466672619730e-01,1.317330990110490430e-01,4.054781218102703616e-02,1.205023752331484121e-01,5.864667225420486241e-02,4.114191815542168201e-02,-2.270202089857429814e-02,-6.962358709618687684e-03
1.600000000000000089e+00,1.658629957254103671e+00,1.234318252843576991e+00,2.272639419152897133e+00,9.874739572148883981e-01,5.127997301251072809e-02,4.247318834700799378e-02,1.430439668837675260e-01,8.553601344952962426e-01,5.594820193077880699e-01,1.276037320855435420e-01,4.580256167127513822e-02,1.180048767134305315e-01,6.080419493411343829e-02,4.073784273251223470e-02,-2.334208929550369432e-02,-6.957050832286972193e-03
1.650000000000000133e+00,1.683604009718203010e+00,1.245169203128978719e+00,2.277716500722303028e+00,9.863609666449056901e-01,5.246427688993492156e-02,4.064282551372785240e-02,1.506243800452108372e-01,8.214934830489177831e-01,5.286616694000992878e-01,1.238289019255105899e-01,5.445649418880671444e-02,1.093822124045281396e-01,6.299640946546043729e-02,4.041379357972545161e-02,-2.383856028450881404e-02,-6.974776190005977337e-03
1.700000000000000178e+00,1.710539021461936038e+00,1.259592564795402048e+00,2.282470937473160877e+00,9.851330441003544047e-01,5.342178215837669469e-02,3.897200678140254337e-02,1.585565555252203551e-01,7.915926772252198651e-01,4.994814585684289598e-01,1.183983367592935793e-01,6.402390389298459605e-02,1.029013473059992440e-01,6.595679266262993723e-02,4.006071785612726893e-02,-2.429727428409953274e-02,-7.061859427950892797e-03
1.750000000000000000e+00,1.745755745977143558e+00,1.275595450190984304e+00,2.286143236595183481e+00,9.839640456156553139e-01,5.414271257694415473e-02,3.774174666314510096e-02,1.657072242519857797e-01,7.687165700490256048e-01,4.716372623004528863e-01,1.123193967664475740e-01,8.111153529738802936e-02,1.040614921810278370e-01,6.911324647100655638e-02,3.960643709405122642e-02,-2.487043361359785390e-02,-7.241797282650303674e-03
1.800000000000000044e+00,1.790646564016630693e+00,1.290472733820931417e+00,2.291971158993405755e+00,9.830473552484922939e-01,5.458061503349896648e-02,3.696186227534727781e-02,1.710925905428047900e-01,7.542772031497135821e-01,4.414725958370913639e-01,1.066503057242380731e-01,1.053654905495425981e-01,1.071473325390101261e-01,7.264749950006944845e-02,3.906841885327112102e-02,-2.590685780401906502e-02,-6.932117938108502131e-03
1.850000000000000089e+00,1.825006212511581127e+00,1.294429829799929266e+00,2.295405366783883849e+00,9.819584729940857848e-01,5.538275232385598407e-02,3.630301345703550869e-02,1.771225543912914036e-01,7.324364865071371078e-01,4.054765541389498407e-01,1.036070924869552379e-01,1.315076527150384755e-01,1.055298483361990641e-01,7.413842280956603470e-02,3.836140639247028611e-02,-2.671688862688610319e-02,-7.276653969484770355e-03
1.900000000000000133e+00,1.867612180998589944e+00,1.296625439373250588e+00,2.300859137710485669e+00,9.810804969025009870e-01,5.588883505212548231e-02,3.570961432721192486e-02,1.818854588983407072e-01,7.145274205096736608e-01,3.674912918205242018e-01,1.025308588378542746e-01,1.560472760155001970e-01,1.052481353426183708e-01,7.434002599284959822e-02,3.753052460611599334e-02,-2.760535054670367958e-02,-7.448288143271676598e-03
1.950000000000000178e+00,1.918069003354495816e+00,1.299714111040522813e+00,2.309579693892421570e+00,9.804466351659267831e-01,5.631244021517820691e-02,3.438829339592609086e-02,1.853935002801867238e-01,7.034848440731441555e-01,3.339339408636889939e-01,1.016691444007436218e-01,1.705520301346447054e-01,1.060659208271133580e-01,7.408468035226228876e-02,3.659586483862618117e-02,-2.859947948121929068e-02,-7.420224850312214307e-03
2.000000000000000000e+00,1.971762419769742758e+00,1.306728346055107570e+00,2.317570614213127378e+00,9.796216212398922707e-01,5.689091718883545340e-02,3.308563767705552383e-02,1.897636512091836758e-01,6.929829843945516377e-01,3.003334246182650658e-01,1.017526422334164848e-01,1.836584900490010053e-01,1.056717510297494889e-01,7.383847103587594385e-02,3.563971237461009689e-02,-2.922637944128235465e-02,-7.645263850064441813e-03
2.050000000000000266e+00,2.025428218876792030e+00,1.312351815234306773e+00,2.327980076556244615e+00,9.788192971213199867e-01,5.743568830489170080e-02,3.127926802049855320e-02,1.939987955735047731e-01,6.825644325508352095e-01,2.707257091635505986e-01,1.027738891939153215e-01,1.884693521611613687e-01,1.036884890291285555e-01,7.168884731589036940e-02,3.471249585602581567e-02,-2.978505595707086825e-02,-7.768505986485255664e-03
2.100000000000000089e+00,2.074663055976583514e+00,1.310956626334015995e+00,2.337362630722196855e+00,9.780915463749445538e-01,5.785072377114626463e-02,2.949279934896308769e-02,1.977887647354774070e-01,6.648790917279165935e-01,2.358595569287806337e-01,1.028018786865913109e-01,1.962467931954444411e-01,9.775371614315994662e-02,7.112891235108552423e-02,3.374894815703419898e-02,-3.035112885879147696e-02,-7.835013623079551542e-03
2.149999999999999911e+00,2.112345438465909719e+00,1.304279232115757692e+00,2.346340955611966095e+00,9.771365232562414516e-01,5.848625569921818423e-02,2.746600772453915498e-02,2.025566370985309728e-01,6.427691841085274582e-01,2.019989070323027491e-01,1.057371384954784582e-01,2.018922644290060131e-01,8.849088745990875415e-02,6.987321066161535088e-02,3.265907846901216355e-02,-3.078503162944888627e-02,-7.849438053467187523e-03
2.200000000000000178e+00,2.145518010061348679e+00,1.297988563851275590e+00,2.352875327823801932e+00,9.760195136169367292e-01,5.871700290552245294e-02,2.522666268706594619e-02,2.080909370886297738e-01,6.220935934871671957e-01,1.681396613359515402e-01,1.019861645794725435e-01,2.037739501940256381e-01,8.754786343719803132e-02,6.889536325080759804e-02,3.165501273041357311e-02,-3.112827290809070530e-02,-8.005212065334511504e-03
2.250000000000000000e+00,2.176102057851690752e+00,1.290233262406783599e+00,2.357653438180239203e+00,9.747958261109248568e-01,5.867777418494359715e-02,2.316383186142991629e-02,2.139940492324861054e-01,5.988780794493970827e-01,1.332522618143192894e-01,1.003590769208839439e-01,2.078381852793878826e-01,9.081300533974032141e-02,6.765543541118734794e-02,3.069682124877519749e-02,-3.141261958315290370e-02,-8.180350062689254256e-03
2.300000000000000266e+00,2.212189803650217002e+00,1.285129308675150739e+00,2.362662296349508750e+00,9.736003329422407981e-01,5.819631443301211127e-02,2.057812190516645351e-02,2.197546850013166742e-01,5.815509895737133172e-01,1.009519420261095896e-01,9.677673699212613334e-02,2.068972122006108583e-01,9.897699445874967583e-02,6.576237015085532878e-02,2.971321492588635885e-02,-3.156928538126321099e-02,-8.430649895150058373e-03
2.350000000000000089e+00,2.236383210781613506e+00,1.277014990140500572e+00,2.367267547530615523e+00,9.720996889251356521e-01,5.781222945462639179e-02,1.804075683562560845e-02,2.266152510532729869e-01,5.557466587509795053e-01,6.892858008998203889e-02,9.503884608460330674e-02,2.039508867447461515e-01,9.985722435504669481e-02,6.436562646186996806e-02,2.883565946943365127e-02,-3.164089198591325813e-02,-8.768421538131582899e-03
2.400000000000000355e+00,2.263845657491276864e+00,1.272684200750392236e+00,2.371548735473763880e+00,9.704586210541081837e-01,5.730875326344066212e-02,1.549020820181789757e-02,2.338500054971415776e-01,5.342672138110914348e-01,3.816565393162113518e-02,9.203522312896741941e-02,2.019804825378495317e-01,1.032327976898657490e-01,6.298073573132798031e-02,2.805638582335198000e-02,-3.164355817309807278e-02,-9.110923090415619374e-03
2.450000000000000178e+00,2.288168548806115865e+00,1.265082074390539768e+00,2.376403327692703016e+00,9.688304036189573365e-01,5.669202560869623930e-02,1.279952510504115543e-02,2.408107875760481242e-01,5.072598364608442711e-01,8.009251328494325708e-03,8.965888583378232857e-02,1.982792582994292452e-01,1.028611951901447913e-01,6.117157807384272783e-02,2.730882090664066980e-02,-3.155394245669601583e-02,-9.426308684681725808e-03
2.500000000000000000e+00,2.317154930438587446e+00,1.256885691064124400e+00,2.382330966822552298e+00,9.672942267241232406e-01,5.604826495021790478e-02,9.528181414370626504e-03,2.472037311635597867e-01,4.822316573048245347e-01,-2.304495255998072895e-02,8.798974288373932751e-02,1.884917198745394706e-01,1.023738600979577640e-01,5.933669254075860100e-02,2.646532769825356290e-02,-3.136497764560085971e-02,-9.864161607728186981e-03
2.550000000000000266e+00,2.345155344572992906e+00,1.242434680906116196e+00,2.386344554876017376e+00,9.658452982134714260e-01,5.548228617376931709e-02,6.772486686156675185e-03,2.530191875410800484e-01,4.549301130283242012e-01,-5.481987512874322843e-02,8.414688661099133105e-02,1.886864656872641044e-01,9.963871579387070798e-02,5.909639988229099111e-02,2.580034905251792771e-02,-3.129121098195970785e-02,-1.015221206718159089e-02
2.600000000000000089e+00,2.376633414130723487e+00,1.228750930773232497e+00,2.389656349338282748e+00,9.643730595250058490e-01,5.461181510823757967e-02,4.279044701616277306e-03,2.588123673424526650e-01,4.267748169986786411e-01,-8.736243729247709922e-02,7.904317648813201369e-02,1.927549652578297856e-01,9.787956322113096352e-02,5.930618937102224986e-02,2.517646688678383191e-02,-3.120432758031795040e-02,-1.040590661287430808e-02
2.650000000000000355e+00,2.398361092484338375e+00,1.211043342349399810e+00,2.391624391518641701e+00,9.627859053582626947e-01,5.394836607875833079e-02,1.582479467218595760e-03,2.648213926397158802e-01,3.943162115118502564e-01,-1.213837019805361073e-01,7.193441636865727240e-02,1.978882333007025707e-01,8.993382140185919582e-02,6.068297586747258693e-02,2.459426158114500285e-02,-3.107723658018769070e-02,-1.067954802582565116e-02
2.700000000000000178e+00,2.418838680859631829e+00,1.192565707633488570e+00,2.394897131667502066e+00,9.611222537691871404e-01,5.299476396137461909e-02,-1.347803046120922034e-03,2.709866264767792909e-01,3.585842721579615144e-01,-1.528354658531465848e-01,6.700492959159762285e-02,1.956585602397587220e-01,8.151855949582209604e-02,6.064534711210229495e-02,2.401848866866769863e-02,-3.080431624196292364e-02,-1.113489188864510634e-02
2.750000000000000000e+00,2.442857298939411947e+00,1.171840193648141071e+00,2.399310756748849638e+00,9.595564425304990985e-01,5.215171326569594673e-02,-4.198080444858498864e-03,2.766116565191060750e-01,3.280140052151980234e-01,-1.831157528865058892e-01,6.569492505304458385e-02,1.952951262493600182e-01,7.494166397587401218e-02,5.986776413498217514e-02,2.344554412397717100e-02,-3.063956111055476245e-02,-1.152792693002534230e-02
2.800000000000000266e+00,2.476237486182093051e+00,1.152062480800871036e+00,2.402015528349754181e+00,9.580662878994207210e-01,5.058466418373400164e-02,-6.639996548757039381e-03,2.819682432223097890e-01,3.040240208730212723e-01,-2.140342230398924461e-01,6.245889146372059914e-02,2.016782827209293028e-01,7.768671592453260666e-02,5.880723759278692897e-02,2.294672581607528489e-02,-3.051303081571541537e-02,-1.181431627494636608e-02
2.850000000000000089e+00,2.508179251828360101e+00,1.132983617558660061e+00,2.406429549856505812e+00,9.564986801859159948e-01,4.847259880382516484e-02,-9.189863695420895720e-03,2.875347428973821229e-01,2.807992330490062804e-01,-2.364602684522994214e-01,6.125274838055651261e-02,1.994200610866562196e-01,9.080651965111077861e-02,5.518615735956029777e-02,2.248574940398286037e-02,-3.045165393563721221e-02,-1.207101611444201007e-02
2.900000000000000355e+00,2.539804413365952307e+00,1.109079792948624466e+00,2.410927884247281217e+00,9.551236811468750698e-01,4.617702431644785804e-02,-1.165396122668087633e-02,2.923535895545796293e-01,2.592512328345545347e-01,-2.604025833745685636e-01,6.112361854164358871e-02,1.999056534484138226e-01,1.043285585150695027e-01,5.149064528446323230e-02,2.200789623736786743e-02,-3.045369739682894650e-02,-1.214669637925532703e-02
2.950000000000000178e+00,2.570501430223328221e+00,1.083135967327373494e+00,2.416851807849703881e+00,9.538800908419839963e-01,4.382156122610719740e-02,-1.395609968898100031e-02,2.966440128309790758e-01,2.392782887594454011e-01,-2.816718674147526413e-01,6.326466081096422667e-02,1.980738699624690624e-01,1.174607335653889556e-01,4.739952663026202051e-02,2.152536527870353017e-02,-3.049064531569735392e-02,-1.212993726170322195e-02
3.000000000000000000e+00,2.600278406962138966e+00,1.053994751693780207e+00,2.422384808616524499e+00,9.526751242367357264e-01,4.164177126284292901e-02,-1.626606423930204021e-02,3.006850273970687604e-01,2.175306677719561210e-01,-3.043745022660140909e-01,6.375736541249744926e-02,1.992719851830789535e-01,1.269006249650863338e-01,4.417601654974693398e-02,2.097577128032767496e-02,-3.050622932186966910e-02,-1.205548777817298106e-02
3.050000000000000266e+00,2.625560729005306904e+00,1.022789863004959887e+00,2.426852625801376728e+00,9.514254505167176745e-01,3.897605363731038858e-02,-1.862008948353424329e-02,3.048340066651806790e-01,1.953150080077757089e-01,-3.268650204518392943e-01,6.574629326397454787e-02,1.987454921907161054e-01,1.387924874854937207e-01,4.041873870048686562e-02,2.044302517916546033e-02,-3.042193908645993150e-02,-1.205621369237510135e-02
3.100000000000000089e+00,2.650918848590889443e+00,9.902020767807797608e-01,2.431345168235908627e+00,9.501886455027060974e-01,3.657522421434665494e-02,-2.078462710596700250e-02,3.088232345654532973e-01,1.707830861735199213e-01,-3.476345535915534857e-01,6.675169660153623674e-02,1.998192211739573398e-01,1.508925548066963607e-01,3.684431444204944867e-02,1.985971249337475930e-02,-3.035012098965767652e-02,-1.198801283521230311e-02
3.150000000000000355e+00,2.679575776032998125e+00,9.603570427197121173e-01,2.436194402682183124e+00,9.488367609962821136e-01,3.475528010496053283e-02,-2.288129481472156793e-02,3.130132869935580708e-01,1.481771205691526649e-01,-3.715363868936134573e-01,6.812016126978012731e-02,2.076428281164726386e-01,1.530870438005201284e-01,3.549034795027836142e-02,1.929440653879292700e-02,-3.030623246846040481e-02,-1.189004113633738459e-02
3.200000000000000178e+00,2.701447693099042979e+00,9.289910371760734531e-01,2.441949021820235544e+00,9.473596323781227069e-01,3.266348392060643147e-02,-2.519362687187400376e-02,3.175029211260853579e-01,1.220760914958443771e-01,-3.933904902564898665e-01,6.881958525751850908e-02,2.095273227555143336e-01,1.538325058469428575e-01,3.354810984628170401e-02,1.871837203433510122e-02,-3.016286153009200763e-02,-1.184214079808354469e-02
3.250000000000000000e+00,2.725246064904009557e+00,8.971089402567372639e-01,2.446730235186539648e+00,9.459370214003149924e-01,3.066986248129599177e-02,-2.745473020791555641e-02,3.217277558260849268e-01,9.384441691280065445e-02,-4.164310581815393042e-01,6.881831921578297762e-02,2.140902501563403670e-01,1.550380769894338928e-01,3.229396735929040974e-02,1.815298163648412788e-02,-3.000007641176503925e-02,-1.178981033010279011e-02
3.300000000000000266e+00,2.746911658614704432e+00,8.681890495585214973e-01,2.452743389893081272e+00,9.443392860265800159e-01,2.874325973645727034e-02,-2.983506530015091890e-02,3.263541125297295675e-01,6.584780950194372984e-02,-4.376482179078409196e-01,6.672622135984566938e-02,2.188192825064335101e-01,1.495520051223244995e-01,3.233581245932331399e-02,1.762128234061662718e-02,-2.989963619824516361e-02,-1.169002378996116670e-02
3.350000000000000089e+00,2.763437490727753687e+00,8.393166309498446553e-01,2.458152612385391844e+00,9.425062496245218968e-01,2.685821771092103405e-02,-3.223322690973702553e-02,3.315443026853220343e-01,3.537409156232004109e-02,-4.593615245107053324e-01,6.581227656572791185e-02,2.208822130403648165e-01,1.464559326769491743e-01,3.193298456833650739e-02,1.712245709904173033e-02,-2.973197859163701634e-02,-1.161062726834980949e-02
3.400000000000000355e+00,2.773440152398725544e+00,8.089071268067919984e-01,2.463640910597153955e+00,9.406370771790066865e-01,2.441225672665152391e-02,-3.441691515661919609e-02,3.367809476629424204e-01,3.599846779990003871e-03,-4.795344253966510872e-01,6.547609650738937803e-02,2.190047678909046447e-01,1.462342029705206159e-01,3.060473427960903187e-02,1.663182751787423488e-02,-2.952382050979194400e-02,-1.154408937569806337e-02
3.450000000000000178e+00,2.783075737585124720e+00,7.781801557712687556e-01,2.468621485080786826e+00,9.385214563903342411e-01,2.202321791437953855e-02,-3.694373664216377834e-02,3.425311870334962761e-01,-2.565123152090951347e-02,-4.978600028511860343e-01,6.604364510572072189e-02,2.180056262992812466e-01,1.502085499395086621e-01,2.836813045814696316e-02,1.611766511699016038e-02,-2.926498815667521319e-02,-1.150869449331774069e-02
3.500000000000000000e+00,2.793321453417068057e+00,7.484081087674142596e-01,2.472575034538178507e+00,9.361686989196115194e-01,1.975295699798059954e-02,-3.912111904552539876e-02,3.488087239413936724e-01,-5.450152108099777515e-02,-5.169553666129810265e-01,6.598638971510971396e-02,2.218057382611852146e-01,1.533215684961900804e-01,2.661332730733396990e-02,1.567778761357533149e-02,-2.901102253641263048e-02,-1.152015769959027248e-02
3.550000000000000266e+00,2.796986107152688028e+00,7.140118601982506918e-01,2.474469604656980515e+00,9.337983470439799039e-01,1.709283680638875105e-02,-4.092630922524721077e-02,3.550401656165684816e-01,-7.759324571903175594e-02,-5.340764051843650551e-01,6.795042931302354428e-02,2.249664994421768371e-01,1.668489137580186354e-01,2.317409544304157784e-02,1.514397148282287109e-02,-2.871301964232784998e-02,-1.147858724659447938e-02
3.600000000000000089e+00,2.799175443685342657e+00,6.762884208908490624e-01,2.475924409876903542e+00,9.315219588120307037e-01,1.416035605726544654e-02,-4.264397487629246336e-02,3.608986228486875669e-01,-1.013616937016206115e-01,-5.511145960755968742e-01,6.596334351607051338e-02,2.299191900363878882e-01,1.782809006543924490e-01,2.027963666199249920e-02,1.466345624965191899e-02,-2.845426963842084128e-02,-1.143904347002124011e-02
3.650000000000000355e+00,2.795468260007190064e+00,6.345848433471590333e-01,2.474641931116849491e+00,9.291774429744317221e-01,1.078547542591110249e-02,-4.420165008255320244e-02,3.668230733164331570e-01,-1.216251370825171679e-01,-5.654159310252261372e-01,6.877243854834209913e-02,2.360332090713911091e-01,1.975641346654859742e-01,1.626802707232893191e-02,1.415321601406198219e-02,-2.811172891611859320e-02,-1.134759796267436477e-02
3.700000000000000178e+00,2.793931202731150254e+00,5.901634677628795345e-01,2.473692808090859785e+00,9.269728077098617902e-01,7.596340940361882149e-03,-4.560324146374313686e-02,3.722687923245955877e-01,-1.406528310309088370e-01,-5.791519885458822348e-01,7.060332234420507724e-02,2.441532124662855741e-01,2.126931938979432779e-01,1.302962891025505679e-02,1.369579722728293467e-02,-2.778235169279405503e-02,-1.131241860129839072e-02
3.750000000000000000e+00,2.791753666069409778e+00,5.431545384669445031e-01,2.473091235383245490e+00,9.248788590434466883e-01,4.492976089231590087e-03,-4.698515991517716178e-02,3.773212212533227916e-01,-1.614932183165449786e-01,-5.913978638211794259e-01,7.306752021408972897e-02,2.519732670638338834e-01,2.260466915312142888e-01,1.006783178026759290e-02,1.323045370964434468e-02,-2.745649049704089462e-02,-1.132354651685308147e-02
3.800000000000000266e+00,2.788202544407678118e+00,4.935830809386448359e-01,2.472532955928271825e+00,9.229132554664276622e-01,1.150261588672307810e-03,-4.828781307215493368e-02,3.819660808126117413e-01,-1.840888215516280901e-01,-6.020811410934839847e-01,7.582395043693884729e-02,2.597174222891642792e-01,2.396424616473959157e-01,7.047987657545654559e-03,1.275198104248730958e-02,-2.712777337927171559e-02,-1.134721856265149230e-02
3.850000000000000089e+00,2.780042320921900068e+00,4.447454015446270503e-01,2.473582190109319789e+00,9.209159039144773073e-01,-2.111581503084740928e-03,-4.974025939063387441e-02,3.865686817846079593e-01,-2.054252000788231447e-01,-6.074835082771047334e-01,7.970797553371510025e-02,2.626628426077435297e-01,2.532404428005190500e-01,3.655733074080273152e-03,1.224646193098747823e-02,-2.681396682563718173e-02,-1.136694305701905876e-02
3.900000000000000355e+00,2.771928695820958133e+00,3.966498485522949036e-01,2.475580794798098339e+00,9.188008353041134946e-01,-5.120792730760145850e-03,-5.113183259349415866e-02,3.913621573707695145e-01,-2.284505519729975731e-01,-6.115928828311210097e-01,8.332141185732705457e-02,2.648050333076121809e-01,2.646886645451235198e-01,6.621427000095374271e-04,1.173643820185802170e-02,-2.652064255997229822e-02,-1.140295940109255571e-02
3.950000000000000178e+00,2.768946685441956213e+00,3.524805371062824100e-01,2.480209240834887474e+00,9.166424120229840211e-01,-8.225443643688759229e-03,-5.271052472020184426e-02,3.961320879975157028e-01,-2.543541541072623091e-01,-6.178428244612163001e-01,8.638219115126913317e-02,2.664468725978405006e-01,2.697495088083023407e-01,-1.503047320375661307e-03,1.121727997246767423e-02,-2.621895251383667483e-02,-1.145781967804371769e-02
4.000000000000000000e+00,2.762152408039503459e+00,3.087448037431947401e-01,2.484541357544976847e+00,9.143838879284634791e-01,-1.123988037604260748e-02,-5.425100796549808813e-02,4.010393979656946550e-01,-2.792756797842314009e-01,-6.222094004633901276e-01,8.980425673564942923e-02,2.668155104389025034e-01,2.773331164488077594e-01,-4.089273419275467683e-03,1.072240414224405643e-02,-2.587664117398126573e-02,-1.151158639908277277e-02
4.049999999999999822e+00,2.762515558585818543e+00,2.668097537782380124e-01,2.491384115497609297e+00,9.119551015090054946e-01,-1.367429720690993035e-02,-5.578761297823493087e-02,4.062494906652648896e-01,-3.054563286816516787e-01,-6.329186441510799011e-01,9.114332530206163685e-02,2.697093543318608289e-01,2.758746300574975718e-01,-5.225729651359801303e-03,1.020903005691213040e-02,-2.558633758655291801e-02,-1.154805617998702627e-02
4.100000000000000533e+00,2.766254246501385516e+00,2.246191713600332318e-01,2.499770339802535712e+00,9.094575064639719431e-01,-1.570183146635438162e-02,-5.736334209358463776e-02,4.115214981125419058e-01,-3.325824769835977190e-01,-6.465424760288158712e-01,9.174846160898569858e-02,2.734641750246860625e-01,2.713449868431952461e-01,-6.054072342574717477e-03,9.636048519718469138e-03,-2.529062662227582817e-02,-1.157478915678534538e-02
4.150000000000000355e+00,2.763225863109882940e+00,1.817136309046726572e-01,2.506425907830094779e+00,9.069310959049874388e-01,-1.815140373804574603e-02,-5.871061383732877753e-02,4.167728129877968368e-01,-3.618072833874496075e-01,-6.545537142771651329e-01,9.288426134246531574e-02,2.761581300906890135e-01,2.703525599548813885e-01,-7.146753900730231333e-03,9.148397034542132128e-03,-2.496778767906042765e-02,-1.161380625458748213e-02
4.200000000000000178e+00,2.761890119470659766e+00,1.350279728516049493e-01,2.512891523912423430e+00,9.043555394210319731e-01,-2.063017964106218100e-02,-5.986360158008550286e-02,4.220566350767779862e-01,-3.876733787289660116e-01,-6.651930820554823320e-01,9.472925369811757701e-02,2.828009424977228625e-01,2.675306867300608071e-01,-7.843065334954404250e-03,8.649290135376243652e-03,-2.466774947205774629e-02,-1.165296295875440334e-02
4.250000000000000000e+00,2.755868864379521277e+00,9.084444350975469373e-02,2.518872852594271627e+00,9.017467278233654016e-01,-2.309226608071348122e-02,-6.109607160798902897e-02,4.273018325975006526e-01,-4.141693493273043147e-01,-6.715737831310603090e-01,9.393593585683530922e-02,2.869243059479275049e-01,2.665442298217846617e-01,-8.675690361997218450e-03,8.246000228213007377e-03,-2.434453648557344252e-02,-1.168566684044221315e-02
4.299999999999999822e+00,2.752427500174240649e+00,4.452969110418872334e-02,2.526028649114965496e+00,8.990997863641031485e-01,-2.536278292574387777e-02,-6.231593310060015017e-02,4.325425156953788819e-01,-4.428849795179002902e-01,-6.847326487150803276e-01,9.513583259515046020e-02,2.925162106335095769e-01,2.621496274099078816e-01,-9.141179925055387470e-03,7.793735159021766661e-03,-2.402208895198602520e-02,-1.171020156379748087e-02
4.350000000000000533e+00,2.749999540142733068e+00,-3.885786916772550684e-03,2.533253260731773260e+00,8.963299771595872878e-01,-2.752274735799938726e-02,-6.334106656278000458e-02,4.379760035774231119e-01,-4.716190889226771765e-01,-6.965866331450936144e-01,9.485338100794998839e-02,2.988535112280240602e-01,2.566219177368651017e-01,-9.476393808402866839e-03,7.339851427979316584e-03,-2.364334205702489297e-02,-1.178080776574590843e-02
4.400000000000000355e+00,2.746073002291363530e+00,-5.576385890714729426e-02,2.539821343538284371e+00,8.937478771128586352e-01,-2.960101476706980886e-02,-6.425263635490709169e-02,4.429561048258192635e-01,-5.011465368574131718e-01,-7.084547229790276734e-01,9.594328306095314951e-02,3.061793019859702092e-01,2.507694464357879127e-01,-9.681882319395823319e-03,6.892631806920778217e-03,-2.324133422987238740e-02,-1.187286977192023550e-02
4.450000000000000178e+00,2.739429524855716558e+00,-1.124065793507086353e-01,2.545245482415227745e+00,8.914455897576349930e-01,-3.169451106079544667e-02,-6.488778159438468585e-02,4.473363323831844873e-01,-5.298988326138271976e-01,-7.182599938540995543e-01,9.368694701484392429e-02,3.145727098384414888e-01,2.461557368304405913e-01,-1.002289899136481026e-02,6.428428225065679555e-03,-2.280467409804655052e-02,-1.197992001629777023e-02
4.500000000000000000e+00,2.728097947661906275e+00,-1.685858385576476659e-01,2.550052113813500831e+00,8.891446472903322684e-01,-3.403520774520157194e-02,-6.561907107321927890e-02,4.516165833316789224e-01,-5.587794295436294689e-01,-7.228253598598046725e-01,9.416940616857809310e-02,3.215555255701153525e-01,2.429039887090607419e-01,-1.044419884788513886e-02,5.996196845765291647e-03,-2.237646888817707361e-02,-1.208572356738142096e-02
4.549999999999999822e+00,2.714005651723020218e+00,-2.243351429141396125e-01,2.555637517580761742e+00,8.868073460523843154e-01,-3.656060672911349424e-02,-6.612681214221510784e-02,4.559202756393205269e-01,-5.864536125324815163e-01,-7.236216536329136417e-01,9.458743109183673226e-02,3.269703369637881885e-01,2.416801998715109312e-01,-1.131921558291298230e-02,5.550600010914204588e-03,-2.197457108511641569e-02,-1.219140134173739461e-02
4.600000000000000533e+00,2.698521269786251953e+00,-2.785902797072039028e-01,2.561744340028647926e+00,8.841937815052079985e-01,-3.875887861926809175e-02,-6.692345544037785199e-02,4.606738077942103549e-01,-6.137926301792909767e-01,-7.236650713884044128e-01,9.349422853203723238e-02,3.312035256589585530e-01,2.392748855430173183e-01,-1.200804321325915462e-02,5.101563775285292493e-03,-2.155743532460406564e-02,-1.228162463976250479e-02
4.650000000000000355e+00,2.681236386840738728e+00,-3.329159445809136697e-01,2.567819249972216777e+00,8.815330325955655910e-01,-4.087568925498256955e-02,-6.736530838067367188e-02,4.655003820595342012e-01,-6.425102423982012034e-01,-7.262207645768828934e-01,9.473726670754160917e-02,3.350278898089099067e-01,2.364134656681238233e-01,-1.258268676228579269e-02,4.658112555937479055e-03,-2.112405448835507488e-02,-1.237522338179647755e-02
4.700000000000000178e+00,2.665319839731244755e+00,-3.884273463530071302e-01,2.575367613836745395e+00,8.786563992634238707e-01,-4.309163253939037735e-02,-6.789135496303869144e-02,4.706344729828102480e-01,-6.718847034795352169e-01,-7.330346022161342567e-01,9.447084360030121031e-02,3.386383500873433872e-01,2.324347959005836350e-01,-1.324449971441056875e-02,4.186969320057717762e-03,-2.066502111107028361e-02,-1.248540980239718108e-02
4.750000000000000000e+00,2.644948567710907916e+00,-4.428126599282322662e-01,2.582322500106958074e+00,8.759215554731596409e-01,-4.507130319684621300e-02,-6.844347101676002965e-02,4.754424229712746475e-01,-6.987748334938106431e-01,-7.339176263430784442e-01,9.327706921991663069e-02,3.408847647147031923e-01,2.308820765669611086e-01,-1.415418151322781620e-02,3.719584715908219163e-03,-2.019647426361528483e-02,-1.257604098389277468e-02
4.800000000000000711e+00,2.624392746232574236e+00,-4.957003761648016704e-01,2.591243350578993354e+00,8.728032477328689920e-01,-4.708618986019223740e-02,-6.877577302934699544e-02,4.809025623924475523e-01,-7.286188309520063022e-01,-7.377715426419639844e-01,9.565874804438853629e-02,3.407649837120586556e-01,2.288801775569731245e-01,-1.521538447233358564e-02,3.199178634747332391e-03,-1.972387061070127873e-02,-1.267936888729007464e-02
4.850000000000000533e+00,2.600195711326691583e+00,-5.475995545443388401e-01,2.599745992554202800e+00,8.696772693926185793e-01,-4.911188396601406242e-02,-6.901904776901693350e-02,4.862980989065922577e-01,-7.531511522622614807e-01,-7.327653897121058080e-01,9.769775213741213604e-02,3.401331018858599897e-01,2.298321036482205704e-01,-1.662201893663596206e-02,2.700197141176020194e-03,-1.927048514914011038e-02,-1.280923372121043485e-02
4.900000000000000355e+00,2.575373916882091496e+00,-6.006769330676604568e-01,2.609023715811265465e+00,8.665901539623322991e-01,-5.132253106017443250e-02,-6.941536324978520023e-02,4.914967041659781821e-01,-7.795035782012404990e-01,-7.291032443887016656e-01,9.973740949451989635e-02,3.394057103100616146e-01,2.293176457252105449e-01,-1.787211986147746456e-02,2.190982699687140430e-03,-1.881395132110852408e-02,-1.294150864400556503e-02
4.950000000000000178e+00,2.548124895687271518e+00,-6.560336690215473610e-01,2.617637936408494514e+00,8.635632399578916374e-01,-5.321504404693285645e-02,-6.951164174609714141e-02,4.965831464541203277e-01,-8.074531936460098702e-01,-7.247448405314883546e-01,1.011789848056233176e-01,3.395626741466619691e-01,2.274097221654520218e-01,-1.881908632540438969e-02,1.694997179853452180e-03,-1.834840494254242824e-02,-1.307121685749175651e-02
5.000000000000000000e+00,2.518253885108636680e+00,-7.115106144519730558e-01,2.625341228137389127e+00,8.605439375759457166e-01,-5.506186837654204747e-02,-6.933156742425995722e-02,5.016228223582601675e-01,-8.333538050057476276e-01,-7.179247173628416911e-01,1.026534392150964536e-01,3.400285488662186939e-01,2.282608390977912682e-01,-2.008787738837535669e-02,1.202990833210216453e-03,-1.784899964312234438e-02,-1.323186412308698448e-02
5.050000000000000711e+00,2.484364991829794089e+00,-7.648868383317487529e-01,2.631934650509506479e+00,8.575815383568797801e-01,-5.714957394418096470e-02,-6.911589401716791703e-02,5.064689768008043824e-01,-8.555267076416960270e-01,-7.063334635890826663e-01,1.029061793094136756e-01,3.403724449082908832e-01,2.296548702773602291e-01,-2.120318329838348503e-02,7.516990235654232543e-04,-1.737916310054360772e-02,-1.337718063515490677e-02
5.100000000000000533e+00,2.448517012747352339e+00,-8.190565216175419438e-01,2.638483874526209139e+00,8.548517839831346610e-01,-5.906245257555654826e-02,-6.880895332834975620e-02,5.108868583732303348e-01,-8.751432660727002100e-01,-6.913142029909588038e-01,1.046099638810624177e-01,3.406469528220104070e-01,2.323308319686493706e-01,-2.253294039183166564e-02,2.354423121601124155e-04,-1.688352057654424546e-02,-1.345874827979312051e-02
5.150000000000000355e+00,2.411706153079371528e+00,-8.683110964043027069e-01,2.645812220135400850e+00,8.514993164362933964e-01,-6.102255520634890240e-02,-6.818779552684073320e-02,5.163095838794810044e-01,-8.960299425438764676e-01,-6.762648763358444226e-01,1.093310309149600201e-01,3.394161966661212171e-01,2.362558054520977335e-01,-2.405215880864360056e-02,-2.338369838060386035e-04,-1.637962267271193817e-02,-1.359585573364653112e-02
5.200000000000000178e+00,2.376752274303733259e+00,-9.235887982999647638e-01,2.655023440756867359e+00,8.482863042491166627e-01,-6.265998862252269985e-02,-6.737838958972809655e-02,5.214827173219600542e-01,-9.078148510271965010e-01,-6.629639999797760641e-01,1.116727034185003159e-01,3.383205912587713970e-01,2.413191753786992633e-01,-2.613832610325653172e-02,-8.926010694638979864e-04,-1.586939928600741151e-02,-1.385379621138277395e-02
5.250000000000000000e+00,2.339193511367413159e+00,-9.735648343648122260e-01,2.663936112450426386e+00,8.449916239614232438e-01,-6.436563931667139971e-02,-6.654458596107218349e-02,5.267048869999805261e-01,-9.177332651683733911e-01,-6.442384688196167719e-01,1.192466925785364840e-01,3.362937270893278097e-01,2.475920896138656402e-01,-2.819458468838900375e-02,-1.505961147213077554e-03,-1.537516349244803619e-02,-1.406041814620558050e-02
5.300000000000000711e+00,2.300203774213052554e+00,-1.022436723250377266e+00,2.673052533719565194e+00,8.419066952275164883e-01,-6.603526251178531981e-02,-6.553389344176294151e-02,5.315428199556880839e-01,-9.248766325916434328e-01,-6.214484198101112300e-01,1.265609794044902092e-01,3.341642451259642654e-01,2.545221484617976038e-01,-3.033229466058479443e-02,-2.153132391473782520e-03,-1.485875310940913338e-02,-1.421417359221688846e-02
5.350000000000000533e+00,2.259015244703501679e+00,-1.068392523340649269e+00,2.682149468889707400e+00,8.388352879970302212e-01,-6.760901961743139010e-02,-6.437624434315358801e-02,5.363208733972414377e-01,-9.305492100257108934e-01,-5.937669697326266594e-01,1.331218320991678639e-01,3.318164941941044721e-01,2.606285234629929226e-01,-3.223585299058222275e-02,-2.781551233699217258e-03,-1.439331441989743707e-02,-1.431672908220900375e-02
5.400000000000000355e+00,2.215906511702078863e+00,-1.108485114905223501e+00,2.691572277531842694e+00,8.356670319909575984e-01,-6.911628916978437842e-02,-6.306404689533777475e-02,5.412083482393867939e-01,-9.324364257466113415e-01,-5.637213862912127116e-01,1.383359172708521490e-01,3.275582850828696047e-01,2.679406235313322449e-01,-3.420006010544213160e-02,-3.445896809187891548e-03,-1.391966773201167018e-02,-1.435160045347828699e-02
5.450000000000000178e+00,2.171705719014572544e+00,-1.139869042466447047e+00,2.701915663644720134e+00,8.325228743172623513e-01,-7.058085150490429893e-02,-6.145082517092623209e-02,5.460291230558849129e-01,-9.279515967002669452e-01,-5.259929878544742365e-01,1.452061896226150561e-01,3.206362925377060913e-01,2.788814261394110816e-01,-3.663390016306703606e-02,-4.220003423336844695e-03,-1.343300996827095743e-02,-1.425759834363185541e-02
5.500000000000000000e+00,2.124006112389003054e+00,-1.161298439890648293e+00,2.712840783448677406e+00,8.292691750933235406e-01,-7.188582383824888844e-02,-5.993159456850642025e-02,5.509566839086456058e-01,-9.164048210396894545e-01,-4.824660532189900541e-01,1.512482101683915447e-01,3.103034284214100103e-01,2.911081962342377261e-01,-3.912670275553906118e-02,-5.128522519552585791e-03,-1.296618934045164206e-02,-1.394587605615314058e-02
5.550000000000000711e+00,2.072438208331605303e+00,-1.170652119747592090e+00,2.723726041495710071e+00,8.254942018691725503e-01,-7.292156679140501807e-02,-5.842716263014648831e-02,5.566219852323969208e-01,-9.047555601375915080e-01,-4.365783941695886572e-01,1.588296845158670423e-01,2.975481800526573184e-01,3.040241538459492743e-01,-4.146980622385337822e-02,-5.988634122266089238e-03,-1.251481149929268948e-02,-1.342299468862279653e-02
5.600000000000000533e+00,2.018737864576348517e+00,-1.202099959139723451e+00,2.734626069702494444e+00,8.213169260076712552e-01,-7.328076741847132369e-02,-5.737752260932110770e-02,5.628287981962953879e-01,-9.075437667933259345e-01,-4.162446468842176950e-01,1.654007909149566857e-01,2.883967968879028176e-01,3.080811181662506670e-01,-4.294264747523683645e-02,-6.849886458105926799e-03,-1.193256356907381605e-02,-1.312198160382499305e-02
5.650000000000000355e+00,1.964417917134869684e+00,-1.230157248808365855e+00,2.744345527476669488e+00,8.172493184750554418e-01,-7.376110816908484913e-02,-5.605603058705022762e-02,5.687886881861747845e-01,-9.130926532155687614e-01,-3.899150127891206630e-01,1.687644781534168581e-01,2.808997125894747149e-01,3.115794597509601305e-01,-4.410990903470409646e-02,-7.510156202487737985e-03,-1.138786939953141501e-02,-1.283679232415469926e-02
5.700000000000000178e+00,1.909075145435975784e+00,-1.254104736008743837e+00,2.753715058060795418e+00,8.132497587713052312e-01,-7.465629813381804980e-02,-5.470750542058741561e-02,5.745070546634084563e-01,-9.201470621008547290e-01,-3.593271119124384905e-01,1.735142281524601482e-01,2.745922758210376791e-01,3.145627196755276245e-01,-4.498494057154766440e-02,-8.000946895575221721e-03,-1.090119873093150886e-02,-1.247992333262240572e-02
5.750000000000000000e+00,1.852379749250287810e+00,-1.275818887478840979e+00,2.763399058515730644e+00,8.092828073699207536e-01,-7.556793378220778845e-02,-5.327113806465461759e-02,5.800974150335820312e-01,-9.290672854066305275e-01,-3.261218342424785366e-01,1.771770915892540155e-01,2.692493827802171502e-01,3.178217498938772367e-01,-4.588132558378876791e-02,-8.389626843151641242e-03,-1.042971062899366967e-02,-1.208400977993953976e-02
5.800000000000000711e+00,1.791558836986167913e+00,-1.301426079145761694e+00,2.772411680833006375e+00,8.052069500045061501e-01,-7.641025304891996273e-02,-5.214619778347116819e-02,5.857337406622294962e-01,-9.445351203303786747e-01,-2.987011281561996467e-01,1.764977661246752150e-01,2.651899796852482671e-01,3.184600087173615202e-01,-4.641054986565504997e-02,-8.696778968011738969e-03,-9.956133688727327596e-03,-1.168169049495478701e-02
5.850000000000000533e+00,1.729692049889035577e+00,-1.327029571724672508e+00,2.781589689404567967e+00,8.015181317141495398e-01,-7.740341452677761136e-02,-5.047795769989282116e-02,5.907870781758033374e-01,-9.596815386812111992e-01,-2.675205266197731024e-01,1.784382185416459321e-01,2.611016576224581276e-01,3.178811307681080889e-01,-4.675788794586372560e-02,-8.998959452263940659e-03,-9.499763173986281589e-03,-1.129595496611430182e-02
5.900000000000000355e+00,1.664357368973428786e+00,-1.351052104295670464e+00,2.791373928279252681e+00,7.979147671142156062e-01,-7.816430495564108405e-02,-4.901474316577404677e-02,5.956676261173353693e-01,-9.773548545719449310e-01,-2.365788884627113009e-01,1.804356937052502274e-01,2.559138789654349377e-01,3.162589803272669586e-01,-4.691753688784960907e-02,-9.281882589011686627e-03,-9.063611297770834963e-03,-1.086877959025219290e-02
5.950000000000000178e+00,1.594669262264465814e+00,-1.374225382314011146e+00,2.800335937980419132e+00,7.941517631463713700e-01,-7.895444022180558852e-02,-4.726436999601885125e-02,6.007122878630422047e-01,-9.975932834553542516e-01,-2.086197042630392740e-01,1.813591820618646877e-01,2.517240649379255957e-01,3.149611460777889671e-01,-4.707429069394231114e-02,-9.482923126126054786e-03,-8.581958696137256121e-03,-1.037189437153969614e-02
6.000000000000000000e+00,1.516508317311970444e+00,-1.398795758168589698e+00,2.808455513808015613e+00,7.904473742107579470e-01,-7.939828056209474738e-02,-4.601562901211189716e-02,6.056165647781776018e-01,-1.024626408548550582e+00,-1.819912681781571950e-01,1.802917473316924812e-01,2.466228635841064831e-01,3.108711249563182455e-01,-4.678152055829658262e-02,-9.672388466306169538e-03,-8.081805746476844812e-03,-9.759850314865089332e-03
6.050000000000000711e+00,1.434768770802789861e+00,-1.423046390201661238e+00,2.816029847830574973e+00,7.870517627843143238e-01,-7.999958529707808241e-02,-4.435031764285183448e-02,6.100677326128444156e-01,-1.053781902614429722e+00,-1.555997603675797480e-01,1.777103905777153436e-01,2.417227590135331561e-01,3.066369352738130827e-01,-4.642590728189326804e-02,-9.819563513304851651e-03,-7.565135237085639057e-03,-9.146861681491277526e-03
6.100000000000000533e+00,1.349528693510193555e+00,-1.447252655456227943e+00,2.822977128045299544e+00,7.838767476848003124e-01,-8.052994715327899122e-02,-4.270351454629651988e-02,6.141893697354131598e-01,-1.083025853485008128e+00,-1.270095380943005448e-01,1.762663886667505952e-01,2.369575746101006408e-01,3.011628564508414541e-01,-4.589852426463816165e-02,-9.959690567168520692e-03,-7.063706260582348559e-03,-8.543513957764347841e-03
6.150000000000000355e+00,1.263086099207295421e+00,-1.469512691072379473e+00,2.828894158316475949e+00,7.806229717695927217e-01,-8.093119602979212401e-02,-4.085702796187684616e-02,6.183919636613329773e-01,-1.111401871395753638e+00,-9.556342531793761419e-02,1.716068184350968417e-01,2.330938811274140265e-01,2.954981239770976820e-01,-4.531649083799414029e-02,-1.007994751690485802e-02,-6.593338102272712671e-03,-7.978256819970833830e-03
6.200000000000000178e+00,1.178292125693780834e+00,-1.488882689639008827e+00,2.834135184099697113e+00,7.771237240194771578e-01,-8.132362791570357796e-02,-3.874353670517141635e-02,6.228676612831192116e-01,-1.131280964831014479e+00,-6.179135237539177400e-02,1.688037851962606029e-01,2.305366183819497206e-01,2.909220846822320738e-01,-4.487551636341522571e-02,-1.017408749616604581e-02,-6.161635829418958370e-03,-7.496625559016526462e-03
6.250000000000000000e+00,1.087993479598327706e+00,-1.511349460599101135e+00,2.838337299015862403e+00,7.738970863839989001e-01,-8.150289843850651306e-02,-3.660473998282254282e-02,6.269774080804425553e-01,-1.153179962411447379e+00,-3.116793822991267837e-02,1.660375984490254642e-01,2.278337015670113819e-01,2.858836430611433888e-01,-4.440566107570100701e-02,-1.028525353950433992e-02,-5.634325751706118282e-03,-7.029450290840356594e-03
6.300000000000000711e+00,9.723517234102527773e-01,-1.559672136187169933e+00,2.830444486769549961e+00,7.711542998730298581e-01,-8.126483624012385831e-02,-3.505369563594154525e-02,6.304667402809335242e-01,-1.200208943666165595e+00,-2.108473985760447866e-02,1.542033084813700106e-01,2.306532730929616581e-01,2.695005449333167102e-01,-4.226955346651956741e-02,-1.015595034525444695e-02,-4.858788248001711350e-03,-6.679086317525530052e-03
6.350000000000000533e+00,8.513197617252721283e-01,-1.615544428842757396e+00,2.827546459999700001e+00,7.693247371117213351e-01,-8.065657810952799045e-02,-3.369705624940176614e-02,6.328494873789242137e-01,-1.252967806538451967e+00,-1.735191170435540498e-02,1.445222752514790376e-01,2.292962537327079275e-01,2.538424969496403394e-01,-4.069992527387721742e-02,-1.017797880694050645e-02,-3.974295636401129796e-03,-6.408247946053464462e-03
6.400000000000000355e+00,7.392423186727790085e-01,-1.660199230985842878e+00,2.824083177845609249e+00,7.678890861519263034e-01,-7.996358929624730605e-02,-3.160073547571219665e-02,6.347862390387921661e-01,-1.287621393814787796e+00,-1.869279125734417402e-03,1.366816078540528112e-01,2.284993643567976573e-01,2.404670681539302912e-01,-3.940739907810029280e-02,-1.027357061560379634e-02,-3.171848975115164511e-03,-6.154069323468631947e-03
6.450000000000000178e+00,6.315400631568290901e-01,-1.695796867108418260e+00,2.820823934101628794e+00,7.664804974388501613e-01,-7.920664230811448603e-02,-2.911259646217949706e-02,6.366996243028555380e-01,-1.309307625771278127e+00,1.982933988452707796e-02,1.314884478435636994e-01,2.282600769766337245e-01,2.296949813750730762e-01,-3.843925177580044539e-02,-1.035310356376082860e-02,-2.438602053196270523e-03,-5.866247557459355368e-03
6.500000000000000000e+00,5.263256975801471338e-01,-1.725242805401785207e+00,2.818002591859163353e+00,7.646172354149108896e-01,-7.866047163615656757e-02,-2.653754258778601854e-02,6.391156173509122684e-01,-1.327860335522774493e+00,4.371442630794652312e-02,1.257694425952064210e-01,2.278062277345215547e-01,2.197347433351775903e-01,-3.753556744444522253e-02,-1.042027391265711381e-02,-1.808889635353483957e-03,-5.589145850744234832e-03
6.550000000000000711e+00,4.221316099173604841e-01,-1.750485000459143015e+00,2.814628300197680399e+00,7.623729983988806191e-01,-7.815143996631437884e-02,-2.353652329157645412e-02,6.419702452721909314e-01,-1.341795968188125965e+00,6.946387279334380327e-02,1.205114885991861451e-01,2.281655962137478511e-01,2.113180396741027312e-01,-3.679568083324545602e-02,-1.046210597466947986e-02,-1.206443457614116274e-03,-5.306919450832389001e-03
6.600000000000000533e+00,3.198386055252896987e-01,-1.772114621522455469e+00,2.811294290374418026e+00,7.598607242712017706e-01,-7.732392132584364752e-02,-2.064900248522113027e-02,6.451405347652591216e-01,-1.352819244052831271e+00,9.626006584560167778e-02,1.145727245565494046e-01,2.282404082692945646e-01,2.032883305540712782e-01,-3.606949876811678390e-02,-1.051434660587363505e-02,-6.659721993303125906e-04,-5.061446194552727922e-03
6.650000000000000355e+00,2.187119919301967474e-01,-1.790127966947261395e+00,2.807686111377396099e+00,7.572170163659608377e-01,-7.682481157709679376e-02,-1.784162219744646338e-02,6.483841569388778536e-01,-1.361901944702144096e+00,1.263007138977867982e-01,1.101268045074795809e-01,2.280166231507131380e-01,1.953543505114224144e-01,-3.531813653969158306e-02,-1.057542027608643180e-02,-1.633816334224713618e-04,-4.813434330501176889e-03
6.700000000000000178e+00,1.131431730168082905e-01,-1.808780141526462604e+00,2.804029285319530551e+00,7.540889766327455446e-01,-7.583251710477378893e-02,-1.488036238520872891e-02,6.522099504651991397e-01,-1.373379226640460082e+00,1.547618789297393327e-01,1.038782598199277235e-01,2.269154115763599433e-01,1.870932763235986784e-01,-3.452449668016766005e-02,-1.064147890395700236e-02,3.274115496918188640e-04,-4.583594232743472795e-03
6.750000000000000000e+00,6.683606942397793405e-03,-1.826854547319904931e+00,2.799127778963153901e+00,7.507341099002330376e-01,-7.482445367982475115e-02,-1.203854401644726367e-02,6.562428443966338287e-01,-1.381475361490166920e+00,1.826568224537544749e-01,9.779255305913737983e-02,2.263155789630448833e-01,1.777816155167611378e-01,-3.360664715648776363e-02,-1.069535764883141130e-02,7.817272367748001431e-04,-4.367454087604310739e-03
6.800000000000000711e+00,-9.458906095938715564e-02,-1.839086893489800367e+00,2.795108530762526744e+00,7.472443347977162365e-01,-7.403260379655661472e-02,-9.054929414562151724e-03,6.603507294923796067e-01,-1.386882273935703180e+00,2.144727194206189347e-01,9.327201852060863774e-02,2.254790568835195186e-01,1.692413544588842744e-01,-3.273099711191865963e-02,-1.074404984257225533e-02,1.140883650527668713e-03,-4.186372000466251873e-03
6.850000000000000533e+00,-1.963161327008330903e-01,-1.849326095235381384e+00,2.792407610156315556e+00,7.431501252934031854e-01,-7.328118041079401124e-02,-5.845104730664650583e-03,6.650741271653012321e-01,-1.392906212104091823e+00,2.471751174683613494e-01,9.014587749452095122e-02,2.256837421609871330e-01,1.638061752381226588e-01,-3.227246099691134101e-02,-1.072755686930735794e-02,1.506809116451898701e-03,-4.032414352995813793e-03
6.900000000000000355e+00,-2.856195879258153769e-01,-1.849448150285139203e+00,2.790025333773829441e+00,7.388935866355799131e-01,-7.272076254505181747e-02,-2.323213301743655857e-03,6.698824979081254849e-01,-1.389270334008508856e+00,2.894890397926874748e-01,8.771878662129298232e-02,2.269209474998377385e-01,1.603353863288144165e-01,-3.193871843640006675e-02,-1.071798468708985014e-02,1.781503961918153023e-03,-3.909185921196655332e-03
6.950000000000000178e+00,-3.586692165531085164e-01,-1.838911818612108728e+00,2.785123370881593008e+00,7.351415079404183262e-01,-7.174590988460415042e-02,1.526964356167435834e-03,6.741047070728501955e-01,-1.363765936157608660e+00,3.354599502020330082e-01,8.496999137778220301e-02,2.291280169053246940e-01,1.567047834370855486e-01,-3.140919721862997505e-02,-1.076377442771241956e-02,2.024581817323501537e-03,-3.804610514302073088e-03
7.000000000000000000e+00,-4.463022639520479173e-01,-1.839206577015398025e+00,2.785120234651551119e+00,7.304827771834444539e-01,-7.099656505461511558e-02,5.056688035202453954e-03,6.792119182515298226e-01,-1.357501692708944274e+00,3.736201174730217622e-01,8.368556082331488066e-02,2.295964119073497234e-01,1.535499761922796136e-01,-3.126618647726880224e-02,-1.080796745471111243e-02,2.253926387868351866e-03,-3.819851034391764585e-03
7.050000000000000711e+00,-5.375181930993451207e-01,-1.840216948277196840e+00,2.783896454716538127e+00,7.254880217204604520e-01,-7.029909051460617175e-02,8.558537905223055978e-03,6.845815653681280866e-01,-1.353094849662507260e+00,4.128611705121398856e-01,8.078032831599812891e-02,2.304003241349959208e-01,1.487873912663142117e-01,-3.090548610991143696e-02,-1.080080673657910981e-02,2.449430021231113058e-03,-3.834889499239625514e-03
7.100000000000000533e+00,-6.255587650337760541e-01,-1.836265996018322744e+00,2.783023751674818858e+00,7.205057573423757633e-01,-6.938651000752438236e-02,1.223733958522835868e-02,6.898602854095465808e-01,-1.345138649502851447e+00,4.541411874156640605e-01,7.829436095793283756e-02,2.309263083071571021e-01,1.448078386933047135e-01,-3.059303723020735666e-02,-1.080386521652727284e-02,2.630257063866730909e-03,-3.843157399839495537e-03
7.150000000000000355e+00,-7.117773561872116073e-01,-1.830382279198198292e+00,2.780812888527913529e+00,7.154641510344021960e-01,-6.822613234511198943e-02,1.609746524873271675e-02,6.951238127574218550e-01,-1.334269740575075858e+00,4.920836869655569323e-01,7.276712891652446780e-02,2.311243789750541122e-01,1.398652461971555405e-01,-3.012692048140043488e-02,-1.084237517705920542e-02,2.810906559287942516e-03,-3.851451876735455596e-03
7.200000000000000178e+00,-8.014359528032435342e-01,-1.824932285458308989e+00,2.778533862111526975e+00,7.100560014698902300e-01,-6.732390364877754996e-02,1.967177385978615203e-02,7.006432673531450828e-01,-1.325292819118922383e+00,5.325021758206092137e-01,6.751742643029477742e-02,2.309612706993442455e-01,1.342856930447851871e-01,-2.960644813036321030e-02,-1.087393594291682225e-02,2.970537452562176627e-03,-3.867502588872619596e-03
7.250000000000000000e+00,-8.972659621533433105e-01,-1.821327298959010799e+00,2.775784837754724510e+00,7.043640155925008361e-01,-6.634219507693241147e-02,2.327796887319047436e-02,7.063484854205608343e-01,-1.320885958551266892e+00,5.686735818211179350e-01,6.394584095947988822e-02,2.312197999792723890e-01,1.292283111276055219e-01,-2.918584884140933491e-02,-1.087421828740474730e-02,3.173058430897921379e-03,-3.896171293948025999e-03
7.300000000000000711e+00,-9.874837529369613343e-01,-1.813415620116032079e+00,2.772750920152842635e+00,6.988974179399060072e-01,-6.531030554858240078e-02,2.690595501911187057e-02,7.117253914049945784e-01,-1.310865614828958137e+00,6.067852048920158170e-01,5.843658284437872052e-02,2.318624048586321318e-01,1.241743355053730735e-01,-2.875569278885357211e-02,-1.087390221976715712e-02,3.337709140802760412e-03,-3.928207405787097900e-03
7.350000000000000533e+00,-1.097606224958276089e+00,-1.814184607497548729e+00,2.772686388116132328e+00,6.924526966618488322e-01,-6.444614581079081972e-02,3.035214281817192120e-02,7.179378138823814259e-01,-1.320144842820295761e+00,6.419501529856668220e-01,5.488203415087919423e-02,2.313876225819313237e-01,1.185640661821877745e-01,-2.846771276072234541e-02,-1.083165534613065618e-02,3.455328360784787160e-03,-4.024740115056877829e-03
7.400000000000000355e+00,-1.209339088544368446e+00,-1.819757320485251073e+00,2.757774288179610345e+00,6.864611656512246141e-01,-6.300226249913114251e-02,3.325314667970240973e-02,7.236684401082105200e-01,-1.326830794943729241e+00,6.630244310403073937e-01,4.037218179489367870e-02,2.307118827333168032e-01,1.039294150383268528e-01,-2.645500141507393932e-02,-1.074785714081331368e-02,3.645005343535580832e-03,-4.082440830699296357e-03
7.450000000000000178e+00,-1.306979926599625808e+00,-1.816814859385547098e+00,2.740985987326945317e+00,6.808494430397080688e-01,-6.129969046697728019e-02,3.639452135316025017e-02,7.289456925427617584e-01,-1.320611482713520468e+00,6.868213097014849167e-01,2.861048303949784849e-02,2.306138563460992663e-01,9.075129343690090111e-02,-2.453758359377923581e-02,-1.068888817631457287e-02,3.869413071494819979e-03,-4.113362702083307905e-03
7.500000000000000000e+00,-1.396185511893860198e+00,-1.807562488770157350e+00,2.724454127611065424e+00,6.755713458467412780e-01,-5.955109994091750680e-02,3.949242122877598404e-02,7.338238016255252960e-01,-1.307693855198096999e+00,7.106826955926560663e-01,1.811478271068251572e-02,2.301749189565726328e-01,7.812825817891587421e-02,-2.269311155356577500e-02,-1.065125804981642034e-02,4.055231373497425983e-03,-4.112644189291347722e-03
7.550000000000000711e+00,-1.478369264343711853e+00,-1.793520194153358283e+00,2.707749153862933689e+00,6.703265074454003436e-01,-5.775523676625510944e-02,4.275179189685267278e-02,7.385790345871817708e-01,-1.287834919471302575e+00,7.385153897722002148e-01,7.641797795600669199e-03,2.300031938143208277e-01,6.680233754327571938e-02,-2.098997991349330072e-02,-1.061759013757602836e-02,4.242539521763601107e-03,-4.099402759706716193e-03
7.600000000000000533e+00,-1.568625825225799408e+00,-1.783821507994710842e+00,2.693412332838921674e+00,6.645861846633307479e-01,-5.649930479879688300e-02,4.605325139799631984e-02,7.436478533200798768e-01,-1.274951373593431914e+00,7.648083367268380117e-01,-7.464502623762674788e-04,2.306577169324377785e-01,5.637942090180392274e-02,-1.962120280020182572e-02,-1.052129928819713588e-02,4.392113878346905198e-03,-4.160963797593474935e-03
7.650000000000000355e+00,-1.663636527049354052e+00,-1.773984618445396677e+00,2.681432043891905259e+00,6.584373582435215644e-01,-5.513932977091922510e-02,4.930946627501570090e-02,7.489916395510562985e-01,-1.270887314244927957e+00,7.931321181009458599e-01,-1.015217339992633902e-02,2.315643914316266871e-01,4.734636970173005527e-02,-1.856838267297196421e-02,-1.040402522160350195e-02,4.506067159369813238e-03,-4.251219354679015849e-03
7.700000000000000178e+00,-1.766828749269790944e+00,-1.760142048571347928e+00,2.678595677743998760e+00,6.515988792172262567e-01,-5.438463664339640569e-02,5.293547237894442870e-02,7.547576085499492216e-01,-1.272588050615459210e+00,8.279729081690980763e-01,-1.108015456294502571e-02,2.327550598084650035e-01,4.314641190788793407e-02,-1.846625726682815313e-02,-1.028566825742799166e-02,4.543642779903089672e-03,-4.380327013451226076e-03
7.750000000000000000e+00,-1.863166394040449036e+00,-1.741782408164961993e+00,2.674004406711589343e+00,6.449883062818719814e-01,-5.347100627592030891e-02,5.645157489014406699e-02,7.602263846644004008e-01,-1.268152369780460642e+00,8.614103991472729094e-01,-1.419619478188728981e-02,2.338534342990756520e-01,3.745402270943035128e-02,-1.810543803702320542e-02,-1.015474397748902108e-02,4.540829337865117526e-03,-4.473816665466157257e-03
7.800000000000000711e+00,-1.937259767008776112e+00,-1.713134398593386676e+00,2.664320856782229185e+00,6.393998939267717674e-01,-5.224273399374930460e-02,6.018742407726813959e-02,7.647325979544971064e-01,-1.243144784923529089e+00,8.959245510892578368e-01,-2.077353884958500763e-02,2.346429353245182980e-01,3.079894184159841578e-02,-1.724628632876751971e-02,-1.005188152230428004e-02,4.567551124586671264e-03,-4.496165758769520189e-03
7.850000000000000533e+00,-2.012474902239626218e+00,-1.681937279961293052e+00,2.655038042683439681e+00,6.335799194416625868e-01,-5.076110230033896442e-02,6.367189998613900781e-02,7.693800655889818652e-01,-1.220056730555221014e+00,9.306952550418543524e-01,-2.676032024901769252e-02,2.347847942802377408e-01,2.452877673498346164e-02,-1.640355133453065897e-02,-9.958744722808672567e-03,4.585726964235827506e-03,-4.506410874546695235e-03
7.900000000000000355e+00,-2.083797773035891421e+00,-1.646743880296214213e+00,2.645585131368393128e+00,6.276732517105231279e-01,-4.947206474133190868e-02,6.731252701399384475e-02,7.739818005640429766e-01,-1.195517799378612800e+00,9.667645838960646776e-01,-3.296139033457882311e-02,2.350935941631859816e-01,1.888433959418363978e-02,-1.558123780048074891e-02,-9.851575848489493512e-03,4.597891343233857786e-03,-4.507141457563580873e-03
7.950000000000000178e+00,-2.151087029939617867e+00,-1.604307026562784788e+00,2.641205768273432231e+00,6.216668012314219283e-01,-4.853395911668013235e-02,7.106411344655667872e-02,7.785401305258496940e-01,-1.166133480533769307e+00,1.008860086024995661e+00,-3.605248559988579599e-02,2.368011584499936373e-01,1.639148039101208376e-02,-1.537059134072698771e-02,-9.718150231829834895e-03,4.566544833608597587e-03,-4.516947691541785097e-03
8.000000000000000000e+00,-2.197240517104594559e+00,-1.549927217399920565e+00,2.635030386308454986e+00,6.165451298594363250e-01,-4.711501052217658553e-02,7.515591502908143540e-02,7.823067602074312843e-01,-1.120640279270800788e+00,1.053674512706002320e+00,-3.988895162577572873e-02,2.383663203441190592e-01,1.437906102487529481e-02,-1.492738766372341333e-02,-9.586937656672584601e-03,4.518661092599106539e-03,-4.448707501677839557e-03
8.050000000000000711e+00,-2.244155378438028148e+00,-1.494454397733049777e+00,2.628802434414988731e+00,6.110473581991052727e-01,-4.576547651332814326e-02,7.875831552852473327e-02,7.863356630170805772e-01,-1.076827778003229374e+00,1.099472103275707324e+00,-4.637016269165036148e-02,2.395785630287055601e-01,1.218027546518744494e-02,-1.446902511068035371e-02,-9.459403212209119977e-03,4.463942740550819709e-03,-4.385350787015272062e-03
8.099999999999999645e+00,-2.287813333925048376e+00,-1.439267886029273358e+00,2.621481276663155668e+00,6.053734522635664250e-01,-4.443393236359721721e-02,8.243373952839215535e-02,7.904133649784547133e-01,-1.029296997340613418e+00,1.141442234382095799e+00,-5.181847435217925429e-02,2.402419368899889052e-01,9.147365425711454986e-03,-1.390974191296896409e-02,-9.369541456041239821e-03,4.409412841619859448e-03,-4.330750493814274592e-03
8.150000000000000355e+00,-2.338273957986638951e+00,-1.384528665732075225e+00,2.614735248234457021e+00,5.993678133769618777e-01,-4.298392078381933767e-02,8.609924161514449781e-02,7.946681870032715755e-01,-9.897993661891254513e-01,1.181357284318933942e+00,-5.769928710824269447e-02,2.395467010726528012e-01,6.077502226693339699e-03,-1.333767027538300398e-02,-9.331012143499170519e-03,4.352284977510697921e-03,-4.291480668629283311e-03
8.200000000000001066e+00,-2.375328176636053445e+00,-1.325312275546114638e+00,2.607910561465065058e+00,5.936525750578273142e-01,-4.139448507937814464e-02,8.957589845534733031e-02,7.986484052122942989e-01,-9.373930379588374384e-01,1.221538904364633193e+00,-6.639127113886438003e-02,2.381710652314682763e-01,3.012874948429510730e-03,-1.271183510107181357e-02,-9.341009009916394906e-03,4.282381768618932424e-03,-4.261549628481992036e-03
8.250000000000000000e+00,-2.411783945876923241e+00,-1.265978445607828906e+00,2.599822756783381816e+00,5.879352552765586548e-01,-3.965738551197164202e-02,9.319652713012969991e-02,8.025421077477030707e-01,-8.876313559597627245e-01,1.260581756283470245e+00,-7.389972317944684677e-02,2.374201841928438583e-01,-3.251647415494357540e-04,-1.205200893029545473e-02,-9.307500748587056727e-03,4.211916696098444955e-03,-4.241637369460610901e-03
8.300000000000000711e+00,-2.442158297462404093e+00,-1.202935567520618365e+00,2.591042013107228037e+00,5.822721064239101407e-01,-3.795297090560535019e-02,9.664719967648609245e-02,8.063362108170476494e-01,-8.348218866032230956e-01,1.300547486080221748e+00,-7.929720594611633366e-02,2.360530230478252722e-01,-3.383623070364724997e-03,-1.128533367310870748e-02,-9.283834179800609654e-03,4.144398607990112775e-03,-4.225646663244612446e-03
8.349999999999999645e+00,-2.481468798716850443e+00,-1.138080848355820240e+00,2.583072633175657717e+00,5.763838379590372485e-01,-3.647944437895620645e-02,9.983329513326570648e-02,8.102371471737438435e-01,-7.877961011103857825e-01,1.340683871517027281e+00,-8.502536473383708049e-02,2.344078292243056139e-01,-6.116352878919878097e-03,-1.058217701373622907e-02,-9.239374098074617722e-03,4.065902051130079915e-03,-4.199423195128287531e-03
8.400000000000000355e+00,-2.549330631621543386e+00,-1.071929699767604660e+00,2.570948097310657321e+00,5.702112771990055506e-01,-3.494269987446991382e-02,1.025422319366554869e-01,8.143237671528511523e-01,-7.618650539790460252e-01,1.376905100916955949e+00,-9.537101586619876892e-02,2.280097038078911231e-01,-1.060279855204337290e-02,-9.188559398016134597e-03,-9.248160794120904513e-03,3.997381307976381748e-03,-3.998505205895205687e-03
8.450000000000001066e+00,-2.634967922862478940e+00,-1.006676529167861212e+00,2.555812134203097052e+00,5.637269159629522131e-01,-3.346594714023401473e-02,1.049399301085304076e-01,8.185839026451244838e-01,-7.501647344011312946e-01,1.408377945416004584e+00,-1.063965477192082565e-01,2.202018156145316985e-01,-1.623816685605497523e-02,-7.577408631014199980e-03,-9.254283352735818285e-03,3.953876543887250607e-03,-3.703550360783591268e-03
8.500000000000000000e+00,-2.714990861672826217e+00,-9.397545366124865351e-01,2.543187222842867357e+00,5.572668295973454144e-01,-3.196027476920951238e-02,1.071149508570253678e-01,8.227749441798144492e-01,-7.310043110482079554e-01,1.441500182059224144e+00,-1.145462542022924746e-01,2.132691820434154673e-01,-2.130638699686827897e-02,-6.284761371593395630e-03,-9.261854684125592901e-03,3.887464500970756395e-03,-3.493509255961697695e-03
8.550000000000000711e+00,-2.758214384743374659e+00,-8.731770924250573662e-01,2.534633229293790535e+00,5.506860171260854475e-01,-3.062277696908612123e-02,1.099007148056416333e-01,8.268790654973188214e-01,-6.877645220439552176e-01,1.478631386102536194e+00,-1.205906283243647625e-01,2.120702917595251036e-01,-2.473859196731116247e-02,-5.777370584934199589e-03,-9.197192583672455721e-03,3.797653483389696986e-03,-3.521615061321127071e-03
8.599999999999999645e+00,-2.804486400758051889e+00,-8.008976586536100672e-01,2.526253374997116108e+00,5.443597701244247133e-01,-2.912848080836260775e-02,1.125700385027756378e-01,8.307538496494398794e-01,-6.477260854055215678e-01,1.518168219573236888e+00,-1.254995138647711783e-01,2.098790661173779715e-01,-2.750797007013339179e-02,-5.199536900342705166e-03,-9.140701206626499972e-03,3.700988236537247362e-03,-3.508167083670190537e-03
8.650000000000000355e+00,-2.850535549563165016e+00,-7.245083862299543931e-01,2.517959054576853095e+00,5.379876900785979243e-01,-2.750962129140314613e-02,1.151877203518451021e-01,8.345922687998271750e-01,-6.095491682497660157e-01,1.556625840997556187e+00,-1.332675347032439006e-01,2.063876767482270558e-01,-3.034998263548444389e-02,-4.513225614284707352e-03,-9.111738679232385049e-03,3.580884540081825072e-03,-3.469614530707773072e-03
8.700000000000001066e+00,-2.896755780018358095e+00,-6.454857867055433518e-01,2.509968374370275424e+00,5.315504060043503287e-01,-2.592491833479508914e-02,1.177087416096223860e-01,8.384072498700280152e-01,-5.707134578520399737e-01,1.595032152155073213e+00,-1.387319414493372316e-01,2.032017469701710433e-01,-3.264810364350997224e-02,-3.943063569592324819e-03,-9.086997070246389738e-03,3.472118126234271466e-03,-3.427712604858702047e-03
8.750000000000000000e+00,-2.944775949951235816e+00,-5.629391363843547769e-01,2.502802143151333425e+00,5.251333181021820007e-01,-2.456328990090556053e-02,1.200605428946598247e-01,8.421502888725242997e-01,-5.314578318431970594e-01,1.634762720662252145e+00,-1.434579926211413947e-01,1.999169388925546575e-01,-3.471315781496645686e-02,-3.450153084561715777e-03,-9.063369273120350927e-03,3.354173519238364334e-03,-3.377736666950398228e-03
8.800000000000000711e+00,-2.995030750880295134e+00,-4.723055220962481537e-01,2.495576516772538334e+00,5.190340759866759468e-01,-2.292887881233077185e-02,1.222415045986905979e-01,8.456564958861931824e-01,-4.924426011650047674e-01,1.676465704866890061e+00,-1.501486111428159131e-01,1.957215703313424648e-01,-3.616139440307461483e-02,-2.872248659231476688e-03,-9.032839402602200682e-03,3.222975835296505460e-03,-3.244177117845354567e-03
8.849999999999999645e+00,-3.051632808060013247e+00,-3.764350880146573042e-01,2.487141045119348526e+00,5.130647193222489522e-01,-2.135153034203052594e-02,1.241976321770325020e-01,8.490486759311587361e-01,-4.593855768326838285e-01,1.717486454368687632e+00,-1.579607026034104689e-01,1.899194007614302127e-01,-3.804014408290948279e-02,-2.064853243069130970e-03,-8.997176205128269363e-03,3.066238524443449381e-03,-3.035915752239461834e-03
8.900000000000000355e+00,-3.101325556083826207e+00,-2.754080926474730684e-01,2.478374846775602158e+00,5.071621906350383124e-01,-1.957001783430261169e-02,1.259482022609430263e-01,8.523734962676107196e-01,-4.219855097004630573e-01,1.757373986561074020e+00,-1.639245541104829562e-01,1.836675174207170746e-01,-3.964987947231649740e-02,-1.212535843746608000e-03,-8.975305643420229684e-03,2.900155146572320000e-03,-2.777164961821675191e-03
8.950000000000001066e+00,-3.144458364431932829e+00,-1.693823956177573364e-01,2.468928542768618506e+00,5.015730215461062791e-01,-1.778063452906791450e-02,1.276257171759572484e-01,8.554648031381392181e-01,-3.798617599297981484e-01,1.795281419267255041e+00,-1.712700470848527168e-01,1.777183359988931399e-01,-4.090080440873576639e-02,-3.721056269779440253e-04,-8.940950633435440845e-03,2.735174427529862579e-03,-2.447298772136483752e-03
9.000000000000000000e+00,-3.183005560742804274e+00,-6.110481352125692739e-02,2.459828533045700816e+00,4.961014791674447366e-01,-1.646571323348776025e-02,1.292335576552148813e-01,8.584351403754172383e-01,-3.358462611984354140e-01,1.835286899768146629e+00,-1.809075858094447431e-01,1.725193490791465667e-01,-4.172451776110953220e-02,3.847777076662078520e-04,-8.887771188910114153e-03,2.562703542036967770e-03,-2.172836966968992763e-03
9.050000000000000711e+00,-3.224049982916786572e+00,5.298727936831697238e-02,2.449402534396918796e+00,4.905976307013213411e-01,-1.513660333221244006e-02,1.308938322757626782e-01,8.613661548156960057e-01,-2.961811235116761920e-01,1.877182418266063246e+00,-1.886286484548139186e-01,1.664144934366699746e-01,-4.235994547332611743e-02,1.302542733168731738e-03,-8.822234043615579877e-03,2.376145545131099629e-03,-1.830771491531583365e-03
9.099999999999999645e+00,-3.259062868645453026e+00,1.733297251423804308e-01,2.437446999510531231e+00,4.856669739234836802e-01,-1.390521504884756343e-02,1.321811852865036607e-01,8.639805377962552768e-01,-2.529420973519518889e-01,1.914733187080132737e+00,-1.976056174896996531e-01,1.604136284980690053e-01,-4.290460460969584833e-02,2.356378766851962257e-03,-8.705849544742710888e-03,2.167205061258988940e-03,-1.399854710681855668e-03
9.150000000000000355e+00,-3.285250328612673520e+00,2.966397878058070758e-01,2.420136889620470466e+00,4.812215725258159327e-01,-1.233563549332925349e-02,1.329506113250797372e-01,8.663704549331331384e-01,-2.088844978677904529e-01,1.946711618349216577e+00,-2.100365786336775842e-01,1.516487481780457169e-01,-4.360691530706518881e-02,3.955287415148326345e-03,-8.617732119715578940e-03,1.984201735734518121e-03,-8.746911118011902993e-04
9.200000000000001066e+00,-3.236664019514587931e+00,3.924267392568990820e-01,2.393551167629912602e+00,4.769000097064785559e-01,-9.971311827950125189e-03,1.338240887600133378e-01,8.686530187306912287e-01,-1.243493794991034074e-01,1.956120375413931356e+00,-2.267239515291336327e-01,1.462002488824298840e-01,-4.455053614199434159e-02,5.957573821859735511e-03,-8.551578750833609480e-03,1.917480859858186224e-03,-7.198409777044968098e-04
9.250000000000000000e+00,-3.200847830148080941e+00,4.941781275234563564e-01,2.365087419590450768e+00,4.726915291477475356e-01,-7.761694884822512540e-03,1.341841567806764390e-01,8.709173820940411259e-01,-5.225791638964461666e-02,1.964604127725466443e+00,-2.439451636915859201e-01,1.386171478778089883e-01,-4.560321904926889491e-02,8.174605080804604046e-03,-8.470196401264966715e-03,1.822132484589584567e-03,-4.383740363133017048e-04
9.300000000000000711e+00,-3.162856080949149717e+00,5.963789244716861671e-01,2.337090170999456706e+00,4.685011989136215749e-01,-5.978947954172019255e-03,1.344577428963960319e-01,8.731506136818933950e-01,1.489265168517164145e-02,1.972327702406681427e+00,-2.616051210978194708e-01,1.317425263052670881e-01,-4.722158160229656537e-02,1.032110772847386233e-02,-8.317988048242911520e-03,1.672183329837221817e-03,-1.960374721238068263e-04
9.349999999999999645e+00,-3.142860029930531596e+00,7.065066224198573996e-01,2.310056874712572927e+00,4.639378200783262907e-01,-4.320307346796507103e-03,1.345668227453858112e-01,8.755768408664151847e-01,7.334553041822369779e-02,1.982566526123176409e+00,-2.782625406441092686e-01,1.232838637295466111e-01,-4.770313153299945985e-02,1.241524336708225984e-02,-8.210704917482889234e-03,1.511908425757856013e-03,8.702481506846503111e-05
9.400000000000000355e+00,-3.131711430920812944e+00,8.208365089415874394e-01,2.286753739156745624e+00,4.591259465687496655e-01,-2.794306498595432176e-03,1.346266039689938132e-01,8.781066191199775606e-01,1.274868554726250602e-01,1.998980282764831529e+00,-2.900793682140704877e-01,1.161616570024963518e-01,-4.769900429568250944e-02,1.406342404311687957e-02,-8.100404025677517689e-03,1.336828247389905194e-03,3.208442865922386898e-04
9.450000000000001066e+00,-3.143719901393810634e+00,9.553328226675632528e-01,2.268619825639986320e+00,4.538717663438490146e-01,-2.161800917271613446e-03,1.347444632612929405e-01,8.808176178716765614e-01,1.628534950538450821e-01,2.030948725064010141e+00,-3.019951371029656051e-01,1.096561589819780302e-01,-4.712642023363609184e-02,1.558376408076527289e-02,-7.841989181412685819e-03,9.668316886729866116e-04,5.906128271822735400e-04
9.500000000000000000e+00,-3.146879180739519111e+00,1.084750631092429085e+00,2.252950456871667395e+00,4.482397082031241431e-01,-1.366592814713892294e-03,1.349204580891215088e-01,8.836717526339056272e-01,2.047176208268873809e-01,2.065256914397477050e+00,-3.111565389789806568e-01,1.039489417446813474e-01,-4.674963410921700868e-02,1.673288155717576192e-02,-7.672690366205188808e-03,6.336464450918074566e-04,7.281998900448598743e-04
9.550000000000000711e+00,-3.150063619803584292e+00,1.222125767591460743e+00,2.237628021744167306e+00,4.427960015746795208e-01,-5.499375298321854122e-04,1.350996157191553804e-01,8.863856341292576380e-01,2.421191968335563716e-01,2.104040867217921384e+00,-3.200396364011386940e-01,9.795346270207144768e-02,-4.573556997773835231e-02,1.781116758797414434e-02,-7.495964748187903051e-03,3.084745887290960063e-04,8.947926639810749230e-04
9.600000000000001421e+00,-3.136387113651518455e+00,1.351168889546310536e+00,2.221275153489582710e+00,4.375172209996825989e-01,1.874596143733545269e-04,1.348527238642551196e-01,8.890407128214088406e-01,2.861405551701726169e-01,2.131079016138122562e+00,-3.290862939455995173e-01,9.279360506471215353e-02,-4.651954391229608937e-02,1.894791527630088415e-02,-7.255852839593097438e-03,-5.046208848893620922e-05,9.909770266188326626e-04
9.650000000000000355e+00,-3.092364219167144768e+00,1.463548057302910488e+00,2.195515602232079200e+00,4.326450807437849377e-01,1.161936754710260131e-03,1.338719253256600572e-01,8.915689494485452560e-01,3.407328050953977727e-01,2.134672938110603102e+00,-3.428112525509314223e-01,8.762688524997470918e-02,-4.773046761433158425e-02,2.068144210129994540e-02,-6.938325191889444833e-03,-2.959094466335562726e-04,9.663355368528597170e-04
9.700000000000001066e+00,-3.045010862554722308e+00,1.578446522534608043e+00,2.163923472301088058e+00,4.278713627049803847e-01,2.431749462698780308e-03,1.325388786405062302e-01,8.940657857340537085e-01,3.913811516145047631e-01,2.134303247734383291e+00,-3.595438016146506599e-01,8.144617421491334719e-02,-4.679321571214878350e-02,2.275803250590389959e-02,-6.605087632474649847e-03,-4.527393579729461701e-04,9.214505383576015356e-04
9.750000000000000000e+00,-3.000863604052394606e+00,1.698421980338286064e+00,2.132337383221456495e+00,4.232393161000816972e-01,3.581268120168261924e-03,1.311394659832335330e-01,8.964697966398080808e-01,4.410814085242663052e-01,2.138491327284539167e+00,-3.750996328814849567e-01,7.581064426281809709e-02,-4.520741583244243522e-02,2.465300487523022777e-02,-6.269932320784515900e-03,-5.845570512108858811e-04,9.355307907992773623e-04
9.800000000000000711e+00,-2.960816817291816339e+00,1.830187569810960646e+00,2.098210110126697892e+00,4.187024218814890952e-01,4.435041376401660518e-03,1.293668798538585296e-01,8.988508345189664128e-01,4.805485377175738870e-01,2.146218328404140063e+00,-3.931253355761734625e-01,6.948476321713059622e-02,-4.160533846321628343e-02,2.674734786520092250e-02,-5.883695857746138423e-03,-7.212754967187001969e-04,9.579935387244298403e-04
9.850000000000001421e+00,-2.920121113059803264e+00,1.966053322549540017e+00,2.064394710872597294e+00,4.142047714967420635e-01,5.341518808154789577e-03,1.274689952971472251e-01,9.011978310471512321e-01,5.197913463476654394e-01,2.156486023161795273e+00,-4.087529238152225464e-01,6.303967762144818687e-02,-3.754660277516773392e-02,2.872347814058667792e-02,-5.516894461424707956e-03,-8.510705462460991296e-04,9.973201844172118608e-04
9.900000000000000355e+00,-2.883031754967100735e+00,2.108277019289811260e+00,2.031378082995623391e+00,4.096005422097826476e-01,6.094970186619760345e-03,1.256263854931970736e-01,9.035531298312183823e-01,5.552516988978518642e-01,2.168696026320252379e+00,-4.240681030713192579e-01,5.706062318525716853e-02,-3.291869658429195933e-02,3.052168338919019133e-02,-5.161166106801595363e-03,-9.874833541840147364e-04,1.063498331406357612e-03
9.950000000000001066e+00,-2.851995931742962842e+00,2.254220246983642095e+00,2.000288209989739219e+00,4.043774603505283505e-01,6.826818886799730993e-03,1.239370078689610577e-01,9.061301684553013658e-01,5.860202463386847693e-01,2.189288897462414063e+00,-4.389043658014637472e-01,5.008253714478264756e-02,-2.797353186934848843e-02,3.219690837872960648e-02,-4.900184037563632897e-03,-1.164301305313300864e-03,1.082887145301082840e-03
1.000000000000000000e+01,-2.816334942396744534e+00,2.398736284322442014e+00,1.969843773297578871e+00,3.993067208457826145e-01,7.719596181272092399e-03,1.221126510046859626e-01,9.086160085464013436e-01,6.191561424222902232e-01,2.205738572429388533e+00,-4.530380255973024406e-01,4.279380382890290296e-02,-2.389433607423219197e-02,3.377086529922568997e-02,-4.658572280305289109e-03,-1.337993432924598509e-03,1.114897764301759579e-03
1.005000000000000071e+01,-2.779541288977587232e+00,2.544695157481239089e+00,1.939563704764621033e+00,3.940503923943007858e-01,8.812209846679590688e-03,1.201117341469900707e-01,9.111639833376419251e-01,6.505291690081542733e-01,2.223600812632559709e+00,-4.662431635656094087e-01,3.518898005788645422e-02,-1.973991784521359621e-02,3.526905812347940622e-02,-4.452134891308026469e-03,-1.507984787265715916e-03,1.115738833700297399e-03
1.010000000000000142e+01,-2.737300938173997888e+00,2.691463762148241123e+00,1.908225018697794040e+00,3.891698381604946078e-01,9.850576003558875193e-03,1.178952327262439703e-01,9.135373650371162446e-01,6.848730987450917240e-01,2.235611657670266705e+00,-4.792745259771152844e-01,2.766179359495930107e-02,-1.565525809582033953e-02,3.673960165064044797e-02,-4.229931563942187361e-03,-1.652945464449055019e-03,1.174320377786475895e-03
1.015000000000000036e+01,-2.693568503052405028e+00,2.839208072146721662e+00,1.877769282785265226e+00,3.844275265110964068e-01,1.093367788308757457e-02,1.154998160538566465e-01,9.158360792412769680e-01,7.172980745298261906e-01,2.246873685565527801e+00,-4.916964707587121453e-01,2.040582225277608186e-02,-1.204629476347331661e-02,3.807324377258782672e-02,-4.018820458885794152e-03,-1.814400598046416943e-03,1.281904497796528767e-03
1.020000000000000107e+01,-2.652149810619536030e+00,2.992146506881447898e+00,1.847602408789466022e+00,3.794274254202164021e-01,1.205970236804574866e-02,1.133632145693426602e-01,9.181711027909152945e-01,7.467297378645256778e-01,2.260571606476413198e+00,-5.023561268348787356e-01,1.367698945665046795e-02,-8.006712887696247269e-03,3.926315349403919353e-02,-3.820932560005587449e-03,-1.981913514489263770e-03,1.410336362399665713e-03
1.025000000000000000e+01,-2.608758285291746137e+00,3.145121369125139843e+00,1.816348436822458279e+00,3.746174306652764185e-01,1.328400659858900920e-02,1.109202406140774172e-01,9.204249105888815397e-01,7.760963173759671818e-01,2.269925174822261749e+00,-5.129611249707001219e-01,7.280450838654603171e-03,-3.847451794763187549e-03,4.044614429143177786e-02,-3.610407439070422754e-03,-2.137149437765164910e-03,1.554457590370298629e-03
1.030000000000000071e+01,-2.563408483749519906e+00,3.297215039802499081e+00,1.784593981069172441e+00,3.696693062532270257e-01,1.444122815598608209e-02,1.081997771418068827e-01,9.227290301979600429e-01,8.069072171583440145e-01,2.280958290184587511e+00,-5.248447568032182931e-01,1.162169590611467074e-03,2.094923984354768107e-04,4.157864805792378660e-02,-3.404153934004437200e-03,-2.286040270406947301e-03,1.727699338139536411e-03
1.035000000000000142e+01,-2.516253248604094939e+00,3.447213491768487348e+00,1.753571823008942543e+00,3.649707552042063541e-01,1.568259526391669809e-02,1.056330908627163001e-01,9.248740747616663871e-01,8.374413837194821797e-01,2.285435639568978328e+00,-5.330741965570762186e-01,-4.986801930239071444e-03,3.650618828241151883e-03,4.260202108265639248e-02,-3.219108833298412083e-03,-2.435145458840692542e-03,1.914745320028323318e-03
1.040000000000000036e+01,-2.465745930433872246e+00,3.590373464917615998e+00,1.721514404402076481e+00,3.600183428140111830e-01,1.684754922431318941e-02,1.026118470793632165e-01,9.271320088107997126e-01,8.663424384725646465e-01,2.286012979147344915e+00,-5.429830648332705234e-01,-1.019533526830094378e-02,6.668742178610798099e-03,4.360999739376202750e-02,-3.010633587944138226e-03,-2.571484229728159421e-03,2.087850988520129070e-03
1.045000000000000107e+01,-2.406814766433237551e+00,3.717183921328342411e+00,1.689571598018029253e+00,3.551193576524567797e-01,1.808255603938248995e-02,9.951897356645030002e-02,9.293326836434137039e-01,9.022329118563969796e-01,2.277717192777073407e+00,-5.522244067869492845e-01,-1.467511355103534067e-02,7.940795847533925478e-03,4.455230422920136019e-02,-2.785141643128983321e-03,-2.675532814338041441e-03,2.216520587669744066e-03
1.050000000000000000e+01,-2.347914984971949615e+00,3.845958221891579765e+00,1.656261585742636155e+00,3.505617210387545479e-01,1.941358347532053455e-02,9.621482237333321696e-02,9.313819305068470333e-01,9.312574721664130806e-01,2.263073789489148613e+00,-5.585029955042370986e-01,-1.973477251439794897e-02,9.704688382753212314e-03,4.559656736907798102e-02,-2.538305915325498804e-03,-2.785300002931622495e-03,2.394632007704197794e-03
1.055000000000000071e+01,-2.290269573695781435e+00,3.968267140069213994e+00,1.624518613244813947e+00,3.454614858303685088e-01,2.055050597633996043e-02,9.274969874219991806e-02,9.336120885545675652e-01,9.603250640918759018e-01,2.249604209983021796e+00,-5.645981785065569136e-01,-2.337950746557222736e-02,1.055273969665451901e-02,4.641132057002510247e-02,-2.304468410052474235e-03,-2.899667415060499728e-03,2.520240959497830995e-03
1.060000000000000142e+01,-2.230476958703619506e+00,4.083894142024901974e+00,1.594251793259777061e+00,3.399358723119257908e-01,2.178214822413287316e-02,8.946580334605290508e-02,9.359300245028563392e-01,9.868634064291720298e-01,2.233581470588118290e+00,-5.700696890900255331e-01,-2.570140447408229487e-02,1.039655054993302540e-02,4.707493862094687398e-02,-2.050666848318629786e-03,-3.035912356239386066e-03,2.582660170783658126e-03
1.065000000000000036e+01,-2.172791794868544457e+00,4.202439218772319407e+00,1.564418842488392247e+00,3.343262844782750043e-01,2.306496378418523147e-02,8.602842299292300099e-02,9.382393369444368414e-01,1.014246697776279182e+00,2.220694671712030388e+00,-5.738855542295410173e-01,-2.821535660487321101e-02,1.062870736710730922e-02,4.766059015104739255e-02,-1.847088737594172357e-03,-3.167654738489016249e-03,2.618852431635659578e-03
1.070000000000000107e+01,-2.114787032799747113e+00,4.319000061212609154e+00,1.536001946648644312e+00,3.283463229015041729e-01,2.408059297606748167e-02,8.270534401798097790e-02,9.406214134017200079e-01,1.042477957421690915e+00,2.208611156701501432e+00,-5.778677951088722065e-01,-3.050873392844180923e-02,1.036664782354521259e-02,4.811050321227614002e-02,-1.667064268462145095e-03,-3.301588795822434693e-03,2.635014839244142690e-03
1.075000000000000000e+01,-2.055725593247269778e+00,4.432207010485638143e+00,1.507629630949993693e+00,3.222975516558810871e-01,2.543964600657250621e-02,7.928238480152720313e-02,9.429694671980994869e-01,1.068106343208360842e+00,2.193959957444621800e+00,-5.824905834518733228e-01,-3.262800917288839059e-02,9.860258062910980462e-03,4.851480682149133389e-02,-1.483343428987729702e-03,-3.423168155384743137e-03,2.666984388600089455e-03
1.080000000000000071e+01,-1.996067417036827774e+00,4.545603230875495449e+00,1.480490366351431053e+00,3.161793264945260695e-01,2.669783791958601007e-02,7.568362782531484756e-02,9.452988138293026976e-01,1.095051788085451339e+00,2.179347090569978107e+00,-5.859463671680025243e-01,-3.500643031787400994e-02,9.091085552878021628e-03,4.887213098935286326e-02,-1.324221676160557658e-03,-3.570962152765291744e-03,2.725000138938633160e-03
1.085000000000000142e+01,-1.934745229000991884e+00,4.651633552333760413e+00,1.455429849472135828e+00,3.101285611985837853e-01,2.810519136926117184e-02,7.218537924217038881e-02,9.475334531142726169e-01,1.123865309903328891e+00,2.159473550566741729e+00,-5.877089763822982427e-01,-3.715321503855827101e-02,7.211849427393626777e-03,4.910019794780991209e-02,-1.177773722798063170e-03,-3.726822869709968400e-03,2.756483103686365593e-03
1.090000000000000036e+01,-1.874144675139564953e+00,4.759184847984174738e+00,1.429769052874319213e+00,3.040101577879225636e-01,2.928696025094890132e-02,6.849419049886273925e-02,9.497518853831916630e-01,1.146075882450748207e+00,2.140883242291546473e+00,-5.886165551170939869e-01,-3.905112882052531181e-02,5.801246750516901585e-03,4.932908815008096859e-02,-1.023583918498232334e-03,-3.878112719338934304e-03,2.786260687651934999e-03
1.095000000000000107e+01,-1.812664621535917675e+00,4.861545022436168040e+00,1.405320540478559810e+00,2.978013891540933766e-01,3.057960722072348980e-02,6.484406807939023520e-02,9.519319655705621441e-01,1.167372576510626647e+00,2.118808003373177318e+00,-5.880752250178643559e-01,-4.145509120243412449e-02,3.930040015018134401e-03,4.952449102735769632e-02,-8.893223287263356562e-04,-4.024897517162788659e-03,2.817689182013884824e-03
1.100000000000000000e+01,-1.752654474962659581e+00,4.964402826435815541e+00,1.381354383081639492e+00,2.914245041825658245e-01,3.189861025584356941e-02,6.112939635491981827e-02,9.541055674960577937e-01,1.187024252129188717e+00,2.100270070202507888e+00,-5.887375970949512149e-01,-4.364616510251952131e-02,2.174239218754922282e-03,4.964734932824060865e-02,-7.715463808490243165e-04,-4.169175994524342010e-03,2.843883206825596754e-03
1.105000000000000071e+01,-1.690723856967796701e+00,5.060903469482540551e+00,1.359346599703953551e+00,2.851244962379810843e-01,3.331378108704486501e-02,5.746639771209050007e-02,9.561860837560426374e-01,1.207799533442328377e+00,2.073555018821153784e+00,-5.864574091287054758e-01,-4.638337376250283028e-02,-2.942355920769524659e-04,4.972371000831947441e-02,-6.780858602984713877e-04,-4.321275496570508960e-03,2.872836488146733678e-03
1.110000000000000142e+01,-1.628342785970397610e+00,5.153895624865768355e+00,1.337971981826229007e+00,2.787178753032991119e-01,3.479959251899061856e-02,5.376972218184203345e-02,9.582349144773500971e-01,1.224436790860029101e+00,2.044082797566489251e+00,-5.861140153227519800e-01,-4.933856417279545992e-02,-2.881142735506812304e-03,4.978186817356304583e-02,-5.915861018187027311e-04,-4.468381024849199523e-03,2.906819298728094501e-03
1.115000000000000036e+01,-1.564720964475781573e+00,5.241822857249104572e+00,1.316857707380383546e+00,2.722776653139841185e-01,3.627862448967707210e-02,5.010164555858537261e-02,9.602283892328037362e-01,1.242994844163647583e+00,2.015045913348578299e+00,-5.870234567241497947e-01,-5.195387349048478237e-02,-5.639857500012213781e-03,4.979610667211097075e-02,-4.986864711736972017e-04,-4.597620113975423028e-03,2.943082225949482291e-03
1.120000000000000107e+01,-1.499576598898878954e+00,5.321304070338145564e+00,1.297875381820241536e+00,2.659907016671172464e-01,3.780931667053689244e-02,4.607016511762532240e-02,9.621314577985570216e-01,1.259956138899780198e+00,1.979554442437675199e+00,-5.844553458474482932e-01,-5.496611443087352777e-02,-9.167203180644794766e-03,4.973498879338024425e-02,-4.191314127507699732e-04,-4.723303041553555612e-03,2.984298393144370603e-03
1.125000000000000000e+01,-1.433690538864678343e+00,5.395382209484709257e+00,1.280274747481276121e+00,2.595004355013492137e-01,3.922556145270672534e-02,4.217802471361744437e-02,9.640238034066314077e-01,1.278907937761761371e+00,1.943825270784780956e+00,-5.783980458581556849e-01,-5.773050350739979825e-02,-1.312481382552634253e-02,4.961200824965446288e-02,-3.455800067524687639e-04,-4.855292050145177708e-03,3.013940935338888915e-03
1.130000000000000071e+01,-1.367659827856793298e+00,5.463985697966560195e+00,1.263988076576421538e+00,2.530344219560502483e-01,4.070570358099667718e-02,3.835288327115603940e-02,9.658393672584135725e-01,1.295000756393790198e+00,1.902555788532623415e+00,-5.751920778950435631e-01,-6.041417796833173370e-02,-1.740591704124470895e-02,4.940173687797664442e-02,-2.789359072437815230e-04,-4.973167854207806611e-03,3.039938129987965112e-03
1.135000000000000142e+01,-1.301176269466703506e+00,5.528167407734855487e+00,1.249251547804847151e+00,2.463471385309512762e-01,4.228739289832196546e-02,3.424985245702572012e-02,9.676527328262692906e-01,1.310492992721647987e+00,1.859481812685551683e+00,-5.691758655448547755e-01,-6.309673842470059357e-02,-2.200615736236384568e-02,4.912724987206835287e-02,-2.199602537280783440e-04,-5.096760535116572240e-03,3.055901935967411838e-03
1.140000000000000036e+01,-1.235763247234980655e+00,5.591602412885378293e+00,1.234696855929142023e+00,2.398583888773010153e-01,4.384503010155541697e-02,3.028576885039628228e-02,9.693442829179524933e-01,1.322440350912994056e+00,1.814937452965654563e+00,-5.642980509226335206e-01,-6.598527775284458718e-02,-2.628772898470562239e-02,4.887427178174638676e-02,-1.712562691075749841e-04,-5.222793821603170794e-03,3.087927903048047224e-03
1.145000000000000107e+01,-1.169391703701147200e+00,5.646199228308292462e+00,1.222921773005531509e+00,2.334234811024692990e-01,4.536338542075814273e-02,2.620514465394375991e-02,9.709628891604658030e-01,1.333611496542775221e+00,1.769130898999452528e+00,-5.563621679209799220e-01,-6.914878950223141141e-02,-3.130555622632513746e-02,4.854698037307415837e-02,-1.267800893725167140e-04,-5.357982793874603057e-03,3.108741799672493089e-03
1.150000000000000000e+01,-1.102420431651873756e+00,5.694398430126721422e+00,1.213510781650000814e+00,2.270225909227022165e-01,4.686633661616783353e-02,2.218670549579958642e-02,9.725081181163302002e-01,1.343410034453431212e+00,1.719110490240984168e+00,-5.485760684808148602e-01,-7.276123050986645080e-02,-3.677927146644762585e-02,4.814980908222091932e-02,-1.068731572459552889e-04,-5.495581631246187516e-03,3.146479131284228483e-03
1.155000000000000071e+01,-1.036151157659970901e+00,5.733399335544397069e+00,1.206352742154405355e+00,2.206550187629690574e-01,4.836612777875489572e-02,1.793260963320386300e-02,9.739869105332710220e-01,1.352286283522949217e+00,1.662083731349074611e+00,-5.404939264417861766e-01,-7.675920823674615978e-02,-4.267764057094586283e-02,4.769860519982611902e-02,-9.420738170610532328e-05,-5.623287505761338442e-03,3.183817778560069523e-03
1.160000000000000142e+01,-9.707964037137430946e-01,5.769428884668611701e+00,1.199650031226557889e+00,2.142658442094823312e-01,5.010264960576697735e-02,1.408262879216779298e-02,9.753878982609849313e-01,1.358930909230524842e+00,1.604041377699045645e+00,-5.321829122790976419e-01,-8.103024697418169386e-02,-4.829329422900442703e-02,4.724711838282574794e-02,-9.724261353519586212e-05,-5.737259222858656638e-03,3.224148087026245182e-03
1.165000000000000036e+01,-9.082105396673070263e-01,5.806706930331244187e+00,1.192297543776388746e+00,2.076739679649583226e-01,5.164103834382795938e-02,9.930128321646122802e-03,9.767835577751994292e-01,1.361342940157193482e+00,1.548869829218552763e+00,-5.232679109644996496e-01,-8.516627391385048207e-02,-5.326335975541252737e-02,4.685214719025935365e-02,-9.692466908139842194e-05,-5.853572261071945775e-03,3.267724658063310070e-03
1.170000000000000107e+01,-8.464280970222876066e-01,5.840678972878495578e+00,1.185358290461964392e+00,2.009284460212103218e-01,5.314637949401092992e-02,5.987489121091020376e-03,9.781448624310230544e-01,1.361340969988123373e+00,1.490783748429435507e+00,-5.147950297977156309e-01,-8.918654074147944200e-02,-5.800507667429496972e-02,4.644141561124554701e-02,-9.498868171862792490e-05,-5.957456434940538309e-03,3.314615261319396600e-03
1.175000000000000000e+01,-7.861533164037144417e-01,5.870699001935272499e+00,1.178803344364148131e+00,1.942655440280411649e-01,5.443357242101926063e-02,1.897384853669722808e-03,9.794356969845912086e-01,1.359274598935849232e+00,1.434449401727067031e+00,-5.079941575234848683e-01,-9.327873333243268117e-02,-6.254026910279930629e-02,4.602983033528020712e-02,-9.829255444242366755e-05,-6.049682987989882417e-03,3.365536152659426468e-03
1.180000000000000071e+01,-7.272927058229459174e-01,5.891705439141375678e+00,1.173204793354807096e+00,1.873266020547771915e-01,5.599217902766367994e-02,-2.184082093238506276e-03,9.806981440972318831e-01,1.357233525421583487e+00,1.372827192603536917e+00,-4.999940454264095169e-01,-9.744926897193216531e-02,-6.721479326149572275e-02,4.563538942978252050e-02,-9.869970765763646711e-05,-6.130192883544603386e-03,3.430132505657506985e-03
1.185000000000000142e+01,-6.694105073512877091e-01,5.906551170420804908e+00,1.168624603253102467e+00,1.809100484528166908e-01,5.749871984160088295e-02,-6.254560518054279317e-03,9.817975005356770479e-01,1.355280523893599209e+00,1.306264202314991518e+00,-4.926609666242265373e-01,-1.019452682141293032e-01,-7.192434211794873633e-02,4.522250844183140633e-02,-1.203792096612520173e-04,-6.200039902049170673e-03,3.515106392127636398e-03
1.190000000000000036e+01,-6.143143400333024307e-01,5.916986816069621291e+00,1.165672203040937882e+00,1.745182497163141611e-01,5.889570960757738172e-02,-1.040053617786000292e-02,9.828359500715199149e-01,1.348775586602779075e+00,1.240459595575060137e+00,-4.826567546527828489e-01,-1.067690549862556487e-01,-7.659861467192460860e-02,4.474330960780278227e-02,-1.585538201028673143e-04,-6.263242693022678768e-03,3.621596049948176167e-03
1.195000000000000107e+01,-5.606333682757665970e-01,5.921008240677585022e+00,1.165027365729733644e+00,1.678647596998931180e-01,6.027943928174340354e-02,-1.438946373221094456e-02,9.838601297868895257e-01,1.340223376847443415e+00,1.172790107041439933e+00,-4.745808921170358574e-01,-1.120996055772544020e-01,-8.148918048806338965e-02,4.420804874946469148e-02,-2.190210470558343699e-04,-6.330778627756912004e-03,3.730434235464310730e-03
1.200000000000000000e+01,-5.089289252924884543e-01,5.920755097074501094e+00,1.165566274364816080e+00,1.611594176734117423e-01,6.182714599389432103e-02,-1.840554854967087206e-02,9.848178927578449260e-01,1.331205805305188061e+00,1.103224414792285835e+00,-4.621794955443424002e-01,-1.175774827368763487e-01,-8.624832904529924904e-02,4.364102262719141839e-02,-2.852349188195257672e-04,-6.391725643719225504e-03,3.840243408511879834e-03
1.205000000000000071e+01,-4.599196946705664812e-01,5.915797476693970935e+00,1.167070930126673511e+00,1.545812908702101363e-01,6.326474760074586590e-02,-2.237939947171236482e-02,9.856984116367435433e-01,1.320163655844289075e+00,1.030612651794960755e+00,-4.530440258741530446e-01,-1.233155022910607246e-01,-9.091504576964931639e-02,4.309634196341054213e-02,-3.673021028583569377e-04,-6.454812730762472112e-03,3.960676477359066985e-03
1.210000000000000142e+01,-4.139243625293758666e-01,5.897549903178035180e+00,1.172726109094108349e+00,1.480357873576056416e-01,6.461216285229204326e-02,-2.604436836560440963e-02,9.865254000528315137e-01,1.302595782577975481e+00,9.510502581385449350e-01,-4.431087383598263374e-01,-1.294353698295431510e-01,-9.618919106318796208e-02,4.243576611267389775e-02,-4.470282294809288645e-04,-6.522934385307519595e-03,4.103569042147725034e-03
1.215000000000000036e+01,-3.742976536995652470e-01,5.909371409526073649e+00,1.172550511339419455e+00,1.406846062943327147e-01,6.598165763501287473e-02,-2.954684004228776140e-02,9.874113867335437833e-01,1.287270968266000182e+00,8.936426756900575086e-01,-4.332384135391425528e-01,-1.355050322030184051e-01,-9.913874168446813739e-02,4.182755008158174637e-02,-5.848817232356603654e-04,-6.586918694700113174e-03,4.211631614248526577e-03
1.220000000000000107e+01,-3.339971557948989145e-01,5.907575976529050088e+00,1.173803248936974741e+00,1.336624789253449963e-01,6.716623126921450471e-02,-3.321789301167835107e-02,9.881900680984841978e-01,1.270347734659348582e+00,8.277274486732549841e-01,-4.237277535510109994e-01,-1.414638550489936142e-01,-1.024483451805710127e-01,4.124251593551911399e-02,-7.141212002191055794e-04,-6.635178333369894446e-03,4.343883897299590305e-03
1.225000000000000000e+01,-2.951233571939432254e-01,5.899043162701585352e+00,1.176008644725906827e+00,1.265053007996707057e-01,6.839026399004094481e-02,-3.658917617602951144e-02,9.889289220402630587e-01,1.252668038718180332e+00,7.586119966986700769e-01,-4.121766444634784587e-01,-1.474089389739736966e-01,-1.057045518470206835e-01,4.067120759986333350e-02,-8.380698969102335716e-04,-6.677700723432847436e-03,4.482103847259152028e-03
1.230000000000000071e+01,-2.573752744293468231e-01,5.889411999451692914e+00,1.177117474188242419e+00,1.195221571108696923e-01,6.965351224037535927e-02,-4.001792338420061962e-02,9.895763780528317177e-01,1.235638492140740174e+00,6.911079301978899636e-01,-4.029718271760983628e-01,-1.534336623341258921e-01,-1.084752795665863967e-01,4.013447300997925044e-02,-9.847797312633750199e-04,-6.690567279433806518e-03,4.607570406880127749e-03
1.235000000000000142e+01,-2.220731092306675036e-01,5.872009745542891679e+00,1.180298014286804476e+00,1.126316464950572749e-01,7.085964746498835121e-02,-4.348100881526763273e-02,9.901527278361438311e-01,1.213743397255362177e+00,6.213296273304012018e-01,-3.935673380785103537e-01,-1.595522904167981371e-01,-1.115478303860808207e-01,3.958671315455849354e-02,-1.129109195401729404e-03,-6.718789295871839366e-03,4.739528773009814809e-03
1.240000000000000036e+01,-1.882468005018335111e-01,5.848380303989144657e+00,1.184483535883353200e+00,1.057504121470031616e-01,7.196906406211375784e-02,-4.682364995699928728e-02,9.906789843099866877e-01,1.190194197672017395e+00,5.493088051301486807e-01,-3.837377645401351400e-01,-1.657784102138632476e-01,-1.146614073082980328e-01,3.902987727417111391e-02,-1.281565233365329582e-03,-6.736001489851066969e-03,4.847783265710789782e-03
1.245000000000000107e+01,-1.555170107376294686e-01,5.822932204284878566e+00,1.187606128034698338e+00,9.871595870147785445e-02,7.307061708181886162e-02,-5.014566865499788667e-02,9.911615692368592745e-01,1.169546372819254332e+00,4.756817213205198902e-01,-3.743318373436343993e-01,-1.715966316456535024e-01,-1.173920575432228636e-01,3.848696503233534766e-02,-1.424298553041295975e-03,-6.731990449643411242e-03,4.952424187275656330e-03
1.250000000000000000e+01,-1.280517550999684673e-01,5.787652624231975906e+00,1.192725065687133545e+00,9.177873137219684507e-02,7.425538313498580845e-02,-5.323878487097343654e-02,9.915787585102097124e-01,1.144387504610147932e+00,4.001324069287069962e-01,-3.619577611006552509e-01,-1.778313601617162731e-01,-1.201453426964876336e-01,3.788975384051172096e-02,-1.582800792939685359e-03,-6.700178391194689699e-03,5.064553289062450475e-03
1.255000000000000071e+01,-1.038612742507692005e-01,5.743905132324202079e+00,1.199927693592848232e+00,8.471231866698084034e-02,7.539668120171867660e-02,-5.615326044795977689e-02,9.919606720384098741e-01,1.116140494577724684e+00,3.241422802760247079e-01,-3.500948877570774220e-01,-1.839931933919420337e-01,-1.231154654066462656e-01,3.731440480346998045e-02,-1.734684039084057180e-03,-6.685489066558339757e-03,5.177400928814063392e-03
1.260000000000000142e+01,-7.976068620496476469e-02,5.698242342641630209e+00,1.207742588540543283e+00,7.762533234988037989e-02,7.657884544870253996e-02,-5.897996450069239310e-02,9.922859225015797646e-01,1.088278359134033924e+00,2.463095965625919925e-01,-3.389603274254692766e-01,-1.901435124304069746e-01,-1.258788554751334721e-01,3.671114052363427804e-02,-1.892404171476365967e-03,-6.666448965603015246e-03,5.284624777701560187e-03
1.265000000000000036e+01,-5.716484498622402544e-02,5.648377280501497566e+00,1.216873374767103444e+00,7.069710820433360021e-02,7.734308227021856330e-02,-6.194883758343250335e-02,9.925635032775225186e-01,1.058979595122818473e+00,1.671875070248599882e-01,-3.270870908061761506e-01,-1.963092372271579844e-01,-1.286257981529966288e-01,3.609035386732908912e-02,-2.051237425519561886e-03,-6.655409129177856931e-03,5.384884579681867116e-03
1.270000000000000107e+01,-3.283623026194656264e-02,5.601291356497506868e+00,1.225610433768233865e+00,6.378298141507328378e-02,7.824099565220775376e-02,-6.487161399801434636e-02,9.927747738427121771e-01,1.031850408946562103e+00,8.835844891965038972e-02,-3.151965230757793890e-01,-2.026577763220770434e-01,-1.309464234978122976e-01,3.543660746825644942e-02,-2.230351998088872609e-03,-6.637688353518435107e-03,5.474512740158704246e-03
1.275000000000000000e+01,-6.774932660388189448e-03,5.558689993814891039e+00,1.233423614885295949e+00,5.681026989589712389e-02,7.904488353803100498e-02,-6.731867808077733606e-02,9.929716487404215419e-01,1.005186247926261434e+00,1.469291422842814929e-02,-3.059095150620556036e-01,-2.090579796249726896e-01,-1.328996274959094448e-01,3.480844296247467828e-02,-2.421116823027845595e-03,-6.627614516403961681e-03,5.533721882457088431e-03
1.280000000000000071e+01,2.186231810709704515e-02,5.520716869257021209e+00,1.241977196451663712e+00,4.978541662632537945e-02,7.992176084423033289e-02,-6.963348649207581897e-02,9.931188760636153745e-01,9.771487200699136011e-01,-5.520754860182521678e-02,-2.947704569334423930e-01,-2.162887958995928506e-01,-1.346005709927737271e-01,3.409573652834754082e-02,-2.655689200876736825e-03,-6.614362173408936015e-03,5.530812669808388843e-03
1.285000000000000142e+01,4.756648531650321116e-02,5.477212112911860942e+00,1.253399369458628732e+00,4.251448482832216602e-02,8.079674655085576640e-02,-7.187268231873449043e-02,9.932264202400624686e-01,9.514881408765850646e-01,-1.273222809441954262e-01,-2.857580965353940794e-01,-2.240774939081094375e-01,-1.362873978364129990e-01,3.328096542391324048e-02,-2.916337096260034848e-03,-6.599858170138122454e-03,5.541727398797728979e-03
1.290000000000000036e+01,6.131206541651452319e-02,5.418847916138823884e+00,1.269316318791386733e+00,3.525076383061042512e-02,8.139052663253040776e-02,-7.391047823226268298e-02,9.933127438180364699e-01,9.169564422931734127e-01,-2.021197751569922541e-01,-2.731327867533478448e-01,-2.324309885176796819e-01,-1.382738028162790178e-01,3.244279401437527577e-02,-3.200203480952804047e-03,-6.589768406707782224e-03,5.550810533157159686e-03
1.295000000000000107e+01,6.533841794920855484e-02,5.351825285408310151e+00,1.287460422423497564e+00,2.771969603485599856e-02,8.213618321375687481e-02,-7.581397350794874535e-02,9.933466199065397184e-01,8.786271242659955405e-01,-2.772735184849572376e-01,-2.593118591017899988e-01,-2.407816946359459531e-01,-1.401290455532213375e-01,3.154707721725396458e-02,-3.491511273560946992e-03,-6.566221780632532264e-03,5.590552219540328126e-03
1.300000000000000000e+01,5.618282843532410031e-02,5.272723915908736458e+00,1.305968605030316532e+00,1.978007579858621218e-02,8.250385011906484489e-02,-7.738859388665787764e-02,9.933845523528032073e-01,8.357749815096202628e-01,-3.516817695658995824e-01,-2.443021364545963081e-01,-2.481618813058734663e-01,-1.417979855532485178e-01,3.077817420441195800e-02,-3.763116964368682510e-03,-6.528657218434498997e-03,5.629407066795696045e-03
1.305000000000000071e+01,4.023315687534072954e-02,5.190064551429161455e+00,1.322701903106807908e+00,1.195164397302840749e-02,8.303868777251481592e-02,-7.903351304694725132e-02,9.933355114737512093e-01,7.862653864315161112e-01,-4.272028453980615814e-01,-2.333410093587927892e-01,-2.545349833667009398e-01,-1.430948785271967116e-01,3.015290089907440851e-02,-4.010210748624020577e-03,-6.484759262744690250e-03,5.690480875104372144e-03
1.310000000000000142e+01,2.542378391205261240e-02,5.113320538477907462e+00,1.335161880214653651e+00,3.799806635022666586e-03,8.340192875858117028e-02,-8.044846340800469731e-02,9.932561222988640637e-01,7.439861719172048415e-01,-5.016525518341787837e-01,-2.214143900741573912e-01,-2.602340809291122103e-01,-1.437337077646313466e-01,2.963986742906715016e-02,-4.251643072315798577e-03,-6.415151168656841110e-03,5.720772937003367961e-03
1.315000000000000036e+01,1.242928656785952102e-02,5.042618093525801370e+00,1.342700133478237801e+00,-4.593357322988570086e-03,8.362797492553825096e-02,-8.186071457813999530e-02,9.931183646912955520e-01,7.034647905339835861e-01,-5.685548447485614387e-01,-2.108695749889519799e-01,-2.650738696157037277e-01,-1.435760325085662092e-01,2.924288559874297505e-02,-4.477106910427878714e-03,-6.305216576294235195e-03,5.720598810410864633e-03
1.320000000000000107e+01,4.072052315164317871e-04,4.977403697399108040e+00,1.345153342750524228e+00,-1.292471769190725941e-02,8.399051692486915466e-02,-8.312543339014849542e-02,9.929092139077860812e-01,6.670887047477364051e-01,-6.357937941989771913e-01,-2.041677946683150280e-01,-2.688719940049680845e-01,-1.430010744328570338e-01,2.899014971918936756e-02,-4.675878751799685505e-03,-6.174273735227729480e-03,5.721420823091636146e-03
1.325000000000000000e+01,-1.950514570965920097e-02,4.907314562129401203e+00,1.345671242072810081e+00,-2.166879818386122439e-02,8.455139027513851324e-02,-8.419982933800319869e-02,9.926187154830696802e-01,6.320136165929823857e-01,-6.998507031738856465e-01,-1.946721002001844114e-01,-2.714075530459097996e-01,-1.420336389596548732e-01,2.879826203381689181e-02,-4.824712489665943307e-03,-6.011883200137175046e-03,5.706784774644506862e-03
1.330000000000000071e+01,-4.117146133981280237e-02,4.836203309180445942e+00,1.342977844306810109e+00,-3.032607876527738944e-02,8.473516049150282836e-02,-8.547293754763293783e-02,9.922674329384090219e-01,5.959871057452902354e-01,-7.671494334248568636e-01,-1.905578849554425414e-01,-2.730083951450895663e-01,-1.407415707679024741e-01,2.874210829484767291e-02,-4.954858807254211746e-03,-5.827971313373191478e-03,5.726689718363854598e-03
1.335000000000000142e+01,-4.294557217047081238e-02,4.779431749961607245e+00,1.334008316685390216e+00,-3.862832929257676434e-02,8.505052648877123311e-02,-8.627552006373859217e-02,9.918824500704599423e-01,5.714186321118462919e-01,-8.288034535963660909e-01,-1.892362229864336387e-01,-2.744300377096058896e-01,-1.391966425107674377e-01,2.878530540336500868e-02,-5.084563565497641179e-03,-5.638337749955248286e-03,5.705328870562919458e-03
1.340000000000000036e+01,-3.176795729511435601e-02,4.729435650050609397e+00,1.323065609993670178e+00,-4.670587476250933484e-02,8.533164096448192515e-02,-8.700362821056875640e-02,9.914471448298062262e-01,5.483716214008389489e-01,-8.893642818968557906e-01,-1.860317398180559856e-01,-2.761735542900590756e-01,-1.375476301600964402e-01,2.881959798360443289e-02,-5.219001953362768093e-03,-5.452618126768707732e-03,5.656760305264568224e-03
1.345000000000000107e+01,-1.700393213874056009e-02,4.680552558442668598e+00,1.313287091735340084e+00,-5.471646625353634302e-02,8.540435795593991075e-02,-8.790644177734524556e-02,9.909513920757695438e-01,5.280407966665754405e-01,-9.485193413276001850e-01,-1.836298895583848567e-01,-2.786654273646311797e-01,-1.356326339498402644e-01,2.875611616168418858e-02,-5.376152464999102952e-03,-5.265846620020052035e-03,5.601588277820950500e-03
1.350000000000000000e+01,-3.071631794492974896e-03,4.628700685422108663e+00,1.303789563541114749e+00,-6.258860273407682029e-02,8.543652576046312230e-02,-8.854779370461397792e-02,9.904254414663542505e-01,5.054892386643562441e-01,-1.008149245367313984e+00,-1.792492055198656453e-01,-2.809837254261684514e-01,-1.337402437344131778e-01,2.874250327791850676e-02,-5.533797078891863550e-03,-5.093274387205771851e-03,5.541422714692591407e-03
1.355000000000000071e+01,8.971742888574362959e-03,4.573299448665588685e+00,1.294992758149793532e+00,-7.028548130461663435e-02,8.537226170410824877e-02,-8.892025600292502441e-02,9.898811626259377272e-01,4.803066590826184368e-01,-1.067544157291286933e+00,-1.746283357573321648e-01,-2.834661925252031089e-01,-1.317472818633567411e-01,2.870861926324860813e-02,-5.700336617105550979e-03,-4.913072632130203315e-03,5.491476332112852320e-03
1.360000000000000142e+01,2.321753316893607200e-02,4.516095452737432403e+00,1.285233744991776783e+00,-7.797667667904580047e-02,8.535549002506973015e-02,-8.938772585830927209e-02,9.892643290256409871e-01,4.576320063725667353e-01,-1.128568565272177748e+00,-1.729803585551738798e-01,-2.857523691787992592e-01,-1.299039803520567471e-01,2.871617394785510452e-02,-5.860483879519303406e-03,-4.741546812664109746e-03,5.470375512932407029e-03
1.365000000000000036e+01,3.233394078628243351e-02,4.457454854496449848e+00,1.274361623405884769e+00,-8.556253104342413651e-02,8.530711488282344268e-02,-8.953635741480414634e-02,9.886278319634240752e-01,4.380098928379452805e-01,-1.188990882382052083e+00,-1.713287394183555523e-01,-2.886255538732362957e-01,-1.281387882719686455e-01,2.874468621516287209e-02,-6.049514261523002666e-03,-4.546974941532600650e-03,5.462321179581655986e-03
1.370000000000000107e+01,3.947823055362680716e-02,4.394381502537541451e+00,1.264242426315081769e+00,-9.326752817526277883e-02,8.508500708083754915e-02,-8.944013337187496637e-02,9.879585883530500601e-01,4.165281432624741709e-01,-1.248787517791267954e+00,-1.671818357585864445e-01,-2.909936018965070259e-01,-1.264017722303084346e-01,2.878508600253990718e-02,-6.218128412141006936e-03,-4.366310438298145156e-03,5.447397300161836882e-03
1.375000000000000000e+01,4.854856339193101139e-02,4.330331113347793526e+00,1.252130611409257410e+00,-1.009580790942380679e-01,8.475510631610964907e-02,-8.934023629054771432e-02,9.872397684445737287e-01,3.964023033989936828e-01,-1.309464530701005103e+00,-1.666732137456577445e-01,-2.931296917766230692e-01,-1.247788443620294757e-01,2.883594436240828271e-02,-6.375461324152453813e-03,-4.172929104608851664e-03,5.445848329603511680e-03
1.380000000000000071e+01,5.916535266717649899e-02,4.263927235483289557e+00,1.238958917355959199e+00,-1.086979004656893066e-01,8.430605418453337996e-02,-8.899753734588082554e-02,9.864870470556388327e-01,3.805712189248810495e-01,-1.369141271348865097e+00,-1.677171435493395590e-01,-2.949415997819556101e-01,-1.233636564358206178e-01,2.890961999544300678e-02,-6.519518987882643932e-03,-3.985949797728306071e-03,5.452119171513611535e-03
1.385000000000000142e+01,6.963038132703465444e-02,4.193786047178228671e+00,1.224870814202696501e+00,-1.162440417256890568e-01,8.388754169496576152e-02,-8.875770136660668386e-02,9.856836579551108146e-01,3.650139959406464296e-01,-1.430804686141163184e+00,-1.677811095690049659e-01,-2.964449729868807726e-01,-1.218719545572007484e-01,2.902324464067978019e-02,-6.657497688398964636e-03,-3.789833994153753074e-03,5.469097193014544472e-03
1.390000000000000036e+01,7.793013369869496165e-02,4.119432436010549203e+00,1.210096484649074489e+00,-1.239146961428781724e-01,8.343156090004659464e-02,-8.839006277307766279e-02,9.848205519426224130e-01,3.490223076979935835e-01,-1.492593257815576724e+00,-1.674120421560144623e-01,-2.972713102313644384e-01,-1.204588619532173943e-01,2.917274017612844078e-02,-6.773987662855023885e-03,-3.594401433445407277e-03,5.475327378106025975e-03
1.395000000000000107e+01,8.737762191801186351e-02,4.041602362835896578e+00,1.195377235594706100e+00,-1.314095281382645364e-01,8.268250333827696641e-02,-8.799683591171465757e-02,9.839469987889191138e-01,3.330803575425268503e-01,-1.554214330863546767e+00,-1.688523543897019474e-01,-2.978587578012392156e-01,-1.191448236369340719e-01,2.934378382810958960e-02,-6.876431579244452440e-03,-3.413180498200928462e-03,5.488778370236423697e-03
1.400000000000000000e+01,9.583135744144027912e-02,3.959782744826775946e+00,1.180275875743009628e+00,-1.389581616601370806e-01,8.185143946244217983e-02,-8.757454509165220335e-02,9.830166174678591773e-01,3.173825278380645321e-01,-1.617786500578670905e+00,-1.708038819273939302e-01,-2.981577776297693050e-01,-1.179189409237744457e-01,2.956683290636817618e-02,-6.981454478430616090e-03,-3.235346971408325362e-03,5.502430188877614932e-03
1.405000000000000071e+01,1.046951629974448988e-01,3.875272990995982880e+00,1.165594597158382095e+00,-1.462917977645723233e-01,8.087569915916956176e-02,-8.702688587447970914e-02,9.820815405694760525e-01,3.017821922613446728e-01,-1.679196034766075929e+00,-1.701684716948633214e-01,-2.984446270119057165e-01,-1.164661288031988845e-01,2.972618459214222686e-02,-7.067959013750506336e-03,-3.053616359037502736e-03,5.519395763016232519e-03
1.410000000000000142e+01,1.093881050193349774e-01,3.787947222651906198e+00,1.150566587566623999e+00,-1.538636381578677992e-01,8.005219561617074597e-02,-8.662523194284516004e-02,9.810268579507409603e-01,2.891608205832965073e-01,-1.741609843165450977e+00,-1.686243257175313592e-01,-2.984801249741534379e-01,-1.148560812443446405e-01,2.978592388485249570e-02,-7.127638515854305828e-03,-2.849776550397001458e-03,5.511672062012317602e-03
1.415000000000000036e+01,1.088312781991010586e-01,3.697067644650613438e+00,1.137060032181392843e+00,-1.616200562073678848e-01,7.898335937418043962e-02,-8.590486366517142980e-02,9.799290488459685422e-01,2.740096174199508350e-01,-1.802046499955658687e+00,-1.651705578650422279e-01,-2.983184560247115202e-01,-1.130238286032426986e-01,2.980812797456914437e-02,-7.174158055023379006e-03,-2.655404463250554334e-03,5.524539271045699092e-03
1.420000000000000107e+01,1.104551053184230913e-01,3.603998131257784010e+00,1.124832930521881380e+00,-1.689632190233292808e-01,7.750260714535409101e-02,-8.513688066879558647e-02,9.788751136140578790e-01,2.580096826610482341e-01,-1.860893364441529085e+00,-1.639647634423551936e-01,-2.981793724583227667e-01,-1.111788736279830520e-01,2.981610800212052340e-02,-7.205299687092763840e-03,-2.484608880270616077e-03,5.543960732691949334e-03
1.425000000000000000e+01,1.160309501084404449e-01,3.508244803357751351e+00,1.112376825722467544e+00,-1.759673856523549240e-01,7.598962036494405492e-02,-8.441257385460017304e-02,9.778218519539787490e-01,2.434309446397396048e-01,-1.922349249690391337e+00,-1.623775507991861156e-01,-2.980580748953806647e-01,-1.094329640577407364e-01,2.981207532128056156e-02,-7.230488945717933845e-03,-2.321199297766383084e-03,5.574586481991950122e-03
1.430000000000000071e+01,1.229079955311441485e-01,3.409270344601470715e+00,1.100189010080861562e+00,-1.830373070591885254e-01,7.440565595099657425e-02,-8.367605466486413568e-02,9.767084828456980006e-01,2.263747391119288188e-01,-1.984004360328230243e+00,-1.592482041783804814e-01,-2.979738530503796556e-01,-1.078071690333278210e-01,2.981989507117919005e-02,-7.256507722154565895e-03,-2.166616526567454685e-03,5.614607535199721972e-03
1.435000000000000142e+01,1.291584399470632749e-01,3.306438947987587973e+00,1.088205119463908632e+00,-1.902888868694702640e-01,7.265418324970493447e-02,-8.291187645597368483e-02,9.755189029090340913e-01,2.088590795577976722e-01,-2.046394038263859017e+00,-1.570845522523202920e-01,-2.975346137167438343e-01,-1.062921373732863689e-01,2.985449865149037568e-02,-7.278363160510623389e-03,-2.022692424859119653e-03,5.652730899920845216e-03
1.440000000000000036e+01,1.343622842790410388e-01,3.199467833030957831e+00,1.076368601785938184e+00,-1.975599324272774848e-01,7.082864062211530198e-02,-8.178875825925722987e-02,9.743017888669617266e-01,1.908736268377111134e-01,-2.106753874804915938e+00,-1.548619554555498989e-01,-2.965019078606042635e-01,-1.050153327825848054e-01,2.995362662508986931e-02,-7.289818937922964981e-03,-1.899105239764793196e-03,5.689472285380572578e-03
1.445000000000000107e+01,1.395216293477424541e-01,3.089299862639708572e+00,1.064217725359285716e+00,-2.046121100889410627e-01,6.876345871453415359e-02,-8.050455169503971387e-02,9.731004512931572537e-01,1.753335948476575923e-01,-2.167515862570879026e+00,-1.534076152410911997e-01,-2.954027342729924066e-01,-1.038924907960047939e-01,3.006148144408480466e-02,-7.297647221940352369e-03,-1.777942103413092997e-03,5.724441136788251117e-03
1.450000000000000000e+01,1.434003982956046919e-01,2.976159028949647567e+00,1.052025692178433225e+00,-2.117469725088814425e-01,6.651161082293136073e-02,-7.937241807147983608e-02,9.718227433583493946e-01,1.575762744779886093e-01,-2.228553053619575230e+00,-1.512859816290979820e-01,-2.940908351003141963e-01,-1.027091678141932030e-01,3.018663101042418778e-02,-7.298289386595125175e-03,-1.655264575458806949e-03,5.757043724756371987e-03
1.455000000000000071e+01,1.460293364694147944e-01,2.859922562861022310e+00,1.040106283850138924e+00,-2.188447381754086707e-01,6.417915897081259702e-02,-7.787755597715877165e-02,9.705272290882727138e-01,1.402271910483568473e-01,-2.289495643295108351e+00,-1.501411288398835642e-01,-2.925537869447565331e-01,-1.014162433243717132e-01,3.031183697209315422e-02,-7.294162600939835088e-03,-1.531429997382005061e-03,5.787075958911567369e-03
1.460000000000000142e+01,1.472818912479467723e-01,2.741974512214969018e+00,1.030102782516674420e+00,-2.257724420236047469e-01,6.182769684725206161e-02,-7.651131284615798889e-02,9.692007838068537051e-01,1.210554290339224681e-01,-2.349078253597990162e+00,-1.473040832455509708e-01,-2.910974927229417197e-01,-9.997544456679399727e-02,3.038124383486998092e-02,-7.288635788147439579e-03,-1.426164290726818435e-03,5.803344353427664082e-03
1.465000000000000036e+01,1.480070723159132851e-01,2.622383421837963802e+00,1.021109076981069119e+00,-2.326999284556799941e-01,5.903586173260810810e-02,-7.502061866689269110e-02,9.678519603229858159e-01,1.004838392005288211e-01,-2.406493563181169026e+00,-1.461862421772111009e-01,-2.899359331823153085e-01,-9.823376715268611337e-02,3.036344037307659588e-02,-7.277386096175787224e-03,-1.316122258513716808e-03,5.813750518504318815e-03
1.470000000000000107e+01,1.470326517551429624e-01,2.500116575593533952e+00,1.012748930831978811e+00,-2.397157169986707526e-01,5.634426396343921589e-02,-7.377662884998728576e-02,9.663946957520839209e-01,8.007508375053266902e-02,-2.462986611741312171e+00,-1.427537836978743646e-01,-2.885284749328353993e-01,-9.647602360381331288e-02,3.036444026391199244e-02,-7.264405575955593802e-03,-1.215462777299481561e-03,5.824260339488255590e-03
1.475000000000000000e+01,1.457749716807152096e-01,2.374768688490712876e+00,1.004267815092855010e+00,-2.467014446131544636e-01,5.350327695073711642e-02,-7.225785242206567149e-02,9.649117054656690673e-01,5.844105574180918916e-02,-2.519489300285700839e+00,-1.413929875333812536e-01,-2.869972766456751478e-01,-9.492456712643781991e-02,3.038963184147615293e-02,-7.250548362564823539e-03,-1.121769711833594347e-03,5.831485419981271082e-03
1.480000000000000071e+01,1.427328171985693672e-01,2.247771928954637399e+00,9.968998631924311793e-01,-2.537068691876948612e-01,5.046786807270397385e-02,-7.041020293052500933e-02,9.633941156881000722e-01,3.490618457402350217e-02,-2.574817369252741628e+00,-1.403179495303752411e-01,-2.853632133872155974e-01,-9.321213301752545588e-02,3.039692642286695445e-02,-7.233280426981943644e-03,-1.037695431377406389e-03,5.833955632788625362e-03
1.485000000000000142e+01,1.387055363226439297e-01,2.117723087551323324e+00,9.889867947882419186e-01,-2.605643511677980806e-01,4.738177491191432333e-02,-6.862525933108930276e-02,9.618480961609489066e-01,1.153962920821537466e-02,-2.628057647673067709e+00,-1.378383399472885573e-01,-2.835620949377966604e-01,-9.156696571593880840e-02,3.041878474513678640e-02,-7.209027208751050096e-03,-9.479314955689115921e-04,5.839759342726829477e-03
1.490000000000000036e+01,1.324176211246268497e-01,1.985712295641404834e+00,9.813344652975991567e-01,-2.671920976282561311e-01,4.435325695208149066e-02,-6.679751988727221368e-02,9.603016520342264606e-01,-1.019363593342509366e-02,-2.681321306545910499e+00,-1.358809118831754148e-01,-2.817414419485633759e-01,-8.996230497876304966e-02,3.046176574155298050e-02,-7.186922696569281524e-03,-8.638752994852027557e-04,5.849876627432734622e-03
1.495000000000000107e+01,1.264571133306649775e-01,1.851475363469653690e+00,9.739802696516650649e-01,-2.739716870513403957e-01,4.110154548152313708e-02,-6.486951692495541988e-02,9.586668469427717110e-01,-3.126651568866892217e-02,-2.731892772513834888e+00,-1.360222354463045402e-01,-2.802244388917913831e-01,-8.857273871146081889e-02,3.049369224086638172e-02,-7.170380568572241008e-03,-7.940743170797171652e-04,5.857942151677322275e-03
1.500000000000000000e+01,1.196794616877165929e-01,1.716730570980783854e+00,9.688949966915534340e-01,-2.808436098215882359e-01,3.773581509763086761e-02,-6.310513568237126336e-02,9.569329218559713413e-01,-5.472956301871453183e-02,-2.785195892165310383e+00,-1.343444373491783916e-01,-2.795582343197461905e-01,-8.679100371277823078e-02,3.037826389091198218e-02,-7.178367806312467916e-03,-7.204573422232943844e-04,5.856914459658863446e-03
1.505000000000000071e+01,1.128252984638782735e-01,1.578571341036989706e+00,9.632661223260668981e-01,-2.873828298747012067e-01,3.445153242867050186e-02,-6.115462076376780576e-02,9.552404479322285091e-01,-7.477055678337243827e-02,-2.839126656993161912e+00,-1.311566444449742685e-01,-2.789608725932035127e-01,-8.540163716500440150e-02,3.029946356954501402e-02,-7.188693337928152814e-03,-6.570860932012850993e-04,5.854734406575247754e-03
1.510000000000000142e+01,1.066729951552128075e-01,1.436506382637835921e+00,9.569020439578198589e-01,-2.942566069826514918e-01,3.099999025683340681e-02,-5.898359838059779453e-02,9.534007473110192032e-01,-9.156890943192742827e-02,-2.894340885589604007e+00,-1.281683998279771197e-01,-2.785379907082599082e-01,-8.443561015237144307e-02,3.024719011565627294e-02,-7.205126271352749363e-03,-5.982564090517300147e-04,5.849286890845602563e-03
1.515000000000000036e+01,9.887795137810206914e-02,1.292439992790992420e+00,9.512578195368536216e-01,-3.009650138208805337e-01,2.760198779058858909e-02,-5.683514235791796432e-02,9.515397823102094144e-01,-1.098908269194068810e-01,-2.947779716493860835e+00,-1.262806961689391938e-01,-2.781320272552657014e-01,-8.332245790329616264e-02,3.016471912295041677e-02,-7.217301427468236774e-03,-5.417548836697816395e-04,5.855042009210127858e-03
1.520000000000000107e+01,9.253731094876223306e-02,1.144187946899971386e+00,9.451897807784892525e-01,-3.078140104369305186e-01,2.420388954765792175e-02,-5.457724354902179775e-02,9.495714987277622532e-01,-1.236365891218864504e-01,-3.000155823995309223e+00,-1.233976701831627221e-01,-2.780632339728022484e-01,-8.261403475264196550e-02,3.006036978316347502e-02,-7.238061716980218746e-03,-4.867686496960322152e-04,5.845630160223510771e-03
1.525000000000000000e+01,8.614302758948745586e-02,9.927214106470366728e-01,9.388220190878207028e-01,-3.146593505125382939e-01,2.078396365960103256e-02,-5.255726764259417011e-02,9.475205821551153651e-01,-1.360996366066208330e-01,-3.053351782449951646e+00,-1.211902568779859440e-01,-2.779950502910198962e-01,-8.216248613164435499e-02,2.999057001134037420e-02,-7.262408714563396012e-03,-4.382278040334356599e-04,5.838124198987289411e-03
1.530000000000000071e+01,8.017095400808134376e-02,8.374148905240119678e-01,9.319549110558056348e-01,-3.214717357534194186e-01,1.727902884454046717e-02,-5.038197971196674979e-02,9.454200200938078780e-01,-1.466926693025831785e-01,-3.107407640349965305e+00,-1.197177119151555807e-01,-2.779429168923267524e-01,-8.201075185842686410e-02,2.993914387278523784e-02,-7.282482216519749023e-03,-3.961896686993016310e-04,5.830368996605589556e-03
1.535000000000000142e+01,7.310918195414140008e-02,6.799466731006229558e-01,9.257891616093453235e-01,-3.283609240784259864e-01,1.383274192964159197e-02,-4.819342032428913791e-02,9.432206279691494055e-01,-1.575461518849701759e-01,-3.157278963335471200e+00,-1.183552542264603852e-01,-2.778200259636529612e-01,-8.201225175075171903e-02,2.991173042489979339e-02,-7.307366662598225454e-03,-3.719593287633734527e-04,5.825634311802495822e-03
1.540000000000000036e+01,6.523142076585874971e-02,5.205683591030371149e-01,9.199068096392385430e-01,-3.351533133237506457e-01,1.014850050410758334e-02,-4.607504020531503347e-02,9.409815913054350167e-01,-1.696332792561345004e-01,-3.207083292845265277e+00,-1.160604182870867418e-01,-2.775611094312874227e-01,-8.193888426434287053e-02,2.988638285358859517e-02,-7.326935532651005466e-03,-3.502729728942600507e-04,5.819986209045633317e-03
1.545000000000000107e+01,5.539833600335146435e-02,3.608379645026280058e-01,9.151569569181986497e-01,-3.419096294025692484e-01,6.421495396372321404e-03,-4.377828209503391993e-02,9.386905942510981316e-01,-1.830672556602699064e-01,-3.256048072566549934e+00,-1.139662996667130251e-01,-2.770793209198569307e-01,-8.152749774458173393e-02,2.983681667256071410e-02,-7.346368608273949261e-03,-3.267130875146371529e-04,5.813574379397973280e-03
1.550000000000000000e+01,4.539992854359119895e-02,1.985003795101379365e-01,9.106472419832348786e-01,-3.485220301204418059e-01,2.607815077102673077e-03,-4.143358536455050284e-02,9.363807194859833372e-01,-1.960749072405567339e-01,-3.301043934023337290e+00,-1.102168772992290491e-01,-2.766893039597357329e-01,-8.127652325009034062e-02,2.979292708119670938e-02,-7.366596245978681429e-03,-3.120244338153268073e-04,5.808800079506296760e-03
1.555000000000000071e+01,3.403843189395965030e-02,3.449176346811180099e-02,9.065582037421938688e-01,-3.551118015005123585e-01,-1.277818154903795312e-03,-3.907673285783664491e-02,9.340058803695941991e-01,-2.099691872890019906e-01,-3.346400204836004200e+00,-1.082805021208843588e-01,-2.762373375795121322e-01,-8.101177896816444401e-02,2.974803452133793769e-02,-7.383452582571544374e-03,-3.019125026974671410e-04,5.808153761841293103e-03
1.560000000000000142e+01,2.216428574338726032e-02,-1.317384884354906860e-01,9.026314237663161100e-01,-3.617844980176816438e-01,-5.176923470508679702e-03,-3.668225818961163426e-02,9.315254094181142364e-01,-2.203164645204344629e-01,-3.390193345125834590e+00,-1.038866804977435221e-01,-2.757067721993490816e-01,-8.083063369065998649e-02,2.970632700579086544e-02,-7.402182243546200774e-03,-2.912547196661049347e-04,5.806158546698219312e-03
1.565000000000000036e+01,1.156662780506512687e-02,-3.017974480647138691e-01,8.978788966456391352e-01,-3.685213010147387891e-01,-9.130750457771284398e-03,-3.419415343691734749e-02,9.289453374473736202e-01,-2.301102829101802083e-01,-3.434407526333947303e+00,-1.032956115459859048e-01,-2.753060840584370950e-01,-8.112209513041310216e-02,2.971287916676319460e-02,-7.426815345977146911e-03,-2.885748954408942223e-04,5.798718499787477478e-03
1.570000000000000107e+01,4.713143130016770070e-04,-4.733942314509799743e-01,8.930163726231491461e-01,-3.753599198406096238e-01,-1.315366500702990632e-02,-3.198022346060135079e-02,9.262338673259274957e-01,-2.384075939841167058e-01,-3.474307569405870044e+00,-1.007107034224701686e-01,-2.747379165180906524e-01,-8.124188078888645859e-02,2.970489955879035762e-02,-7.450641598410499139e-03,-2.712495254185507266e-04,5.785608609500509335e-03
1.575000000000000000e+01,-1.152042112090527828e-02,-6.462154680846478039e-01,8.881126752839828553e-01,-3.819552565047673043e-01,-1.701358305384685632e-02,-2.951624075207626846e-02,9.235526577038868368e-01,-2.485887151579083687e-01,-3.512503535531700027e+00,-9.737382986926826356e-02,-2.740551825644092498e-01,-8.138156229093343463e-02,2.971808330247894397e-02,-7.476566012166506979e-03,-2.524576013358057879e-04,5.776867240637434224e-03
1.580000000000000071e+01,-2.327693984063398600e-02,-8.208292330058221120e-01,8.833931356046583749e-01,-3.885536142141711724e-01,-2.084186735176654301e-02,-2.714139428118442915e-02,9.207904485619241575e-01,-2.569206687226356367e-01,-3.549444036768487187e+00,-9.746990588021314794e-02,-2.734464103819926328e-01,-8.164849302958575306e-02,2.973993094652357602e-02,-7.503862185832516941e-03,-2.413195510915875231e-04,5.761643687564762389e-03
1.585000000000000142e+01,-2.892357907641956299e-02,-1.003278482654151205e+00,8.753906417509548232e-01,-3.955627635391821273e-01,-2.457481666208615606e-02,-2.480663066960744900e-02,9.177749231495114790e-01,-2.546938487835817000e-01,-3.589555775397367032e+00,-9.556563237768864183e-02,-2.726188694484275032e-01,-8.304170684694343885e-02,2.987494055021941083e-02,-7.514253575842325464e-03,-2.347951769765380700e-04,5.724373890371011776e-03
1.590000000000000036e+01,-3.607009450693876573e-02,-1.183869686900171914e+00,8.649877778766094094e-01,-4.024273148962737578e-01,-2.827712770973624112e-02,-2.264173544305011360e-02,9.147349408927099024e-01,-2.508153319441880358e-01,-3.620822441836367922e+00,-9.692438009773159113e-02,-2.707128031385532818e-01,-8.440245543080952817e-02,3.018880553885270115e-02,-7.495532782951541337e-03,-2.295359655249886864e-04,5.700755370900246338e-03
1.595000000000000107e+01,-3.915171195210967459e-02,-1.369610338755746115e+00,8.547314564577558338e-01,-4.095796598137961264e-01,-3.192135126307563825e-02,-2.042403112573163565e-02,9.114869107962711992e-01,-2.392840854296253428e-01,-3.654186901133951615e+00,-9.933214301568206450e-02,-2.692612779503509857e-01,-8.652912600045294111e-02,3.048634322101560420e-02,-7.493420234238378462e-03,-2.384048288052809735e-04,5.663328124914231328e-03
1.600000000000000000e+01,-4.529306933123347645e-02,-1.551769488240362094e+00,8.466270670091458062e-01,-4.165021592709263754e-01,-3.582114589040932134e-02,-1.834704423078499166e-02,9.082434600908214639e-01,-2.334954075361768688e-01,-3.681050607747051728e+00,-9.841652648155171934e-02,-2.675019336533483449e-01,-8.796555206630941870e-02,3.069118961046169922e-02,-7.484812529118500292e-03,-2.417781990219911904e-04,5.630867275731179546e-03
1.605000000000000071e+01,-5.314140270052439274e-02,-1.734162183992547179e+00,8.395435201205273534e-01,-4.231871648251541718e-01,-3.957974445582818773e-02,-1.619802141426768954e-02,9.050324256391711897e-01,-2.307122885377506649e-01,-3.709962629100903353e+00,-1.002959499467090815e-01,-2.659980089854956931e-01,-8.908509239473144659e-02,3.084290263550807515e-02,-7.480451861092664995e-03,-2.410195517210040651e-04,5.610476442710488586e-03
1.610000000000000142e+01,-6.176946011328197927e-02,-1.916002945995894935e+00,8.328608212937502753e-01,-4.298628556166542714e-01,-4.321757348995482195e-02,-1.406411748899924312e-02,9.017496145283298015e-01,-2.276677232815616791e-01,-3.736478353230363592e+00,-9.891033139431543164e-02,-2.644140196107148677e-01,-8.998237985573750986e-02,3.098768938487611938e-02,-7.471857707049337632e-03,-2.384679669113007740e-04,5.590488059544696658e-03
1.615000000000000213e+01,-7.169143683531474520e-02,-2.097892199409472802e+00,8.269676589610883699e-01,-4.364113259647382503e-01,-4.700609066307197964e-02,-1.205539808642501660e-02,8.984376713981063745e-01,-2.276469598169506003e-01,-3.758917827436607073e+00,-9.598067320521962154e-02,-2.628322987021614043e-01,-9.062234534233262750e-02,3.109342293490945097e-02,-7.456329040632989416e-03,-2.340964473566122743e-04,5.575370060650780037e-03
1.619999999999999929e+01,-8.011335211871721540e-02,-2.279297629812103043e+00,8.212675910699862580e-01,-4.431672355417494158e-01,-5.076794735482613452e-02,-9.953913873748996763e-03,8.949448790077828564e-01,-2.229757476291200635e-01,-3.779639199572629504e+00,-9.454427710415506947e-02,-2.608732014525758092e-01,-9.152163106258183467e-02,3.122190503765718064e-02,-7.431080289883314899e-03,-2.361235838268078372e-04,5.540335620869012850e-03
1.625000000000000000e+01,-8.732026483679453110e-02,-2.459535437872161445e+00,8.166065352434711544e-01,-4.499533951470688908e-01,-5.426710917232027698e-02,-7.910270247552237885e-03,8.913666196814393761e-01,-2.174495985963720290e-01,-3.795037845246417074e+00,-9.186495882012012115e-02,-2.587316106829800622e-01,-9.245459662021421332e-02,3.133765344494578164e-02,-7.397524612752348801e-03,-2.510611264114162881e-04,5.474582656195169789e-03
1.630000000000000071e+01,-9.618082381234571709e-02,-2.638353956334590578e+00,8.130542425602035328e-01,-4.568233668473868359e-01,-5.774143476638475547e-02,-5.809242360598004633e-03,8.876624307227005684e-01,-2.120664056758684024e-01,-3.806783763928687669e+00,-8.842661390851400127e-02,-2.564645246880347673e-01,-9.319725071031831343e-02,3.140010162873568822e-02,-7.363795876323474092e-03,-2.566923376552993248e-04,5.424918349804956630e-03
1.635000000000000142e+01,-1.061353653469629954e-01,-2.815253105183785909e+00,8.097535317314331627e-01,-4.634993567185501928e-01,-6.125577169275599199e-02,-3.865250945360971992e-03,8.839689681153656275e-01,-2.087836238693332180e-01,-3.814248594045897889e+00,-8.647419532309920387e-02,-2.541082462832790489e-01,-9.388338984477381799e-02,3.147139162575332549e-02,-7.334419809187826995e-03,-2.581093489352756574e-04,5.389521035761924220e-03
1.640000000000000213e+01,-1.162485744906707891e-01,-2.991356867789789931e+00,8.064639265615373143e-01,-4.701873718372492350e-01,-6.478286138518375703e-02,-1.949567068066344151e-03,8.801836259689086450e-01,-2.082434182267784983e-01,-3.822061447435038062e+00,-8.285007379846778819e-02,-2.518908468913003129e-01,-9.436031277794848515e-02,3.155825752342118762e-02,-7.303801903441160814e-03,-2.641266356678671377e-04,5.344237867831759525e-03
1.644999999999999929e+01,-1.240668038648379962e-01,-3.164872752354956909e+00,8.009619790386014460e-01,-4.768711904618384012e-01,-6.825671639878905239e-02,-8.269161558187975304e-05,8.763189382502588609e-01,-2.028957472598422185e-01,-3.825037519064993230e+00,-8.215051816516788508e-02,-2.491371109761623681e-01,-9.499964358991458413e-02,3.175971910005807863e-02,-7.260927300463253589e-03,-2.621509548037379749e-04,5.285035336590191042e-03
1.650000000000000000e+01,-1.313678945696300226e-01,-3.338163816976479126e+00,7.963558868562158333e-01,-4.835246336758239893e-01,-7.136327034911456313e-02,1.720356338580335352e-03,8.724151836412566974e-01,-1.968680344204859489e-01,-3.826277936576599537e+00,-7.957254264470677019e-02,-2.466346875916482495e-01,-9.575604337553521306e-02,3.193243371174524226e-02,-7.233436910149838514e-03,-2.588294530192916470e-04,5.236352101634454866e-03
1.655000000000000071e+01,-1.378105990672619241e-01,-3.511713836148474766e+00,7.919262046135034927e-01,-4.901989132837519247e-01,-7.459233124490853573e-02,3.690846773473110444e-03,8.684050824269590185e-01,-1.881561209789656963e-01,-3.825066721419149385e+00,-7.932400471788750296e-02,-2.442221122003797040e-01,-9.658516147918409789e-02,3.209686935700487714e-02,-7.204507401083726746e-03,-2.545645129646200919e-04,5.195146721108498747e-03
1.660000000000000142e+01,-1.420798239903112437e-01,-3.683505926350786996e+00,7.892565228264289967e-01,-4.970152162700126053e-01,-7.760776942331645833e-02,5.273970979597900413e-03,8.642482827008198809e-01,-1.783418052732198278e-01,-3.821462088698757142e+00,-7.559805780084058457e-02,-2.416191134514344696e-01,-9.767093249954254819e-02,3.221123620328699561e-02,-7.171302713155324783e-03,-2.627025621722418294e-04,5.135203450081584492e-03
1.665000000000000213e+01,-1.476948988740026669e-01,-3.852080279887473147e+00,7.872756700289454956e-01,-5.037811490976824569e-01,-8.052751154301983350e-02,7.033904052050819061e-03,8.600409280332500517e-01,-1.703960438744319683e-01,-3.811813490080433464e+00,-7.110086593826576984e-02,-2.386134274604933825e-01,-9.854053984743299521e-02,3.229367445679891258e-02,-7.120085519796109756e-03,-2.691519514205971712e-04,5.084025304071701674e-03
1.669999999999999929e+01,-1.476323475075422831e-01,-4.018946907596907536e+00,7.865275148308121800e-01,-5.108262662457817571e-01,-8.319833168206709761e-02,8.368873174413125199e-03,8.556076935608427636e-01,-1.513557237506266973e-01,-3.800609542767374727e+00,-6.674337811787864339e-02,-2.353754924615539534e-01,-1.001302180518453683e-01,3.236617350075873117e-02,-7.071678806112469823e-03,-2.730937289669852137e-04,5.021991098135092021e-03
1.675000000000000000e+01,-1.379146860503259742e-01,-4.178667222140688864e+00,7.877564126658466170e-01,-5.184896294800706018e-01,-8.580958660127907534e-02,9.932761352696835300e-03,8.507094446524307019e-01,-1.243784383055866194e-01,-3.781890967611612808e+00,-6.081223828202123732e-02,-2.312196167803896862e-01,-1.024773088230550855e-01,3.243637527349133021e-02,-7.005314284921795691e-03,-2.881844576247939390e-04,4.878022406669861068e-03
1.680000000000000071e+01,-1.307987515752639662e-01,-4.330713573918721693e+00,7.899248900289236319e-01,-5.259783889058909923e-01,-8.833595866512300443e-02,1.112387462889251333e-02,8.458248945401865004e-01,-1.006385908331376977e-01,-3.758823055270738678e+00,-5.597277675371826328e-02,-2.263879681497679985e-01,-1.046117575227377972e-01,3.250594743159134631e-02,-6.913984829575606748e-03,-3.166102059063927859e-04,4.763431451168357277e-03
1.685000000000000142e+01,-1.269871862417435160e-01,-4.477835143949476127e+00,7.933381933811958220e-01,-5.330893255940686304e-01,-9.073339517256365228e-02,1.243741654041929240e-02,8.410877080352088253e-01,-7.967288219178239594e-02,-3.731087600343514055e+00,-5.060739551016640858e-02,-2.216171808252952180e-01,-1.064616332139236426e-01,3.254324853793009314e-02,-6.829796171481895481e-03,-3.388791607884265107e-04,4.687734165047420867e-03
1.690000000000000213e+01,-1.267478198451140181e-01,-4.620890200783924762e+00,7.952728444638217375e-01,-5.400946377003774668e-01,-9.324453660276804667e-02,1.371141940225952503e-02,8.363104900089488591e-01,-6.086966940762085498e-02,-3.698215964243085629e+00,-4.377066873136858244e-02,-2.168460604614322329e-01,-1.078714837870973636e-01,3.264207784787272193e-02,-6.738920350914303498e-03,-3.573121417856558991e-04,4.651501205904341914e-03
1.694999999999999929e+01,-1.224000952096044870e-01,-4.773123996187872642e+00,7.965766415029504888e-01,-5.469813746910923147e-01,-9.549690008400503471e-02,1.454425215807059017e-02,8.315528741725031203e-01,-4.381247404235386056e-02,-3.672831576103080309e+00,-3.919446209536066317e-02,-2.128028887411014258e-01,-1.092107672118152462e-01,3.270904328464235150e-02,-6.636077258470889431e-03,-3.856009659393563275e-04,4.594629968456162734e-03
1.700000000000000000e+01,-1.212150378809074419e-01,-4.911830433885764791e+00,8.012778282986219303e-01,-5.535846908419802537e-01,-9.781666372107987451e-02,1.555304478494519069e-02,8.268820914506394004e-01,-2.832170116638876509e-02,-3.635180005662478120e+00,-3.207289325924406881e-02,-2.080724411041310340e-01,-1.106821894861783617e-01,3.271932220904045369e-02,-6.537436604216147369e-03,-4.093586376490676820e-04,4.573947777209278788e-03
1.705000000000000071e+01,-1.126373799304327405e-01,-5.051329654498936783e+00,8.040520763244225488e-01,-5.604322295565367096e-01,-9.965231711575513185e-02,1.641752355604598687e-02,8.220192191719347674e-01,-7.184715429713661727e-03,-3.601571742554887212e+00,-2.592058806405053359e-02,-2.036681207526610249e-01,-1.123014734672995729e-01,3.280990787143238385e-02,-6.438930277658327581e-03,-4.269770901509393275e-04,4.520435185284193101e-03
1.710000000000000142e+01,-1.064301143240434511e-01,-5.188411676409134365e+00,8.060200174220940594e-01,-5.671200142315288018e-01,-1.012910611819959061e-01,1.721669728504353000e-02,8.172016860709788721e-01,9.845926593909407401e-03,-3.563346428904682117e+00,-1.947388878920950500e-02,-1.994632055332707932e-01,-1.134945275394440428e-01,3.292542072243639234e-02,-6.341986072888371531e-03,-4.413706858343531872e-04,4.484021155570224598e-03
1.715000000000000213e+01,-9.954888297283215337e-02,-5.323883570108142393e+00,8.076092514248057741e-01,-5.734799594975500403e-01,-1.031213577812628845e-01,1.829084759452922343e-02,8.124974870843054697e-01,2.760252777640291588e-02,-3.524763634768187437e+00,-1.524451287591605322e-02,-1.953424376077247115e-01,-1.147079224812314613e-01,3.307011602127248734e-02,-6.239549577376700754e-03,-4.639925859367681656e-04,4.462732744493639984e-03
1.719999999999999929e+01,-9.218625558579224277e-02,-5.451057757340171506e+00,8.118284616181192792e-01,-5.799362454269858524e-01,-1.047402655825703799e-01,1.920468515362140985e-02,8.076723395498287550e-01,4.349972964824651289e-02,-3.481045070834753563e+00,-8.577920234725160478e-03,-1.910419038204683173e-01,-1.160063866406067234e-01,3.315754344608680404e-02,-6.144860374752630222e-03,-4.834396076904375799e-04,4.440583675467166258e-03
1.725000000000000000e+01,-8.139941187377819354e-02,-5.569807507722119411e+00,8.201328677431308778e-01,-5.867219150778901771e-01,-1.064538843748420033e-01,1.993628712625313687e-02,8.025132455757102434e-01,6.123483773660608892e-02,-3.432402991678787263e+00,-2.518224855486245542e-03,-1.863558171240830008e-01,-1.175124611942575115e-01,3.314393649733882868e-02,-6.050753191131063094e-03,-5.161063556447214717e-04,4.367225413116604046e-03
1.730000000000000071e+01,-7.293669157346603649e-02,-5.679733082304150749e+00,8.304602153098892270e-01,-5.932474919368482258e-01,-1.078296925659292943e-01,2.062157468305354791e-02,7.974991670023032775e-01,7.588129517918437705e-02,-3.377547829657207235e+00,6.026706100529627755e-03,-1.811216684463647641e-01,-1.190587350203334560e-01,3.308675052362598790e-02,-5.937743678968300520e-03,-5.513606981714877248e-04,4.320969343082408862e-03
1.735000000000000142e+01,-6.251814108893072319e-02,-5.785478388450794540e+00,8.418989967042475042e-01,-5.998744116528401671e-01,-1.090294050087665945e-01,2.126685633898870234e-02,7.923452529731279670e-01,9.286879156270801128e-02,-3.323396345608546465e+00,1.338472612997209689e-02,-1.761060119435944316e-01,-1.207388369555468660e-01,3.303440626917559381e-02,-5.832737036123420392e-03,-5.957675398307105998e-04,4.271968481006466548e-03
1.740000000000000213e+01,-5.006558715432113393e-02,-5.888087361701700218e+00,8.557325478437775024e-01,-6.065908705398336265e-01,-1.103210142768239616e-01,2.195148192460506104e-02,7.870164687145838611e-01,1.048706223021895201e-01,-3.268888666897319162e+00,2.356230482944866866e-02,-1.716276420084160703e-01,-1.224540782895025132e-01,3.293770671955111723e-02,-5.760251372240485050e-03,-6.466820825029120402e-04,4.197017965038931514e-03
1.744999999999999929e+01,-3.748461529866320419e-02,-5.980871745882344825e+00,8.724198739221989962e-01,-6.133939559618171167e-01,-1.113500762626948165e-01,2.257646183758479572e-02,7.815621016123417419e-01,1.157182826855395474e-01,-3.207156911740961736e+00,3.085534485793486534e-02,-1.667602015435690199e-01,-1.242068156380587152e-01,3.278730835452391829e-02,-5.678727580405998170e-03,-7.072902620462669142e-04,4.092505931214116856e-03
1.750000000000000000e+01,-2.676939624476724205e-02,-6.064172673339793818e+00,8.925753863030641000e-01,-6.201038538376391074e-01,-1.122851127991841003e-01,2.326787336718537380e-02,7.760939826904671435e-01,1.227872349594423956e-01,-3.139788662027062749e+00,4.162825914575715713e-02,-1.614766357125254348e-01,-1.259869150761796786e-01,3.255644128416874256e-02,-5.586432693806703612e-03,-7.820219252842370737e-04,3.964737806020376606e-03
1.755000000000000071e+01,-1.705413099965148727e-02,-6.129364340624314345e+00,9.163607497515307010e-01,-6.268641337573699346e-01,-1.131135308901931730e-01,2.377422636825709049e-02,7.705072829628325515e-01,1.290390007080068902e-01,-3.064227488955785006e+00,5.376592209269470679e-02,-1.555419552277124140e-01,-1.280334663250626281e-01,3.228785279005104425e-02,-5.491705525980323903e-03,-8.530783117668538224e-04,3.865515574574546719e-03
1.760000000000000142e+01,1.853545678424365142e-03,-6.186911639737333601e+00,9.367552563473096061e-01,-6.338556780926632994e-01,-1.137913192660229417e-01,2.419275012374739325e-02,7.646523562056406487e-01,1.426511178732056406e-01,-2.984794943117794919e+00,6.434414925885942327e-02,-1.489081960517320280e-01,-1.301816552831145390e-01,3.215071662024520521e-02,-5.353785965051807358e-03,-9.185856367500274625e-04,3.738187633038193500e-03
1.765000000000000213e+01,2.533916603437690387e-02,-6.210731068237142161e+00,9.605026685119784080e-01,-6.409101251095786766e-01,-1.141163350737788018e-01,2.457134685346194433e-02,7.586882907460481551e-01,1.659727762971877907e-01,-2.886635555290743227e+00,7.515312684798917953e-02,-1.408501307763365684e-01,-1.329293192272394397e-01,3.206210120939299857e-02,-5.197466360221850157e-03,-9.788075200869463238e-04,3.661717893785747333e-03
1.769999999999999929e+01,4.578703959180936700e-02,-6.196797259620711706e+00,9.917974731139899136e-01,-6.479019246432771162e-01,-1.140155286390026335e-01,2.505003982356088579e-02,7.527257473858218750e-01,1.923513371886900747e-01,-2.769913148347777465e+00,8.927736516513300191e-02,-1.313894208362379468e-01,-1.360980911189506315e-01,3.189491149385301205e-02,-5.033369036081080175e-03,-1.046506823149195072e-03,3.634145329379382360e-03
1.775000000000000000e+01,7.110163189649496007e-02,-6.137832497425169009e+00,1.030146392229594143e+00,-6.551618050214577105e-01,-1.137051439633039313e-01,2.513432624046818900e-02,7.464599219795711171e-01,2.232537957393574690e-01,-2.630823454231637104e+00,1.060454499043496923e-01,-1.200995968461888858e-01,-1.400040957608570114e-01,3.170713838030798926e-02,-4.844062766782526903e-03,-1.121996626499148237e-03,3.638933354124634575e-03
1.780000000000000071e+01,1.026458271030424863e-01,-5.994829300384918014e+00,1.079318192862982695e+00,-6.627255938310320227e-01,-1.131624215205675188e-01,2.576282517093336777e-02,7.398143892059136917e-01,2.660916271621646678e-01,-2.446002571016465676e+00,1.257494775274815846e-01,-1.065026641545450681e-01,-1.447735968834661935e-01,3.156210851571513570e-02,-4.684292261995904628e-03,-1.182175381288428717e-03,3.709845114498626969e-03
1.785000000000000142e+01,1.280591032886274350e-01,-5.834938209855289770e+00,1.130417323874651547e+00,-6.700815343878107067e-01,-1.125685918756408332e-01,2.642541709502747860e-02,7.332262588907781931e-01,2.986691095835201648e-01,-2.259663274833319857e+00,1.469392842185324455e-01,-9.302350763193124872e-02,-1.489596595816241320e-01,3.138972344150750549e-02,-4.530244531017940668e-03,-1.247228394499328569e-03,3.773214813366979666e-03
1.790000000000000213e+01,1.536454671645781089e-01,-5.632636225720443868e+00,1.183268233393360847e+00,-6.774910732513111933e-01,-1.117618604867959553e-01,2.696090084269258530e-02,7.264903592141239708e-01,3.322513884417878649e-01,-2.054591807177718277e+00,1.683170443871729038e-01,-7.816548200772009680e-02,-1.529169851752180675e-01,3.128393644300957871e-02,-4.345424137617515115e-03,-1.303049459627084140e-03,3.846893085943849794e-03
1.794999999999999929e+01,1.807600407085697691e-01,-5.464860022868211153e+00,1.227963293296994385e+00,-6.845895410925665336e-01,-1.108048622446557441e-01,2.745457618021535096e-02,7.199345032545508838e-01,3.554139254579446461e-01,-1.871243001343231738e+00,1.844925252212269995e-01,-6.609752221526149496e-02,-1.559939016042088122e-01,3.129694472085010892e-02,-4.194279504429018063e-03,-1.358955357084430833e-03,3.885001857138097384e-03
1.800000000000000000e+01,2.282603063196590731e-01,-5.368550459564693789e+00,1.251186962975153527e+00,-6.918572607199079405e-01,-1.097197820074562735e-01,2.728235554751099606e-02,7.131274593655477778e-01,3.851611634655568439e-01,-1.728102657251658680e+00,1.906304941563591870e-01,-5.679428985584383804e-02,-1.577209992265679595e-01,3.159608899748426319e-02,-4.030322331876657477e-03,-1.375703918097768855e-03,3.805369467583800090e-03
1.805000000000000071e+01,2.643379083493219706e-01,-5.269391161555392777e+00,1.277127153492113809e+00,-6.986242023960108627e-01,-1.084411406269137068e-01,2.711374820550494988e-02,7.067033235413004988e-01,4.057486060701120945e-01,-1.589763300500237175e+00,2.001016596553226723e-01,-4.803920429328967928e-02,-1.594602667235690552e-01,3.181766337054427185e-02,-3.861231120940837331e-03,-1.415863534233104864e-03,3.774614827344091594e-03
1.810000000000000142e+01,2.924333909374266516e-01,-5.159428568884870003e+00,1.305802810425715110e+00,7.049781807394039923e-01,1.072172421057253910e-01,-2.706727215057740804e-02,-7.005552015758137463e-01,4.162333556528430289e-01,-1.448392183783607567e+00,2.067386514380473717e-01,-3.965314479675832032e-02,-1.611696418055619529e-01,3.198591245888852269e-02,-3.703235626171008741e-03,-1.465720680614385815e-03,3.773942854150368672e-03
1.815000000000000213e+01,3.191161444605302711e-01,-5.052807019008661804e+00,1.335942216867288979e+00,7.110680962251859638e-01,1.059420845269944123e-01,-2.700204752351341442e-02,-6.945713258451595706e-01,4.223128504868899347e-01,-1.311915088681144592e+00,2.137817977226741384e-01,-3.180451420190062023e-02,-1.630761126496887425e-01,3.211142987066670229e-02,-3.541821076973087744e-03,-1.543405121538944354e-03,3.764113484762428904e-03
1.819999999999999929e+01,3.412093966247902177e-01,-4.960739010949080097e+00,1.365081341279223093e+00,7.168901097780532305e-01,1.046081984104686446e-01,-2.681895843548150540e-02,-6.887716884397635519e-01,4.271175549120839188e-01,-1.183936356172788695e+00,2.200993610695898828e-01,-2.478664174436497059e-02,-1.648983480093224041e-01,3.219311754950210380e-02,-3.375729493156480986e-03,-1.631324011942100489e-03,3.772151518313365814e-03
1.825000000000000000e+01,3.713394924881890380e-01,-4.901990840334626398e+00,1.388069562433152937e+00,7.226838616204976917e-01,1.030807398411640319e-01,-2.622084165941713368e-02,-6.829457260205641367e-01,4.317804968534160182e-01,-1.077545466913678585e+00,2.227381403862954967e-01,-1.927382157068283780e-02,-1.664219593690436927e-01,3.232751377468200821e-02,-3.210920165598783738e-03,-1.713708966873802144e-03,3.718051680405052607e-03
1.830000000000000071e+01,4.213466125372888338e-01,-4.848124072222156578e+00,1.396572857622013775e+00,7.291029487565773293e-01,1.009187491370669848e-01,-2.568091545754934424e-02,-6.764353529852913383e-01,4.457877658754663686e-01,-9.713994245103121372e-01,2.206671621773543257e-01,-1.426546813403622993e-02,-1.668066939695139195e-01,3.276039288343065431e-02,-3.043150601378113215e-03,-1.714043503043748964e-03,3.566216952783480675e-03
1.835000000000000142e+01,4.595286550129459857e-01,-4.777545812785291446e+00,1.405512899892399581e+00,7.351920213541285332e-01,9.893302121987407327e-02,-2.527496719028772196e-02,-6.701239624749053547e-01,4.530115799259759601e-01,-8.580127847150563758e-01,2.191146918234748719e-01,-9.057731774784381906e-03,-1.669637792893035599e-01,3.319416066359372891e-02,-2.868882577923449664e-03,-1.714425914035571296e-03,3.467777341049654675e-03
1.840000000000000213e+01,4.942616546848959125e-01,-4.710795919962372125e+00,1.413980757279382328e+00,7.407802416773533460e-01,9.667655697980175045e-02,-2.483177185484986699e-02,-6.642903431313160745e-01,4.574329910920233444e-01,-7.489814428132313129e-01,2.165163909808725251e-01,-4.295548053027113677e-03,-1.671357842504531399e-01,3.360503058437609714e-02,-2.690798648416002203e-03,-1.717857641255788421e-03,3.395621518698458026e-03
1.844999999999999929e+01,5.222665771477849050e-01,-4.631548725166251046e+00,1.423117713686347541e+00,7.461858317172380684e-01,9.413420862965379832e-02,-2.414733636730951108e-02,-6.586063782385398468e-01,4.611687765914778692e-01,-6.365439355911288732e-01,2.161764767954147681e-01,4.257046185724552498e-04,-1.672777994627692999e-01,3.401097815062248397e-02,-2.512540591142462410e-03,-1.722955267590376696e-03,3.355848599626173184e-03
1.850000000000000000e+01,5.490530882363673371e-01,-4.553601747482925788e+00,1.430750543279268205e+00,7.513862020225891003e-01,9.152467097641567295e-02,-2.360853558860824888e-02,-6.530579201419191016e-01,4.634262588015508055e-01,-5.261405251595845378e-01,2.137919117211364017e-01,4.890320980574894803e-03,-1.673698767135572141e-01,3.443233175159800957e-02,-2.327112049646521373e-03,-1.729798345252025159e-03,3.328985631822423390e-03
1.855000000000000071e+01,5.718985768388014090e-01,-4.469582168248337872e+00,1.437853184849811505e+00,7.564622460759313771e-01,8.875693907392281923e-02,-2.302353275264963292e-02,-6.475777891246523588e-01,4.663610745930004686e-01,-4.167103087729474575e-01,2.111795677574357932e-01,9.436135572799788512e-03,-1.673625273252742351e-01,3.484510714983428403e-02,-2.133108926006347002e-03,-1.735379551096342390e-03,3.322194834285670164e-03
1.860000000000000142e+01,5.919803414417470488e-01,-4.387863079494346508e+00,1.446717553617109520e+00,7.614327215951144368e-01,8.582972129045227105e-02,-2.264469346770598204e-02,-6.421375921757065397e-01,4.676127035027656254e-01,-3.104597612927316730e-01,2.097668626383019652e-01,1.340524779638318890e-02,-1.675650664318976135e-01,3.520461287863987931e-02,-1.952980569377405244e-03,-1.758478544312897657e-03,3.321708792657600186e-03
1.865000000000000213e+01,6.090406507168324435e-01,-4.313625549863972175e+00,1.455355896534411775e+00,7.662238812260357967e-01,8.288241039387524156e-02,-2.225559360508445536e-02,-6.368172095974609093e-01,4.642330117870506756e-01,-2.096734651253200077e-01,2.087857704201683817e-01,1.710088045357937778e-02,-1.677529029071985478e-01,3.551290140725422984e-02,-1.771022142645041313e-03,-1.784061093601590868e-03,3.334108503525998364e-03
1.869999999999999929e+01,6.278698659460185683e-01,-4.249244127306333496e+00,1.463396919998885437e+00,7.710245432354774220e-01,7.995682878893817236e-02,-2.162775875727913216e-02,-6.313955173341643246e-01,4.610867742046014794e-01,-1.137854209891598634e-01,2.065185584214937753e-01,2.003176654558051772e-02,-1.680040572122864506e-01,3.581052607619769623e-02,-1.604757634373600800e-03,-1.814242983189756587e-03,3.336844867043547037e-03
1.875000000000000000e+01,6.513799971966304225e-01,-4.198782306628251249e+00,1.472294806522920885e+00,7.758254583076131805e-01,7.664604347661842232e-02,-2.094722154913413945e-02,-6.259244812040298811e-01,4.586531817066283323e-01,-2.688632891980153108e-02,2.053720856005227802e-01,2.232392731868934957e-02,-1.684700553917155841e-01,3.604703701036310326e-02,-1.451398737148802730e-03,-1.853688626144528841e-03,3.328605357525625530e-03
1.880000000000000071e+01,6.902107756571389530e-01,-4.183624657602682539e+00,1.484942034289599810e+00,7.807853094752694734e-01,7.353847301956227545e-02,-1.998087920718241359e-02,-6.201347901542589858e-01,4.639386302241319537e-01,3.887920382116466511e-02,2.059997848073324700e-01,2.355487569436116174e-02,-1.697597548556491198e-01,3.615890910850698414e-02,-1.303196327499640860e-03,-1.935602222580630168e-03,3.305483048204747171e-03
1.885000000000000142e+01,7.253821845805769053e-01,-4.163498961405128540e+00,1.498531141245528442e+00,7.853481803919781790e-01,7.045309104987475257e-02,-1.920668964694477454e-02,-6.147322186036232594e-01,4.722729235697051275e-01,1.071925856306241570e-01,2.059821805279620222e-01,2.454602250176440500e-02,-1.710998000439740430e-01,3.625094344208538294e-02,-1.156732142665602581e-03,-2.013017808778289324e-03,3.314359869782964197e-03
1.890000000000000213e+01,7.595569054057657032e-01,-4.143845036264001358e+00,1.513671526584560389e+00,7.899344146136590972e-01,6.716296953884112741e-02,-1.833593797812145890e-02,-6.092261891203979429e-01,4.792405628084736025e-01,1.738177997118222629e-01,2.064628431997870828e-01,2.526976486300105962e-02,-1.725798165899262993e-01,3.630295707528429644e-02,-1.015347899440632211e-03,-2.099670517687351849e-03,3.333253781843990154e-03
1.894999999999999929e+01,7.940421145828489013e-01,-4.126729285934222169e+00,1.529821279837143777e+00,7.944582344285286979e-01,6.385018664635043473e-02,-1.749437225324218873e-02,-6.036996060570158917e-01,4.843118000897574382e-01,2.352393028920743978e-01,2.058588280362080858e-01,2.571345461057170448e-02,-1.741044875136747716e-01,3.630915197601401745e-02,-8.853935256982939763e-04,-2.182329678265074527e-03,3.348158483329656196e-03
1.900000000000000000e+01,8.310087452695945620e-01,-4.111602101587359392e+00,1.546484354972979425e+00,7.989626015217461408e-01,6.030590026760294931e-02,-1.673970743759781860e-02,-5.981151577726661062e-01,4.863698736789016652e-01,2.974626376609768585e-01,2.073280314063609964e-01,2.598029238413873329e-02,-1.756688482852490629e-01,3.629867312024430415e-02,-7.616896519667772959e-04,-2.269643642911600701e-03,3.348903031905807286e-03
1.905000000000000071e+01,8.676959714456478068e-01,-4.095082920156359663e+00,1.565124686798113451e+00,8.034268483604869449e-01,5.683568024711979638e-02,-1.604447231313313460e-02,-5.924673659304581230e-01,4.908087349082213002e-01,3.551861229507814466e-01,2.115286272962082492e-01,2.595479596324741511e-02,-1.773126294986515084e-01,3.623527621290748707e-02,-6.547018724073069233e-04,-2.354996850656150380e-03,3.354173370446392102e-03
1.910000000000000142e+01,9.032492359429535878e-01,-4.076401964334338324e+00,1.584721136036285838e+00,8.077117310135291106e-01,5.334624831172427722e-02,-1.542279419533790566e-02,-5.869566208787498907e-01,4.957054062202607692e-01,4.113764022316448998e-01,2.150320851519879339e-01,2.588762772508974158e-02,-1.790512629695789615e-01,3.614566203934347494e-02,-5.440934462453097436e-04,-2.443342945539021902e-03,3.370413082194925834e-03
1.915000000000000213e+01,9.371368022487993610e-01,-4.052676492881597703e+00,1.601170061786580057e+00,8.120309356772695830e-01,4.949853729054815715e-02,-1.471199316175626944e-02,-5.813253921569251359e-01,4.978711750677828896e-01,4.732816107759131863e-01,2.170130675020889022e-01,2.568685566604075529e-02,-1.804276734522311798e-01,3.613139103247783174e-02,-4.378427505665321304e-04,-2.514221853187755765e-03,3.380069293158677324e-03
1.920000000000000284e+01,9.738028649937646719e-01,-4.027418111462984562e+00,1.616232871982037356e+00,8.162846968608281628e-01,4.556313454060663404e-02,-1.433887454880686078e-02,-5.756715132072579566e-01,4.968650183776196494e-01,5.347672734337304279e-01,2.157975248247169520e-01,2.543573719875659792e-02,-1.816182475020637621e-01,3.613748301731650736e-02,-3.345174029490473344e-04,-2.574359136716614180e-03,3.356179625708401257e-03
1.925000000000000000e+01,1.012564316353074423e+00,-4.001923838532630562e+00,1.634289924259352933e+00,8.206188046287754556e-01,4.142803161170278275e-02,-1.379370442235557971e-02,-5.698054311821959539e-01,5.002049816392613035e-01,5.934307919211734283e-01,2.185069794988913627e-01,2.504579170447422329e-02,-1.829583055454992169e-01,3.606917117199682360e-02,-2.378385626490338181e-04,-2.639935949481697630e-03,3.340983651367515541e-03
1.930000000000000071e+01,1.052368480529621619e+00,-3.975060493393874683e+00,1.654160805042341753e+00,8.248265018392453296e-01,3.747710225656244315e-02,-1.336602568863998371e-02,-5.639840937716021907e-01,5.030832948749385247e-01,6.501160724224448462e-01,2.216957606364360622e-01,2.433101287000229151e-02,-1.844146645744859647e-01,3.597078439341726275e-02,-1.510461197476178040e-04,-2.709245817481431822e-03,3.329675204350454349e-03
1.935000000000000142e+01,1.093537618628740660e+00,-3.947166420328791059e+00,1.675869913946691492e+00,8.289716670388830311e-01,3.362166895587601068e-02,-1.305045371765056750e-02,-5.581265486259904263e-01,5.073829910916792807e-01,7.046159118746017080e-01,2.272736698327629257e-01,2.365268587584068438e-02,-1.858925253986548065e-01,3.582637698799125137e-02,-6.464194156562976488e-05,-2.780434051552505351e-03,3.331348157981972591e-03
1.940000000000000213e+01,1.135979065833728763e+00,-3.916364410166647048e+00,1.698352913548350385e+00,8.330912820442626376e-01,2.968530087842675275e-02,-1.239294542366555993e-02,-5.521993422644853045e-01,5.100898383382272971e-01,7.573324201844897630e-01,2.326236262904885499e-01,2.310919521498508780e-02,-1.873232094838177819e-01,3.567086802911591942e-02,3.259273184292326060e-05,-2.854255256884886613e-03,3.337743922701130999e-03
1.945000000000000284e+01,1.178563768492934871e+00,-3.881690314266879493e+00,1.719321051701842240e+00,8.371987697063582035e-01,2.557680112413420262e-02,-1.196976733730173437e-02,-5.461691788414168025e-01,5.148562952641275725e-01,8.093992334651155529e-01,2.353011418250675890e-01,2.234489167618181060e-02,-1.884360938379037453e-01,3.556146913382213226e-02,1.106931162587922174e-04,-2.913274562049537973e-03,3.335966904990023997e-03
1.950000000000000000e+01,1.221438198138641962e+00,-3.845278027419081646e+00,1.738427728670194572e+00,8.410902164688051075e-01,2.129496158428861863e-02,-1.164958613035092273e-02,-5.403499417179331576e-01,5.206317745145104814e-01,8.631440585467532456e-01,2.359182734413393101e-01,2.096784229038841513e-02,-1.892408521531753762e-01,3.549156473792874911e-02,1.752167360180025783e-04,-2.943489061373463691e-03,3.355233807136183410e-03
1.955000000000000071e+01,1.264654135914506705e+00,-3.804636283639611261e+00,1.759929689004755771e+00,8.449374797432124273e-01,1.721159886103551875e-02,-1.142821405553906891e-02,-5.344659129573523515e-01,5.273519359213600932e-01,9.153683460437107566e-01,2.392100995818219888e-01,1.961375597256083403e-02,-1.901406479692903106e-01,3.536445819639495031e-02,2.425110263029923595e-04,-2.982113994082239480e-03,3.382147767501773351e-03
1.960000000000000142e+01,1.307197114554563333e+00,-3.759132383957743961e+00,1.782734812536511226e+00,8.485461099939255458e-01,1.305300335972992345e-02,-1.102981835006949102e-02,-5.288454040876523488e-01,5.375235420288860810e-01,9.659029427692972236e-01,2.424187063945562604e-01,1.825735254534724752e-02,-1.910072989327744608e-01,3.520138372927652387e-02,3.109430524605374274e-04,-3.021587990347331977e-03,3.424439169660078129e-03
1.965000000000000213e+01,1.349996939039343147e+00,-3.709183084017870780e+00,1.812850599035513266e+00,8.519283231639644960e-01,9.108966647903784034e-03,-1.068693741198182418e-02,-5.234701025716707035e-01,5.506922261356750337e-01,1.012841777452903269e+00,2.498347698526175997e-01,1.627271841458578089e-02,-1.922186519405393035e-01,3.490301936037921299e-02,3.542833567866459049e-04,-3.089324122022188424e-03,3.526349756102155515e-03
1.970000000000000284e+01,1.390277296296640097e+00,-3.652291764173479560e+00,1.844856617528564557e+00,8.553608229346802982e-01,5.292432929055407818e-03,-1.039547591689341313e-02,-5.179013292343039865e-01,5.582822075381910221e-01,1.057141766815558714e+00,2.586713489704993152e-01,1.475066170194181889e-02,-1.932703554543496183e-01,3.454631943644909109e-02,3.925539125984962505e-04,-3.164854008092795896e-03,3.630104669487584611e-03
1.975000000000000000e+01,1.429954377790720654e+00,-3.591784761904555090e+00,1.873831101486201245e+00,8.585908262006496372e-01,1.092518324432384391e-03,-1.001047235364854564e-02,-5.125625718008031129e-01,5.702668994354449516e-01,1.098613480290680178e+00,2.648123326186690440e-01,1.347843084590290806e-02,-1.940467252439368739e-01,3.427771596262305098e-02,4.673184616829133492e-04,-3.235602877459503243e-03,3.741588385931947976e-03
1.980000000000000071e+01,1.467596770599567391e+00,-3.527979813054070046e+00,1.900307516039440481e+00,8.619786144143585238e-01,-2.760939991395243258e-03,-9.800095906362167597e-03,-5.068423853851338201e-01,5.778559831723878437e-01,1.141731704061386576e+00,2.710740265986571473e-01,1.271084670807719023e-02,-1.945090420333840109e-01,3.402226023524276832e-02,5.503059215226532809e-04,-3.288937699223431349e-03,3.829666293099714437e-03
1.985000000000000142e+01,1.504403775433001300e+00,-3.460330575542974962e+00,1.925688321793942004e+00,8.651959828681968778e-01,-6.913295691931119029e-03,-9.579097470625481253e-03,-5.012946822609023467e-01,5.878858072868737850e-01,1.186315225227345227e+00,2.777441975958694353e-01,1.202136878179394137e-02,-1.947485839696278531e-01,3.379443402301083449e-02,6.358937013877667731e-04,-3.336504045635632111e-03,3.914781240091641870e-03
1.990000000000000213e+01,1.540545777097505953e+00,-3.390127594432181812e+00,1.950145663562174780e+00,8.684587193547755879e-01,-1.101210211185512343e-02,-9.499472298657196320e-03,-4.955481272387056713e-01,5.954856793142553339e-01,1.229364491405120052e+00,2.814764468635318484e-01,1.136997359125137101e-02,-1.948683017460714761e-01,3.357620272502592068e-02,7.177086495576517596e-04,-3.378184739287924069e-03,3.988749092011078211e-03
1.995000000000000284e+01,1.575830298180888267e+00,-3.318115712340516055e+00,1.974173172372050811e+00,8.716109713175089757e-01,-1.504034116132857424e-02,-9.525132030178835515e-03,-4.898748561382869071e-01,6.010319676182768189e-01,1.274435282021973759e+00,2.884753366619216552e-01,1.058642093198595459e-02,-1.948965402074741560e-01,3.334400824406665714e-02,7.883520565559723383e-04,-3.409218781371407565e-03,4.055032910709527837e-03
2.000000000000000000e+01,1.611285651200680347e+00,-3.244915766685747993e+00,1.996332652311303857e+00,8.747252888074635857e-01,-1.905840448658165098e-02,-9.465821594324304311e-03,-4.841516751604497681e-01,6.066081491554583538e-01,1.319329810394378022e+00,2.938812983366838050e-01,9.748296692420227103e-03,-1.948352234156632834e-01,3.317377936547160483e-02,8.572678166067457554e-04,-3.433146556264607061e-03,4.121594034163412676e-03
2.005000000000000071e+01,1.646511729544391400e+00,-3.170451955197972627e+00,2.017465546352326111e+00,8.777816209413537019e-01,-2.324057978180500000e-02,-9.656522641731916587e-03,-4.783994700660158528e-01,6.114180227384111710e-01,1.364176399112904781e+00,2.958847577091193726e-01,8.889511611216333736e-03,-1.947872463166478718e-01,3.301807207982917353e-02,9.186056370272513340e-04,-3.449291360812792133e-03,4.177595979482284436e-03
2.010000000000000142e+01,1.681187726766005364e+00,-3.094206413504021480e+00,2.038040126733033919e+00,8.809007168806025634e-01,-2.723617463551576343e-02,-9.759866346625449551e-03,-4.724159849109258458e-01,6.142069804659027188e-01,1.408536986662941581e+00,3.012235689278027206e-01,8.424504918469712805e-03,-1.947469476436055613e-01,3.283721404902990165e-02,9.905614607975117385e-04,-3.461106259227480879e-03,4.219284159398716677e-03
2.015000000000000213e+01,1.715386358261457911e+00,-3.015483146710717044e+00,2.058150437190811921e+00,8.839638236005225025e-01,-3.134360060685684179e-02,-9.821471158247248659e-03,-4.664001243254871087e-01,6.166203717872907886e-01,1.452538605434903429e+00,3.058742575531908647e-01,7.904328356963825214e-03,-1.945177352621004774e-01,3.265387042800828310e-02,1.057635703469418697e-03,-3.461525331659188413e-03,4.265367124151793823e-03
2.020000000000000284e+01,1.748792314465382525e+00,-2.934368880548182457e+00,2.078989341457597728e+00,8.868104244089033417e-01,-3.533402611811436306e-02,-1.002431233762150938e-02,-4.606715651308890824e-01,6.219393205662768764e-01,1.496009106526089871e+00,3.106805731171728979e-01,7.217083624702655929e-03,-1.942000256832411287e-01,3.244004266414464432e-02,1.113912554579356284e-03,-3.456673039682104341e-03,4.325320730712432955e-03
2.025000000000000000e+01,1.782003292254595417e+00,-2.850298064097557926e+00,2.100215376428659741e+00,8.895717052465765828e-01,-3.927467977830378931e-02,-1.020733869521653521e-02,-4.549895504182163153e-01,6.270407567550265737e-01,1.535669591821722024e+00,3.149619275144449615e-01,6.499659157187088511e-03,-1.938142692549118529e-01,3.222176838201472326e-02,1.174855142132597181e-03,-3.454891046771338837e-03,4.393952036558965504e-03
2.030000000000000071e+01,1.813451629992588021e+00,-2.764453133034644239e+00,2.122607197879936791e+00,8.923822418649608457e-01,-4.323634586360467630e-02,-1.069604469551976682e-02,-4.490769949889447110e-01,6.307219199796890718e-01,1.574124589089117121e+00,3.206798996237890664e-01,5.564255602558137656e-03,-1.932830005214136448e-01,3.195753616454578144e-02,1.215918211625872285e-03,-3.449099603856660163e-03,4.489105361222594549e-03
2.035000000000000142e+01,1.844806699695167973e+00,-2.675691870000611594e+00,2.143831287046754852e+00,8.951365420266335082e-01,-4.693267029685330161e-02,-1.113043430706142818e-02,-4.431749192131071990e-01,6.350166660214827674e-01,1.610376211022338078e+00,3.260396879432500006e-01,5.174817373280806397e-03,-1.925186144829054147e-01,3.172148932285868972e-02,1.274225134407662875e-03,-3.441770019223549647e-03,4.574821415210762222e-03
2.040000000000000213e+01,1.873154029739517279e+00,-2.583246556708409525e+00,2.169110038496400605e+00,8.975770227264655565e-01,-5.057040478647184534e-02,-1.149951966030515228e-02,-4.377966234232609222e-01,6.440403912743780657e-01,1.641782066681542362e+00,3.333043323980313111e-01,4.148375041334823737e-03,-1.915701868517040440e-01,3.140124338629244477e-02,1.312778172001834122e-03,-3.452590307451525349e-03,4.747079369093623255e-03
2.045000000000000284e+01,1.899388596045135991e+00,-2.489095005962886020e+00,2.196102160074528520e+00,8.998718260540895519e-01,-5.393448815200618113e-02,-1.160835468685943520e-02,-4.326511455703355158e-01,6.556701779580397238e-01,1.667499946845894421e+00,3.412295460019811322e-01,2.868014513334514980e-03,-1.904741362389590631e-01,3.107681328585201741e-02,1.333850880830515437e-03,-3.477472651912823752e-03,4.965426770076899164e-03
2.050000000000000000e+01,1.930606476101681901e+00,-2.385911419762485330e+00,2.218005585447700767e+00,9.011472920697979339e-01,-5.776331489306758826e-02,-1.133013564481080183e-02,-4.294980622472059362e-01,6.984013492389260502e-01,1.696866960574173744e+00,3.417479548077190787e-01,-3.561742809529097088e-04,-1.886264420291434152e-01,3.114599926814133612e-02,1.398328383602977839e-03,-3.483468656291894075e-03,5.407370732708170064e-03
2.055000000000000071e+01,1.961482780171039497e+00,-2.283745365661353777e+00,2.237768308564480613e+00,9.025415886204545268e-01,-6.148480867729250871e-02,-1.120412623052903685e-02,-4.260431511804799176e-01,7.336185719100598579e-01,1.725407898873533963e+00,3.409045585353271957e-01,-3.287284513990082393e-03,-1.865886771621839968e-01,3.124618423729907599e-02,1.441683351908513641e-03,-3.478483338868297668e-03,5.804773300672878139e-03
2.060000000000000142e+01,1.995389523470118220e+00,-2.189604239058324797e+00,2.251387340634983580e+00,9.048128166433534458e-01,-6.514385076052073287e-02,-1.177686690293104459e-02,-4.206320850243867593e-01,7.439572699022372060e-01,1.760776427908016473e+00,3.382034490109634972e-01,-4.850993594338721959e-03,-1.851269668424331827e-01,3.137384266338733713e-02,1.448923424705194155e-03,-3.415404645021589015e-03,6.001363532176635235e-03
2.065000000000000213e+01,2.030427155087402902e+00,-2.095821335440718247e+00,2.264888650842749929e+00,9.071402117643625473e-01,-6.855367676445381364e-02,-1.262931680042480610e-02,-4.150150960619825025e-01,7.470872126565104576e-01,1.796943293288769006e+00,3.359923962167546407e-01,-5.989788015306253890e-03,-1.838935260344106981e-01,3.145675433893872774e-02,1.451822911039915781e-03,-3.350222722911064266e-03,6.139062950646305417e-03
2.070000000000000284e+01,2.064210314122795875e+00,-2.000550799156094239e+00,2.278062278881097136e+00,9.095399995362642986e-01,-7.165562396030961123e-02,-1.355534529222078913e-02,-4.091683191700447586e-01,7.488138371984565111e-01,1.828036345568062160e+00,3.343733580282128859e-01,-6.817965889002183116e-03,-1.824220797394354443e-01,3.148366491637563658e-02,1.456244826146687937e-03,-3.270869719660807542e-03,6.272864483365728910e-03
2.075000000000000000e+01,2.097058530477026839e+00,-1.904202076487924833e+00,2.291222655625790416e+00,9.119118033945312618e-01,-7.476499246372751706e-02,-1.465210590925278278e-02,-4.032522467687644774e-01,7.485754691795158955e-01,1.861352609128866797e+00,3.326445899155214270e-01,-7.220752402924170144e-03,-1.808928722737843664e-01,3.148120785005331657e-02,1.464181149491708888e-03,-3.192773018651680339e-03,6.394846698793681811e-03
2.080000000000000071e+01,2.129076325266564318e+00,-1.807673885020268489e+00,2.305048713495598367e+00,9.143119437907233360e-01,-7.766453143803098147e-02,-1.596690948983747749e-02,-3.971736997832101546e-01,7.448698912092741597e-01,1.891089531808400892e+00,3.328583817029927006e-01,-7.822925122183970945e-03,-1.793293410132628385e-01,3.141216925239378316e-02,1.446707888728868477e-03,-3.104942706538156832e-03,6.506438914286664411e-03
2.085000000000000142e+01,2.161940955516818974e+00,-1.710982333194047467e+00,2.318984711948215427e+00,9.168523507173325093e-01,-8.057013937786933200e-02,-1.718978018170599226e-02,-3.906337556868795802e-01,7.368963712965729274e-01,1.924137182734899865e+00,3.320137055886016597e-01,-8.187681695115609642e-03,-1.780334814634218221e-01,3.131118091188710845e-02,1.427607446599491120e-03,-3.019312306892913984e-03,6.577178889718491954e-03
2.090000000000000213e+01,2.193993408534089085e+00,-1.613094935480287928e+00,2.332953541515553120e+00,9.193210831923779303e-01,-8.318049093989131337e-02,-1.850119696968119745e-02,-3.841711306640318568e-01,7.266190117007584881e-01,1.953797229491695209e+00,3.317698617807727235e-01,-8.481654105463984697e-03,-1.766672058267951262e-01,3.118887578487897910e-02,1.408271539583248527e-03,-2.931228978250943057e-03,6.648673868092719146e-03
2.095000000000000284e+01,2.225620841113775228e+00,-1.513761897396563638e+00,2.347034367113330688e+00,9.217888509195839575e-01,-8.563156277038204423e-02,-1.967934707611244255e-02,-3.776046518205428137e-01,7.176954394751208222e-01,1.980253259403954802e+00,3.318480330447015070e-01,-8.715069024311671367e-03,-1.752502132680136548e-01,3.106101416012889069e-02,1.389936255293249033e-03,-2.845738518422732261e-03,6.715085197469617892e-03
2.100000000000000000e+01,2.255510308239867978e+00,-1.413875371560737726e+00,2.360758302886270865e+00,9.242852428747553306e-01,-8.800903184973418725e-02,-2.123924432287390557e-02,-3.708100519368647263e-01,7.067002770786013910e-01,2.005425574019548129e+00,3.345042167561299573e-01,-8.771900589997170053e-03,-1.737321955450185362e-01,3.092695531576505549e-02,1.368199231490378580e-03,-2.755152581210438146e-03,6.783206527940837706e-03
2.105000000000000071e+01,2.283262101769761188e+00,-1.313953661209808610e+00,2.374470341496343728e+00,9.267588856282429344e-01,-9.014919384375032207e-02,-2.268952680688193779e-02,-3.639729057659361611e-01,6.911107068714610335e-01,2.026189109793211873e+00,3.364176094948286289e-01,-8.406997989284461029e-03,-1.721499435961580116e-01,3.076418355255676126e-02,1.345737293202358504e-03,-2.665720953394292662e-03,6.832364106114377326e-03
2.110000000000000142e+01,2.308432832843270166e+00,-1.212806910873074573e+00,2.392695000130010019e+00,9.289821064968887265e-01,-9.196523517106987289e-02,-2.395517286559189704e-02,-3.577160759897615727e-01,6.812536239374552549e-01,2.040214248279965670e+00,3.404760175092244046e-01,-9.298738064666212458e-03,-1.701098933489050002e-01,3.051913347089783499e-02,1.275417148686474418e-03,-2.588207257069101604e-03,6.967898634688064405e-03
2.115000000000000213e+01,2.332135965199577665e+00,-1.111643990637578572e+00,2.411585839765074013e+00,9.312357064568526077e-01,-9.336747324726465957e-02,-2.535870978939506679e-02,-3.513395932670344002e-01,6.720862216127938549e-01,2.049808896038336048e+00,3.462051246770316282e-01,-1.002450462143383153e-02,-1.677765896073621643e-01,3.022427581832099960e-02,1.204061679953494094e-03,-2.512225439372373428e-03,7.088873288925936003e-03
2.120000000000000284e+01,2.353530986203790754e+00,-1.011738569045115499e+00,2.428924584432514688e+00,9.336124889436742125e-01,-9.473281122615687111e-02,-2.687100065507786947e-02,-3.444871032264955613e-01,6.532935983173733252e-01,2.059717086995926927e+00,3.514882126899631642e-01,-1.027297457269024140e-02,-1.654234901215776432e-01,2.993472473101972675e-02,1.129359231193202955e-03,-2.425213175887308906e-03,7.159111607454115775e-03
2.125000000000000000e+01,2.374802094969690636e+00,-9.115078866687102987e-01,2.445693132645700096e+00,9.359093184331754856e-01,-9.591555028622793244e-02,-2.830174553144183119e-02,-3.377468964818367003e-01,6.367447726430304211e-01,2.069058959696906452e+00,3.552383991504752259e-01,-1.033776806484249661e-02,-1.633137327227594526e-01,2.972661593304410516e-02,1.074766454016945136e-03,-2.348725943771805789e-03,7.240698742556112358e-03
2.130000000000000071e+01,2.395575739005211702e+00,-8.116001060293338565e-01,2.462197758056607455e+00,9.381563265791490469e-01,-9.707972907226763981e-02,-2.968062924943427883e-02,-3.309944007836534974e-01,6.221463920033071249e-01,2.075941382813653924e+00,3.582904146736303752e-01,-1.035985810707023939e-02,-1.612669507756058773e-01,2.952546220625102899e-02,1.027225319115378319e-03,-2.271693907268180265e-03,7.322653514427379315e-03
2.135000000000000142e+01,2.415334316421384742e+00,-7.128329442720257036e-01,2.483007235779418398e+00,9.399853406500261466e-01,-9.792902322141779081e-02,-3.080167203449595340e-02,-3.254054744066739446e-01,6.211866325212421769e-01,2.076722848722027948e+00,3.642408769466945473e-01,-1.136974265850249251e-02,-1.585783421342734090e-01,2.923899869818325295e-02,9.632979166624330283e-04,-2.210677456059428805e-03,7.532939064717586973e-03
2.140000000000000213e+01,2.432307414555914704e+00,-6.155619903885729549e-01,2.500674770052764284e+00,9.420584795077592277e-01,-9.860205761647450329e-02,-3.199020627503303821e-02,-3.190299078829553769e-01,6.110926184163354424e-01,2.076641070487841301e+00,3.691054732740931543e-01,-1.152693637453054525e-02,-1.561373924316183659e-01,2.904626273595796102e-02,9.070851987675672586e-04,-2.139723991340308513e-03,7.682065283237274854e-03
2.145000000000000284e+01,2.449178424008917165e+00,-5.190093283969660076e-01,2.517712239212166470e+00,9.440659395018619060e-01,-9.931932519344284505e-02,-3.327522575977943931e-02,-3.126786415254831364e-01,5.976974777068341238e-01,2.076073578608560233e+00,3.720322959325614853e-01,-1.144055619602830400e-02,-1.538361525999153712e-01,2.887080195547543637e-02,8.668590381260806235e-04,-2.068589225959895344e-03,7.817956225103657106e-03
2.150000000000000000e+01,2.464503558838538222e+00,-4.227832236725605486e-01,2.533251406136721506e+00,9.461147011455605105e-01,-9.968816637982295947e-02,-3.470347649867576434e-02,-3.061452440900908067e-01,5.793613288407386541e-01,2.079980522311399405e+00,3.730818385807738169e-01,-1.140311921937330226e-02,-1.518237816540170815e-01,2.875936884620897832e-02,8.026853502712977826e-04,-1.983106679345322289e-03,7.931178267227639855e-03
2.155000000000000071e+01,2.477887421819420677e+00,-3.272945134319352745e-01,2.548160728888320570e+00,9.481817407757701099e-01,-1.000685799848718971e-01,-3.623138835575462346e-02,-2.993742678605764707e-01,5.601500371718056703e-01,2.079211174657831673e+00,3.746409552708717117e-01,-1.128928841307587708e-02,-1.497404841115382301e-01,2.865243366597440902e-02,7.337392602445263036e-04,-1.887479807859266528e-03,8.028112979809074595e-03
2.160000000000000142e+01,2.488661548346648544e+00,-2.332351967926001579e-01,2.563074207987761088e+00,9.502700862714166252e-01,-1.002106608555369399e-01,-3.778918114509042386e-02,-2.924321534595578642e-01,5.339916417505358170e-01,2.076687983319191577e+00,3.770178788234210265e-01,-1.105857625284252348e-02,-1.476979412173295980e-01,2.857328782691304775e-02,6.592840829072444363e-04,-1.797020847773665589e-03,8.122492456437214667e-03
2.165000000000000213e+01,2.499339340683476962e+00,-1.391911716431010471e-01,2.578683209600279636e+00,9.522675285751088792e-01,-1.001924399887281214e-01,-3.903683996849417748e-02,-2.856994121727127189e-01,5.117837187068002835e-01,2.073947774625704010e+00,3.793313402934009315e-01,-1.092780586667636139e-02,-1.458099530496652363e-01,2.848989856513220453e-02,5.879949562488042021e-04,-1.714862097005973940e-03,8.206602549449080325e-03
2.170000000000000284e+01,2.507959084211317080e+00,-4.639608242898594914e-02,2.594233284649186011e+00,9.542335075791412713e-01,-1.000916858708077173e-01,-4.038245419696382538e-02,-2.789073767862342290e-01,4.902711020701976952e-01,2.069609381915708202e+00,3.819602936069977361e-01,-1.098035911914761915e-02,-1.437666929438284891e-01,2.838670977159413883e-02,5.042240218750191055e-04,-1.621013122634527674e-03,8.286999228917990221e-03
2.175000000000000000e+01,2.512818897197466761e+00,4.346185043147891142e-02,2.609855046611881502e+00,9.562644676477165540e-01,-9.980199526738599280e-02,-4.165333302061120790e-02,-2.717771688412252140e-01,4.648560730261837581e-01,2.060322437944044793e+00,3.843597558078184484e-01,-1.078679121971819199e-02,-1.416122315779340113e-01,2.830007108091927431e-02,4.193507507964036466e-04,-1.533207859495302593e-03,8.362993734880910454e-03
2.180000000000000071e+01,2.516507192720575325e+00,1.336253325314257223e-01,2.625419554277884870e+00,9.582819091067873440e-01,-9.931037824258975855e-02,-4.313991260160982000e-02,-2.645225498756019200e-01,4.368490004003008353e-01,2.054331022911159099e+00,3.865643515766681859e-01,-1.079047112522230241e-02,-1.397759445230495889e-01,2.826191244403714747e-02,3.181195568817077476e-04,-1.446244320863975755e-03,8.419225838687829921e-03
2.185000000000000142e+01,2.519287592867426095e+00,2.225187807667292905e-01,2.641001549832807882e+00,9.601907038022314822e-01,-9.883049653321514250e-02,-4.431952327755081522e-02,-2.574919904447986463e-01,4.114517729850468153e-01,2.044632869980549383e+00,3.854273269867013463e-01,-1.077900635058183509e-02,-1.379182418581954561e-01,2.822359807896521189e-02,2.233132053933614388e-04,-1.359947068643142408e-03,8.487412921558910514e-03
2.190000000000000213e+01,2.525473960623070724e+00,3.119781783239419792e-01,2.657637954031010441e+00,9.619345235578518061e-01,-9.804913734140373316e-02,-4.552372921345435031e-02,-2.509898984673192834e-01,3.926789683248042562e-01,2.035810683382871744e+00,3.839798643925833588e-01,-1.142550569820658009e-02,-1.360714986101721757e-01,2.819814539202808445e-02,1.153159816113649624e-04,-1.270922466647798595e-03,8.632665881446796932e-03
2.195000000000000284e+01,2.532224100295240810e+00,4.039594345338827774e-01,2.673514425901417635e+00,9.636233042979933661e-01,-9.729933244813639137e-02,-4.686763695749480985e-02,-2.444716587356997595e-01,3.724645084311715149e-01,2.031349690401619057e+00,3.822435516869023275e-01,-1.205349365983958247e-02,-1.345905390898994580e-01,2.819838208017480877e-02,1.252497952008222294e-05,-1.179593360025714150e-03,8.747699618806295541e-03
2.200000000000000000e+01,2.529632341165527709e+00,4.908252864444352936e-01,2.687600718946327127e+00,9.654646532474381315e-01,-9.599438014910914585e-02,-4.851656447933612448e-02,-2.372956495191493320e-01,3.400432864789152965e-01,2.020566193937272992e+00,3.821574621141359263e-01,-1.231871735356066325e-02,-1.328606916535605975e-01,2.822280899089400774e-02,-1.148031913204832784e-04,-1.069781710428636392e-03,8.821722051984372259e-03
2.205000000000000071e+01,2.526073102862933517e+00,5.780989570487889972e-01,2.701420358735210581e+00,9.672781181024366903e-01,-9.467880816862235538e-02,-5.001050253213238511e-02,-2.300172062269719431e-01,3.095829787856939630e-01,2.011218793736305521e+00,3.786256182687770533e-01,-1.242922580654557893e-02,-1.314865322554132077e-01,2.829776353946082679e-02,-2.332229823383400098e-04,-9.716060009020524883e-04,8.887668108761870647e-03
2.210000000000000142e+01,2.521469072633459874e+00,6.648358997273453586e-01,2.714901746942798511e+00,9.690137451172134986e-01,-9.332618469322682964e-02,-5.138021209904625880e-02,-2.228512033379550783e-01,2.803021882245623209e-01,2.002762476456333207e+00,3.749479887343807327e-01,-1.260350094470802373e-02,-1.302573708424625554e-01,2.839969454802586737e-02,-3.559735303693041270e-04,-8.748299561522971312e-04,8.965727305852927778e-03
2.215000000000000213e+01,2.515876206199140430e+00,7.509178077347918867e-01,2.728155406539792160e+00,9.706912551538116052e-01,-9.179217973085122828e-02,-5.251799186348379833e-02,-2.158113607732552175e-01,2.488485224947004637e-01,1.994772113615282061e+00,3.714596122052536420e-01,-1.264478634926026815e-02,-1.290923995266443636e-01,2.850224342103421099e-02,-4.655906055456308836e-04,-7.832040188339979645e-04,9.048745507037382965e-03
2.220000000000000284e+01,2.507850903776341678e+00,8.348143139306570815e-01,2.741126561392856154e+00,9.722812917054514115e-01,-9.029438062572171797e-02,-5.378093513333310344e-02,-2.088626956715355920e-01,2.175964230542548894e-01,1.983766031587707257e+00,3.712571956062126755e-01,-1.268684627861699915e-02,-1.278653076051938509e-01,2.860919887897189415e-02,-5.783986888097127597e-04,-6.891545582631919496e-04,9.139662252391182393e-03
2.225000000000000000e+01,2.495958849712692551e+00,9.152867931113495281e-01,2.753669294333515261e+00,9.738504767822693253e-01,-8.837740866083204638e-02,-5.493712208140420772e-02,-2.019569140355337300e-01,1.866678157249537784e-01,1.968963331075947565e+00,3.672135067870704872e-01,-1.268987977915442961e-02,-1.265332976741407600e-01,2.870414529550453092e-02,-6.931931697418378157e-04,-5.901891635901094189e-04,9.236488858661252507e-03
2.230000000000000071e+01,2.483721241317972339e+00,9.955222301307962152e-01,2.766263961879475541e+00,9.753936164775366402e-01,-8.628213400909297282e-02,-5.596278484661838110e-02,-1.950150071095048399e-01,1.554073084521393200e-01,1.952253759620785623e+00,3.658138300281809085e-01,-1.265933801444580654e-02,-1.253239952307589888e-01,2.881191748740068864e-02,-7.991561505984618461e-04,-4.990068806376048030e-04,9.326042477001143111e-03
2.235000000000000142e+01,2.468814236480789237e+00,1.073667771767128798e+00,2.778087757395089952e+00,9.768739201700774588e-01,-8.451206596723868925e-02,-5.718770888387069568e-02,-1.878952387638069266e-01,1.253552416133175140e-01,1.935624076381349479e+00,3.631524369223556037e-01,-1.227926579704365431e-02,-1.241460975198996064e-01,2.894462464630643411e-02,-8.877010257245314092e-04,-4.152558769018254662e-04,9.403422823853748932e-03
2.240000000000000213e+01,2.448835147705072490e+00,1.144889365015162586e+00,2.790055714189265679e+00,9.784072730314073985e-01,-8.255728088395940245e-02,-5.798945391335560279e-02,-1.803904839150970441e-01,9.096064440363658965e-02,1.910786408056724284e+00,3.599706568503410753e-01,-1.155584787163727901e-02,-1.227428997627181689e-01,2.906660212952311140e-02,-9.655441426869608088e-04,-3.442950665898541780e-04,9.462993685852221643e-03
2.245000000000000284e+01,2.428161338264306579e+00,1.213308333895523727e+00,2.802427936421308274e+00,9.798316024863641394e-01,-8.039357553110280941e-02,-5.867526958717379088e-02,-1.732746851712650693e-01,5.777470985760899125e-02,1.885848887606814683e+00,3.591802019905502852e-01,-1.086824220468123568e-02,-1.213871515095497344e-01,2.919854877641065924e-02,-1.043232328875924597e-03,-2.836161358486975694e-04,9.530519547925950588e-03
2.250000000000000000e+01,2.410354905941901826e+00,1.283984486057996310e+00,2.815756036248644012e+00,9.811700008084707214e-01,-7.818925595389222827e-02,-5.917755473752620704e-02,-1.664027847788895065e-01,2.835056942646992789e-02,1.863441617519931981e+00,3.570964700329194996e-01,-1.052014130658380196e-02,-1.201874654846121770e-01,2.930350182808348636e-02,-1.120949507169258621e-03,-2.275718384939500068e-04,9.594931913732365064e-03
2.255000000000000071e+01,2.393073366087901999e+00,1.354132336393112368e+00,2.829320974933892785e+00,9.824685761967011377e-01,-7.596985667596706238e-02,-5.950414220839600477e-02,-1.595096696840123396e-01,2.579416399526614223e-04,1.840546815324418661e+00,3.532173579869282154e-01,-1.034742957174685993e-02,-1.190710607871769272e-01,2.941751019378891982e-02,-1.207242221527802042e-03,-1.734577689302289406e-04,9.675683889707865568e-03
2.260000000000000142e+01,2.373234486980269953e+00,1.424213741499159136e+00,2.842309099458680155e+00,9.837172126830154850e-01,-7.356322474411484957e-02,-5.962326576340118423e-02,-1.527545862359377948e-01,-3.003109025983110442e-02,1.819197519578777289e+00,3.500534578133504549e-01,-1.025206113172478194e-02,-1.180937386025393554e-01,2.953541392773378557e-02,-1.295488071306872321e-03,-1.154348348335577587e-04,9.742591517720094324e-03
2.265000000000000213e+01,2.353993249265180054e+00,1.495199131171930373e+00,2.855737847898313753e+00,9.849590243866462869e-01,-7.107603279486120196e-02,-5.962540044374418924e-02,-1.457694394013125672e-01,-5.967787326105414292e-02,1.799654587582717902e+00,3.489681002530669596e-01,-1.036023018840837376e-02,-1.171839775032507552e-01,2.963576411302414060e-02,-1.385081829547209599e-03,-5.857592111869031569e-05,9.804265989523676048e-03
2.270000000000000284e+01,2.330361628026487164e+00,1.559816586604799937e+00,2.868297348917317802e+00,9.861816771403930648e-01,-6.833290719469667374e-02,-5.985938813659932162e-02,-1.385394063752060367e-01,-8.984396046780654399e-02,1.776845494168051820e+00,3.470065823804016070e-01,-1.004783614041094252e-02,-1.162011358768444136e-01,2.977096548958138925e-02,-1.465689026712705236e-03,-6.877911165803583110e-06,9.869881940907715076e-03
2.275000000000000000e+01,2.304415252314081286e+00,1.619749664673145073e+00,2.880620961682068160e+00,9.873540938425803271e-01,-6.549454659333889261e-02,-5.981671392399901671e-02,-1.313937535583963867e-01,-1.210951734450831652e-01,1.749766927467345301e+00,3.431624102768507933e-01,-9.686087218140879834e-03,-1.150382774676407815e-01,2.989777053852641156e-02,-1.545333810112580180e-03,4.574176796895815559e-05,9.930561735751689684e-03
2.280000000000000071e+01,2.279439277512703477e+00,1.681583386157924354e+00,2.893169801749213121e+00,9.884400891886595542e-01,-6.252258231062404747e-02,-5.972341843883840345e-02,-1.245400741765689545e-01,-1.475947938995752218e-01,1.725810415124053199e+00,3.403889430275348071e-01,-9.447221096714196117e-03,-1.140981369752573776e-01,3.002253749723317322e-02,-1.620862424044814277e-03,9.363507884677444012e-05,9.990502600612219744e-03
2.285000000000000142e+01,2.252472321265075461e+00,1.739825413119609143e+00,2.905495079044731366e+00,9.895216150474355210e-01,-5.955810763884156200e-02,-5.950926986700389582e-02,-1.172964277729341698e-01,-1.756776288208812264e-01,1.699455408255219568e+00,3.375127083292283059e-01,-9.094763843245633542e-03,-1.131939944247002394e-01,3.016772273234114704e-02,-1.695797027128142587e-03,1.348451496035267517e-04,1.005196650496609223e-02
2.290000000000000213e+01,2.215936213304288138e+00,1.786336720618331153e+00,2.915648158278591140e+00,9.905687862598935300e-01,-5.643420899687127956e-02,-5.920181314419255963e-02,-1.099263620017461307e-01,-2.078000701968622799e-01,1.664206769164496391e+00,3.312709964258974127e-01,-8.215184521389732111e-03,-1.121815040400724189e-01,3.038296226489785659e-02,-1.766764578641608031e-03,1.739949861289060329e-04,1.009551353283577591e-02
2.295000000000000284e+01,2.180764508869598384e+00,1.832559542179740708e+00,2.925839857764981566e+00,9.915520880186887709e-01,-5.331079127686744884e-02,-5.880892454959875393e-02,-1.025861914320460727e-01,-2.373605352951439207e-01,1.632229302276764216e+00,3.251304389538106077e-01,-7.270262096508580199e-03,-1.113191003378922045e-01,3.059621280094824980e-02,-1.822871618413487082e-03,2.029139391822914400e-04,1.014235574649086785e-02
2.300000000000000000e+01,2.144174227799659160e+00,1.876787581322382215e+00,2.935459206787080166e+00,9.924528396326044444e-01,-5.010226158461359575e-02,-5.847196698639124668e-02,-9.543664687125856527e-02,-2.680323503231202276e-01,1.597860493466634058e+00,3.222883650661585997e-01,-6.283335840916017510e-03,-1.105767939738112882e-01,3.083642741075677540e-02,-1.878724637455557326e-03,2.292328627797170855e-04,1.019216753091583758e-02
2.305000000000000071e+01,2.107307926351385419e+00,1.919729619131354648e+00,2.945122327295583098e+00,9.933335173785273753e-01,-4.669192694772913987e-02,-5.774141672450530671e-02,-8.817208177738435071e-02,-2.996770383571491503e-01,1.564487063997918925e+00,3.193196267151554579e-01,-5.362919893704140052e-03,-1.099098752661997191e-01,3.107482158789520721e-02,-1.933575368006805462e-03,2.526011565263256223e-04,1.024496974234422736e-02
2.310000000000000142e+01,2.066577707659973839e+00,1.953309102425284660e+00,2.953860839988455389e+00,9.941495887142297594e-01,-4.326329703168904639e-02,-5.711160078924036598e-02,-8.082788778983460154e-02,-3.314965091894852556e-01,1.525243885512610476e+00,3.144051694418729670e-01,-4.138850497356918144e-03,-1.091398147739692098e-01,3.134469105458523308e-02,-1.982045909243392804e-03,2.684117869596829953e-04,1.029443362739396704e-02
2.315000000000000213e+01,2.019256716017304498e+00,1.971497410306961351e+00,2.961672803946271415e+00,9.949410876675696125e-01,-3.951883414445846870e-02,-5.619533495068252532e-02,-7.329787274209854930e-02,-3.642734447957416410e-01,1.478009256655902881e+00,3.079672826573293665e-01,-2.542009553634083045e-03,-1.081519279042691406e-01,3.163502810440352309e-02,-2.023238629006903540e-03,2.765873930290571755e-04,1.032342375173344630e-02
2.320000000000000284e+01,1.970118746242119245e+00,1.986363382090127194e+00,2.968986024163070336e+00,9.956573429818553755e-01,-3.592553480270437027e-02,-5.527848230470897711e-02,-6.572747301957923560e-02,-3.981789651498316429e-01,1.428690181211174526e+00,3.031491204875632617e-01,-9.649025353326088749e-04,-1.072548693790618402e-01,3.193426385779713633e-02,-2.059624567027820013e-03,2.824965479570450545e-04,1.034522958441302411e-02
2.325000000000000000e+01,1.921281534052616369e+00,2.000443497824661687e+00,2.975879085739108199e+00,9.963043802495669121e-01,-3.248413187336499086e-02,-5.393288637545449321e-02,-5.842608012841976617e-02,-4.294288179239986736e-01,1.380294977402062973e+00,2.957792666300719242e-01,6.117110955758712446e-04,-1.065345002842790628e-01,3.225461457552144390e-02,-2.092779915035102283e-03,2.816014738726867260e-04,1.037537780255381493e-02
2.330000000000000071e+01,1.876549653708297294e+00,2.023275800898032273e+00,2.984228707752349496e+00,9.968750802261574506e-01,-2.906426168603037929e-02,-5.271527326613358738e-02,-5.115117868842296300e-02,-4.570789876330776935e-01,1.341318178899759461e+00,2.890825925116540795e-01,1.607859213417923419e-03,-1.059861973220218162e-01,3.250982134677288943e-02,-2.132596555875696225e-03,2.819886014339542863e-04,1.039360427142529270e-02
2.335000000000000142e+01,1.834224784383370555e+00,2.046116580698283283e+00,2.993523213008394190e+00,9.973995790102792025e-01,-2.567988052254672332e-02,-5.120764018368613446e-02,-4.373100860126134110e-02,-4.843102421316145545e-01,1.304783777512391163e+00,2.845641744294893916e-01,2.457710825361800275e-03,-1.054475804529142191e-01,3.272538050589023778e-02,-2.173737785361975778e-03,2.776714130466982492e-04,1.043023161467273273e-02
2.340000000000000213e+01,1.789093271923586803e+00,2.059223875244464264e+00,3.001823307926457574e+00,9.978555792683879710e-01,-2.180350271861586364e-02,-4.979984282686565622e-02,-3.645306361019222396e-02,-5.090691754728173812e-01,1.261695325746200247e+00,2.787490210383422040e-01,3.438266566615897149e-03,-1.047603469349959321e-01,3.295706707659749879e-02,-2.214954492548325358e-03,2.746557444719518104e-04,1.047533826194231577e-02
2.345000000000000284e+01,1.744317935150103693e+00,2.069642784283014514e+00,3.009715024232630043e+00,9.982394985783626939e-01,-1.817120484454629731e-02,-4.821193870540294718e-02,-2.938230349688597531e-02,-5.346790246842835215e-01,1.217473494692257185e+00,2.723490118105832414e-01,4.482309453089686722e-03,-1.041239499876845109e-01,3.320841234733346720e-02,-2.252337864900880171e-03,2.636994960396141121e-04,1.051949891410091688e-02
2.350000000000000000e+01,1.696602265971001389e+00,2.070056463609461606e+00,3.016099875078795289e+00,9.985598781191299400e-01,-1.463626648983406761e-02,-4.660491153660585584e-02,-2.217953413874737198e-02,-5.600993264246612036e-01,1.166524806236997502e+00,2.660635481087637588e-01,5.849185166686980859e-03,-1.035030462643400234e-01,3.351671031314097660e-02,-2.280876270036687713e-03,2.419949745296098560e-04,1.056178713429554647e-02
2.355000000000000071e+01,1.647876477486970304e+00,2.066050201454267210e+00,3.021027450074024845e+00,9.988279922023619584e-01,-1.075298190043966380e-02,-4.475666954170481882e-02,-1.496181488930562950e-02,-5.839256258705721736e-01,1.116726844067060576e+00,2.584683015187920763e-01,7.391666945996331478e-03,-1.029413845268445926e-01,3.387240173925158693e-02,-2.302799633569190940e-03,2.144296176044791988e-04,1.060127586280205404e-02
2.360000000000000142e+01,1.597659862318338675e+00,2.055853498992159079e+00,3.024547190307200761e+00,9.990284262011005501e-01,-6.982399916324835698e-03,-4.282260300108919893e-02,-7.724921085146154061e-03,-6.082381827500000782e-01,1.065028330746955243e+00,2.506899792535136062e-01,8.985657046638123244e-03,-1.023176117821898712e-01,3.425521672740282353e-02,-2.324418557987769675e-03,1.895415497437771867e-04,1.064197071028587932e-02
2.365000000000000213e+01,1.549741359444665845e+00,2.050738291620388676e+00,3.028554507627030823e+00,9.991663446362619716e-01,-3.188556750472372990e-03,-4.069416187425462655e-02,-6.588181930484290558e-04,-6.307180089131795286e-01,1.017265542759731467e+00,2.426146022505183963e-01,1.025788313641118332e-02,-1.017070550518009431e-01,3.458368279838984483e-02,-2.345640393347939254e-03,1.726530013949201649e-04,1.067570630258222325e-02
2.370000000000000284e+01,1.502793564417310268e+00,2.048234684661985217e+00,3.032149909238899266e+00,9.992327981194931708e-01,2.722874579032755898e-04,-3.861985175997836167e-02,6.499851680299132198e-03,-6.531972357954328734e-01,9.727718470803871087e-01,2.348591024569412211e-01,1.158422505214092013e-02,-1.012488351838215367e-01,3.491788602207895192e-02,-2.357834519641569850e-03,1.510869125393304326e-04,1.070753576305283339e-02
2.375000000000000000e+01,1.454618172486845884e+00,2.037782613973791346e+00,3.034653128051505444e+00,9.992342638160703894e-01,3.588761288584166754e-03,-3.642638331393550921e-02,1.382481128390698581e-02,-6.726325515116254872e-01,9.254782061452656583e-01,2.274421639123914429e-01,1.304139302054481767e-02,-1.007771760861129462e-01,3.528025142919075791e-02,-2.365454839215400205e-03,1.231455738041734070e-04,1.074020283225019662e-02
2.380000000000000071e+01,1.406129719835518044e+00,2.021818744005190016e+00,3.035801615288290733e+00,9.991613667094578766e-01,7.017204410907361932e-03,-3.440992329525126986e-02,2.105419901964126345e-02,-6.928666699247891803e-01,8.775150552752823963e-01,2.178189046153647668e-01,1.452311395522779165e-02,-1.002932387969935613e-01,3.568859786961103842e-02,-2.378486239538615040e-03,9.086721507417484193e-05,1.077624866190364690e-02
2.385000000000000142e+01,1.359660153758128986e+00,2.001339150927211818e+00,3.036964809189580006e+00,9.990425186110863942e-01,1.055951692420433428e-02,-3.179230409209098801e-02,2.813879901596089486e-02,-7.074575199371653245e-01,8.266941525011519687e-01,2.084442457674135496e-01,1.601157890820133212e-02,-9.972654891575470637e-02,3.607192306058341208e-02,-2.384243836442865357e-03,5.447088839569454589e-05,1.081627084513362737e-02
2.390000000000000213e+01,1.316627887043548162e+00,1.982235819080094608e+00,3.039011131813370792e+00,9.988604450439504401e-01,1.395215870536368336e-02,-2.928548064956825944e-02,3.500727377539290808e-02,-7.206995954694044304e-01,7.789373111924809967e-01,2.014236386295856218e-01,1.741050570157992583e-02,-9.912931757926145282e-02,3.639721015706105789e-02,-2.381488775687165722e-03,1.688663349571562286e-05,1.086133229875804046e-02
2.395000000000000284e+01,1.273138698248035494e+00,1.966123311371558824e+00,3.039734368158675260e+00,9.986086615977115555e-01,1.722593757062543599e-02,-2.690864009465164172e-02,4.195155712362039907e-02,-7.346846291371175175e-01,7.346255711939612132e-01,1.934366157413668907e-01,1.885019403642328867e-02,-9.869427291144892977e-02,3.676828980583626144e-02,-2.376377818952990755e-03,-2.395254493322786547e-05,1.089393806728434881e-02
2.400000000000000000e+01,1.230361472010911283e+00,1.946598934088129340e+00,3.040041109232461736e+00,9.983013628821599816e-01,2.033574927793299278e-02,-2.411538912357728479e-02,4.898259054342922469e-02,-7.478653212601921174e-01,6.884909125863202251e-01,1.841476851720892649e-01,2.022845040919218212e-02,-9.822835359998999261e-02,3.713604871894739257e-02,-2.371967901936243572e-03,-6.658370816433746933e-05,1.092199252175458761e-02
2.405000000000000071e+01,1.188093287285980404e+00,1.930647780896823651e+00,3.039916722100286961e+00,9.979195983557883620e-01,2.360192172740906147e-02,-2.133050468829551100e-02,5.607525370373056539e-02,-7.597972529463766778e-01,6.487849835577337299e-01,1.744272908061022809e-01,2.155623101277375289e-02,-9.780646466902477576e-02,3.748176914458520304e-02,-2.362468130346590672e-03,-1.031650677738375462e-04,1.094138839549530125e-02
2.410000000000000142e+01,1.145950874697774458e+00,1.910676710825800928e+00,3.038458413892208831e+00,9.974821152692268100e-01,2.659231338549034734e-02,-1.849131567696964823e-02,6.309001372143806241e-02,-7.721299097789457999e-01,6.024899736717430621e-01,1.655966275408596589e-01,2.295389913528510240e-02,-9.737240932137745941e-02,3.785542914277863907e-02,-2.349834853671079436e-03,-1.426972429664877284e-04,1.095791782968539956e-02
2.415000000000000213e+01,1.105524296707161458e+00,1.885736119601180150e+00,3.037314854750361004e+00,9.969732185266867441e-01,2.975285874699305430e-02,-1.560374784977476906e-02,7.011199604890323844e-02,-7.832664949790554276e-01,5.581374379322512347e-01,1.570884594231742037e-01,2.423676164583815976e-02,-9.689750368412003434e-02,3.820753369360531393e-02,-2.338244728396390252e-03,-1.841668385349190843e-04,1.097170226053552702e-02
2.420000000000000284e+01,1.065584723810907963e+00,1.856421070867346312e+00,3.035466923280052409e+00,9.963954617562118532e-01,3.289845363677207368e-02,-1.283702688563203957e-02,7.712967185637539802e-02,-7.921122593761530384e-01,5.133952167918216514e-01,1.488971683526931489e-01,2.541130178715026583e-02,-9.634928334444112230e-02,3.856225019469792376e-02,-2.328683560982422636e-03,-2.245542625681190400e-04,1.097333494531446338e-02
2.425000000000000000e+01,1.026627595816240079e+00,1.830985699680785839e+00,3.033870859706537804e+00,9.957459890612936348e-01,3.588132231980634829e-02,-1.010476146705256532e-02,8.426357322486627277e-02,-7.996779228006491991e-01,4.688953193389217566e-01,1.421150285423583570e-01,2.639850237555813398e-02,-9.581502901242557046e-02,3.889616786946765992e-02,-2.322126406718897154e-03,-2.647780689424937680e-04,1.097622605823907714e-02
2.430000000000000071e+01,9.851409898368680418e-01,1.822853910200020744e+00,3.031203128103357791e+00,9.950503168528669340e-01,3.863258376244229492e-02,-7.251676537352226386e-03,9.126775767073849743e-02,-8.116413242223848856e-01,4.368939939267169614e-01,1.323914614110245913e-01,2.717681611184281226e-02,-9.542596106921180654e-02,3.922937947999510094e-02,-2.321461808217429972e-03,-2.855810063465164406e-04,1.098794645279896516e-02
2.435000000000000142e+01,9.455478028009515201e-01,1.809549352850912562e+00,3.028746706025226221e+00,9.942792782420306619e-01,4.138978054538733353e-02,-4.395171875083269536e-03,9.836811164752408410e-02,-8.183166642498019838e-01,4.010673492428565301e-01,1.219035335007054716e-01,2.784377574024367308e-02,-9.498227218663342353e-02,3.954615497344855096e-02,-2.324868083115594168e-03,-3.117441476501807938e-04,1.100179816354818901e-02
2.440000000000000213e+01,9.064219802345520050e-01,1.795396353039879545e+00,3.025786492861639587e+00,9.934572705841238083e-01,4.390492195566485234e-02,-1.540902098502284698e-03,1.054164833995748507e-01,-8.262278879945627041e-01,3.681945460151279659e-01,1.131872197214514736e-01,2.847915085637249544e-02,-9.456763405559764912e-02,3.987033398876145551e-02,-2.326095377236579893e-03,-3.409615955768114238e-04,1.101769376964337362e-02
2.445000000000000284e+01,8.668478130869348153e-01,1.784488952313341148e+00,3.022719038234519040e+00,9.925558083206106330e-01,4.655502756339276182e-02,1.235931489374041082e-03,1.125347468604453310e-01,-8.339219246953961662e-01,3.369486217090195135e-01,1.039783744520749176e-01,2.902857720629685445e-02,-9.421677793195544492e-02,4.018336339367788168e-02,-2.324793145747613542e-03,-3.703201383623022386e-04,1.102485556304303761e-02
2.450000000000000000e+01,8.300391120484837959e-01,1.770430424556428406e+00,3.019729248461405557e+00,9.916258660928883861e-01,4.879358583184946474e-02,4.228621379066530885e-03,1.194966377704050620e-01,-8.377776293023465604e-01,3.038187546888222457e-01,9.716813451385246381e-02,2.963572809047990142e-02,-9.382462723531841131e-02,4.048127006007707501e-02,-2.318431653892423852e-03,-4.037539762090681938e-04,1.105570581528144206e-02
2.455000000000000071e+01,7.939198555258707435e-01,1.756373738029908926e+00,3.017118014409502447e+00,9.906216245883550098e-01,5.098982285368974104e-02,7.200672812178065228e-03,1.265582283944023112e-01,-8.432208053059672137e-01,2.712878816851679309e-01,8.906043715972680741e-02,3.027552271789952024e-02,-9.349314479764006536e-02,4.076159703053241351e-02,-2.305816503483325806e-03,-4.441020271416723031e-04,1.107619456584331245e-02
2.460000000000000142e+01,7.600631311191187178e-01,1.738381188388671728e+00,3.014670247744349663e+00,9.895998767511799965e-01,5.316652326047098531e-02,1.013171995271385482e-02,1.332769784668116908e-01,-8.468654609481852669e-01,2.360755146683016226e-01,8.036750356510836968e-02,3.088686082500202018e-02,-9.309975569229242409e-02,4.101899796765053063e-02,-2.294317746939964018e-03,-4.836189864921497990e-04,1.110050068104123655e-02
2.465000000000000213e+01,7.277084207092278101e-01,1.718263923316849962e+00,3.011931274944778636e+00,9.884720234282013962e-01,5.545273325338438697e-02,1.312916671293847849e-02,1.402700190914301648e-01,-8.488694917911562277e-01,2.023025594183790465e-01,7.343990997861397918e-02,3.147057151111998241e-02,-9.265864852206398550e-02,4.127117513341648641e-02,-2.283762790713990323e-03,-5.225602437971080825e-04,1.112463506343398627e-02
2.470000000000000284e+01,6.922096028466788731e-01,1.705670432492641497e+00,3.009050117194012497e+00,9.873089701729398371e-01,5.724603291513998687e-02,1.609446725310443096e-02,1.472577918324408930e-01,-8.531065140259622703e-01,1.761554942311438499e-01,6.744861148947282892e-02,3.197729537556914803e-02,-9.236561777297526421e-02,4.152037329332020077e-02,-2.268665734273516126e-03,-5.593431862580726735e-04,1.113542462827413725e-02
2.475000000000000000e+01,6.546873391573159173e-01,1.695956592896231241e+00,3.004289012080924692e+00,9.860971061028263041e-01,5.893290789173243061e-02,1.894912553726905285e-02,1.542087557320553359e-01,-8.577507304798004384e-01,1.487908405524758504e-01,6.000397976229714797e-02,3.251759399007145973e-02,-9.202837509880279487e-02,4.179161507997095765e-02,-2.247082855014450372e-03,-5.862019025604127539e-04,1.115455929500345708e-02
2.480000000000000071e+01,6.189467646253586919e-01,1.683062306970537048e+00,3.000120780467834702e+00,9.848193178690392013e-01,6.065116175081674416e-02,2.179916464539749521e-02,1.611742664044087947e-01,-8.614495592336114393e-01,1.191004640818526666e-01,5.170860721594266324e-02,3.296279831694832324e-02,-9.163896547649978686e-02,4.203095572072163000e-02,-2.229863333321375606e-03,-6.118708469011909217e-04,1.116551964308247491e-02
2.485000000000000142e+01,5.834214408256426232e-01,1.668711063764159341e+00,2.993156164682476472e+00,9.835299145980995750e-01,6.196811073526062308e-02,2.470481249140650190e-02,1.679837271354637229e-01,-8.638250302424202998e-01,9.161693395898551362e-02,4.145926348555147023e-02,3.352271327916271637e-02,-9.111838341844774591e-02,4.232036802061246022e-02,-2.202390907223685749e-03,-6.323710494616993378e-04,1.118338162695401740e-02
2.490000000000000213e+01,5.505707728287371205e-01,1.651305889721266906e+00,2.986514486560732262e+00,9.821529423985374541e-01,6.332499566013088943e-02,2.767213867290261101e-02,1.749279720450882258e-01,-8.651323988233107221e-01,6.442077373714380495e-02,3.473813023543566997e-02,3.403661349837586864e-02,-9.054331970971374322e-02,4.259022787809348121e-02,-2.174032979145721321e-03,-6.551733081085444254e-04,1.120850672952675674e-02
2.495000000000000284e+01,5.178134187174877612e-01,1.635444011607932735e+00,2.980975453056029512e+00,9.807555199801853973e-01,6.441101345146996171e-02,3.040294798814087776e-02,1.817841910843215614e-01,-8.655522419260809341e-01,3.783116053208555180e-02,2.690825997872761666e-02,3.454990118183923903e-02,-9.006588404651842683e-02,4.281681726865870646e-02,-2.139990089612187497e-03,-6.810184489173703223e-04,1.123144681942484478e-02
