timestamp,px,py,pz,vx,vy,vz,qw,qx,qy,qz,bax,bay,baz,bgx,bgy,bgz
0.000000000000000000e+00,4.000000000000000000e+00,0.000000000000000000e+00,2.000000000000000000e+00,-0.000000000000000000e+00,1.256637061435917246e+00,2.500000000000000000e-01,7.071067811865474617e-01,0.000000000000000000e+00,0.000000000000000000e+00,7.071067811865474617e-01,0.000000000000000000e+00,0.000000000000000000e+00,0.000000000000000000e+00,0.000000000000000000e+00,0.000000000000000000e+00,0.000000000000000000e+00
5.000000000000000278e-02,3.999506871989232160e+00,6.282872467221194135e-02,2.012497540962393749e+00,-1.976899281021964397e-02,1.256470848034377807e+00,2.498862954352340793e-01,7.015349136775794747e-01,5.139218698692505894e-06,-8.191588477435643100e-07,7.126350853447426248e-01,0.000000000000000000e+00,0.000000000000000000e+00,0.000000000000000000e+00,0.000000000000000000e+00,0.000000000000000000e+00,0.000000000000000000e+00
1.000000000000000056e-01,3.998022221727073777e+00,1.256398566038271769e-01,2.024985081636612616e+00,-3.963236612358508881e-02,1.255907286483145757e+00,2.495556143081704981e-01,6.959227317267984159e-01,-4.933750571652845183e-06,-1.233610725108615223e-06,7.181166697968004442e-01,0.000000000000000000e+00,0.000000000000000000e+00,0.000000000000000000e+00,0.000000000000000000e+00,0.000000000000000000e+00,0.000000000000000000e+00
1.500000000000000222e-01,3.995532495570086606e+00,1.884273752487077846e-01,2.037494000979328757e+00,-5.945407193414983110e-02,1.255342571913925509e+00,2.495880916008962336e-01,6.902612699321681866e-01,-1.461386351683335947e-05,4.091021517870692425e-05,7.235602098957762962e-01,-3.246343244556436900e-04,4.338144788748536478e-04,-1.509676613926541275e-03,-6.831831848050994644e-06,-7.739564950379201083e-06,-4.234829905461574221e-05
2.000000000000000111e-01,3.991250993371048494e+00,2.511380779715771672e-01,2.050014753074877571e+00,-8.353380829712446498e-02,1.254198385530340909e+00,2.494352071139041283e-01,6.846262002675002067e-01,-6.980740094356178939e-05,6.792829251423247196e-05,7.288943383097158391e-01,-4.716174456041246927e-04,-2.630232686550082119e-03,-2.056764390853615086e-03,-6.522293992448763549e-04,-3.031831525247926013e-04,-1.316927589604700204e-03
2.500000000000000000e-01,3.986574182315968606e+00,3.138158272506992308e-01,2.062471072634404656e+00,-1.035286900427695306e-01,1.252958499639500012e+00,2.487816881330156549e-01,6.788528160988206439e-01,-7.311761706480220742e-05,9.327679431433928475e-05,7.342743629107272296e-01,-4.716174456041246927e-04,-2.630232686550082119e-03,-2.056764390853615086e-03,-6.522293992448763549e-04,-3.031831525247926013e-04,-1.316927589604700204e-03
3.000000000000000444e-01,3.980904591603663611e+00,3.764218071988091330e-01,2.074886056597982975e+00,-1.233160728919472093e-01,1.251291410849974639e+00,2.478520169598297240e-01,6.730414458638067643e-01,-7.440738914851033922e-05,1.023917325046146793e-04,7.396047566971362119e-01,-4.716174456041246927e-04,-2.630232686550082119e-03,-2.056764390853615086e-03,-6.522293992448763549e-04,-3.031831525247926013e-04,-1.316927589604700204e-03
3.500000000000000333e-01,3.973646635274493466e+00,4.392921237112234478e-01,2.087423431890309544e+00,-1.467960171483610188e-01,1.251664720195397651e+00,2.476821192094068869e-01,6.672176000183482891e-01,-3.797818747730092800e-04,5.793883084792830212e-06,7.448627591428597094e-01,-4.234024418380691497e-03,-8.043655877737872217e-03,-2.906516556269885670e-03,-4.513701011976097369e-04,2.108033616682959731e-05,-9.990708807246775555e-04
4.000000000000000222e-01,3.965802339283492461e+00,5.018276919639756972e-01,2.099782459132739199e+00,-1.670431696315262671e-01,1.249668844705045911e+00,2.466562260158095266e-01,6.613262637530035182e-01,-3.646513045572034200e-04,2.566755864076260960e-05,7.500982863872542872e-01,-4.234024418380691497e-03,-8.043655877737872217e-03,-2.906516556269885670e-03,-4.513701011976097369e-04,2.108033616682959731e-05,-9.990708807246775555e-04
4.500000000000000111e-01,3.960723801358997154e+00,5.669411567805274776e-01,2.107133856854396026e+00,-1.750241256376224019e-01,1.257308563055332673e+00,2.310415556708440843e-01,6.553363615400388253e-01,-3.652935665086651067e-04,2.554145028318963238e-04,7.553370469978984980e-01,-1.766278081228839225e-02,5.173771565969072575e-03,1.262629996391468473e-02,1.473820344723673686e-03,-1.049820605650897735e-04,-3.606440599277322898e-04
5.000000000000000000e-01,3.951486570729645820e+00,6.297660471029126183e-01,2.118632530350541554e+00,-1.944406643018454506e-01,1.255695327524440241e+00,2.288147945730123201e-01,6.493784159740990658e-01,-3.798073882369050989e-04,2.439795692875391096e-04,7.604652977534791525e-01,-1.766278081228839225e-02,5.173771565969072575e-03,1.262629996391468473e-02,1.473820344723673686e-03,-1.049820605650897735e-04,-3.606440599277322898e-04
5.500000000000000444e-01,3.941279292900169651e+00,6.925024177843011053e-01,2.130018466690605461e+00,-2.138519618213114704e-01,1.253741848367855294e+00,2.266291291940459030e-01,6.433801827109071336e-01,-3.970795400713174718e-04,2.176592349273113395e-04,7.655466905729368943e-01,-1.766278081228839225e-02,5.173771565969072575e-03,1.262629996391468473e-02,1.473820344723673686e-03,-1.049820605650897735e-04,-3.606440599277322898e-04
6.000000000000000888e-01,3.930859097674062941e+00,7.560844427677221313e-01,2.142262944419904613e+00,-2.328902340883826638e-01,1.254411904826422175e+00,2.272568749991447368e-01,6.372924863017264130e-01,-1.060227172762825948e-04,5.438240783009183101e-04,7.706218138087704839e-01,-2.116393965087214751e-02,-1.063209476137072333e-03,8.421316778253085111e-03,-1.127985991840129527e-03,3.411722219596230368e-04,1.704779104201893658e-04
6.500000000000000222e-01,3.917032026344487772e+00,8.209047093137135098e-01,2.153063236218240917e+00,-2.579198786723487791e-01,1.258797390102637248e+00,2.241256090093182995e-01,6.313415229237963056e-01,-3.850327996598438174e-04,5.409044196967752009e-04,7.755046360947259743e-01,-2.808106902362222240e-02,-4.775267783478595943e-03,8.401636354908972523e-03,-1.041238915874386200e-03,5.029502353196522741e-04,7.043094739044614312e-04
7.000000000000000666e-01,3.903096503530644856e+00,8.823313536013269731e-01,2.164025605030428512e+00,-2.800217394285772765e-01,1.252126879701356055e+00,2.237112968931036228e-01,6.252517203602702134e-01,-1.789064698273305754e-04,2.332703981461563920e-04,7.804230902298565642e-01,-2.820740220371494716e-02,-7.719510474401581127e-03,1.926231306104739249e-03,-1.112823938209397956e-03,8.080065254310116359e-04,9.413730875242890461e-04
7.500000000000000000e-01,3.886907139366826414e+00,9.472608535115824013e-01,2.174624003670164729e+00,-3.055920452544546584e-01,1.255925896114979734e+00,2.207372520128560167e-01,6.191619086737486510e-01,-3.733241364828492927e-04,2.700569142515792456e-04,7.852632160911605652e-01,-3.504639809013342100e-02,-1.125106829693505416e-02,1.016113162127998872e-03,-1.385009024057253782e-03,8.454163756838590062e-04,1.258725534065839547e-03
8.000000000000000444e-01,3.870100612496794046e+00,1.011501679178564261e+00,2.185506040134434169e+00,-3.296205974222769508e-01,1.257018915471931564e+00,2.185588846194778390e-01,6.130532575145334340e-01,-5.110002498212000291e-04,1.786135481406065186e-04,7.900413979196053704e-01,-3.958092320445695533e-02,-1.250237935080470396e-02,-2.392891102715292723e-04,-1.389114351105752865e-03,9.376779007276532041e-04,1.599973632471205810e-03
8.500000000000000888e-01,3.852986257465223829e+00,1.070713295165542700e+00,2.196340827449512645e+00,-3.510698235557692115e-01,1.245544487125660904e+00,2.155677790160780982e-01,6.069457567319458402e-01,-1.208813426491124631e-04,-1.221490460477160677e-04,7.947432408346717381e-01,-3.824816829676431357e-02,-1.597672818429200087e-02,7.174228222889877720e-04,-1.471097404647020088e-03,1.215453587194888002e-03,2.005058720163145798e-03
9.000000000000000222e-01,3.835059018379417761e+00,1.130984979068591967e+00,2.207636982220191335e+00,-3.717073728258120657e-01,1.237679987459474829e+00,2.146422063305146177e-01,6.007709410609152201e-01,1.710207320059530303e-04,-2.918522565487394432e-04,7.994211417963323907e-01,-3.997173029168692854e-02,-1.763314633550933791e-02,-1.826539325090662576e-03,-1.596087637092605390e-03,1.270282618353811479e-03,2.237657592389299607e-03
9.500000000000000666e-01,3.816345013622483684e+00,1.191836438576669099e+00,2.218108071448148255e+00,-3.902471656755552298e-01,1.231567933669862169e+00,2.118622603716662778e-01,5.946195594827989872e-01,3.115458859598220932e-04,-1.682684938324968227e-04,8.040071231682943687e-01,-3.716430287011117384e-02,-1.754067016689949549e-02,-1.944788700504609426e-03,-1.718900657023112117e-03,1.282735145131186057e-03,2.379491619503582619e-03
1.000000000000000000e+00,3.797268879507352146e+00,1.251396547391838920e+00,2.228129222787465391e+00,-4.071840282552663948e-01,1.223597417436247392e+00,2.077167504259981590e-01,5.884401254021320860e-01,4.498140411781678498e-04,1.197431641085333306e-05,8.085406708018263444e-01,-3.249585743456355480e-02,-1.731877062594340197e-02,-1.054043786350414205e-04,-1.783003068098665180e-03,1.305342807091473432e-03,2.516495604726238372e-03
1.050000000000000044e+00,3.777020000552263390e+00,1.310275692913993373e+00,2.238401266233406517e+00,-4.255869671528913489e-01,1.214925920859059927e+00,2.044883141941006288e-01,5.821273289854013155e-01,6.029939242536651572e-04,4.678577900198411480e-05,8.130974154784532670e-01,-3.106419778169128981e-02,-1.831029159599588743e-02,4.210877712461452921e-04,-1.775709351668626609e-03,1.249342043160360342e-03,2.521460547031759841e-03
1.100000000000000089e+00,3.755967578085181113e+00,1.371789088958273117e+00,2.248854587215429746e+00,-4.431089396481338039e-01,1.211166754127350753e+00,2.031466349673730354e-01,5.756493081210011242e-01,4.860979939933298159e-04,1.349598609333723157e-04,8.176965326784678689e-01,-2.906702538734622088e-02,-1.564531263276409956e-02,-2.300432257457975336e-03,-1.620502643768219515e-03,1.184325535928710876e-03,2.182214968195355514e-03
1.150000000000000133e+00,3.734151284311690411e+00,1.432435618215041284e+00,2.259393444473003942e+00,-4.606348019883209077e-01,1.206180987861202425e+00,2.011396356516106931e-01,5.691200476508538886e-01,5.077380112195874163e-04,2.228404830552133164e-04,8.222542574569746687e-01,-2.904408573908308713e-02,-1.398577026361892683e-02,-3.618409865587177837e-03,-1.685609150561015283e-03,1.063473119720717390e-03,1.875639907514598534e-03
1.200000000000000178e+00,3.712393730169385009e+00,1.490856729618169396e+00,2.269064169788234775e+00,-4.752850253617805776e-01,1.197725788844400174e+00,1.987281637809044932e-01,5.626913361976362271e-01,5.979422063014056075e-04,5.465729488888651033e-04,8.266666824611043074e-01,-2.316583933163992789e-02,-1.445633437852263635e-02,-5.148505325472801757e-03,-1.713637583783475396e-03,9.978224881461706091e-04,1.748089234012132568e-03
1.250000000000000000e+00,3.689696726653610703e+00,1.547126318989564320e+00,2.278756532715875860e+00,-4.906614774878475527e-01,1.186360517587355945e+00,1.952968523776802412e-01,5.561716809808222584e-01,9.285636299638912530e-04,7.164114774164715045e-04,8.310665952853276695e-01,-2.103476848998710180e-02,-1.786017359861683668e-02,-4.924338166291125293e-03,-1.792302074416081978e-03,1.003307305396227778e-03,1.620765684823173135e-03
1.300000000000000044e+00,3.665944724350409967e+00,1.603596475190290915e+00,2.288116417544458159e+00,-5.068604072842028962e-01,1.176133692026636313e+00,1.912131629187500681e-01,5.496983814017171177e-01,1.106018720094779006e-03,7.378706918496428504e-04,8.353621500605382666e-01,-2.010199246929553207e-02,-1.900458683858312348e-02,-4.166712902176183952e-03,-1.736119211500773652e-03,1.016238358083167538e-03,1.596367194227989172e-03
1.350000000000000089e+00,3.640151167955565814e+00,1.661662926629055237e+00,2.297855024222671183e+00,-5.249902033796063350e-01,1.168067374640121336e+00,1.879158331579694474e-01,5.431361451119678385e-01,1.179322527044130786e-03,6.642354046675583591e-04,8.396435528619365929e-01,-2.092698008403930110e-02,-1.920111188165859323e-02,-4.513669620434229701e-03,-1.645672146960018957e-03,1.017855384018446835e-03,1.589747776674997398e-03
1.400000000000000133e+00,3.613614264248778962e+00,1.718935706575966504e+00,2.307167837105358110e+00,-5.425780695585568081e-01,1.159183469798806820e+00,1.842365069731198013e-01,5.365366312027101126e-01,1.263374732754541123e-03,6.623707957036264853e-04,8.438758253006544141e-01,-2.098733034449045201e-02,-1.955765843134199197e-02,-4.657737669023049101e-03,-1.652448210828691031e-03,1.024551658072249318e-03,1.579665439459027173e-03
1.450000000000000178e+00,3.587084736974760713e+00,1.775326302835675607e+00,2.315713603998940329e+00,-5.582562927901019156e-01,1.149963006196600190e+00,1.802278010470039771e-01,5.299777614829467298e-01,1.228338395944241412e-03,7.989062886445750904e-04,8.480102742697471774e-01,-1.753535497146383251e-02,-1.892135095072470727e-02,-4.928984519172575560e-03,-1.626321645798212449e-03,9.838633637502213185e-04,1.592724506567518190e-03
1.500000000000000000e+00,3.559533614422443648e+00,1.832097015786895211e+00,2.323913827650925246e+00,-5.742730951196062250e-01,1.141915014492862701e+00,1.757965860448207907e-01,5.233936101924895334e-01,1.086546638849175250e-03,8.541200584471509696e-04,8.520899123361335148e-01,-1.468680636458621902e-02,-1.619041112219305606e-02,-4.865309131316389139e-03,-1.569486858999119376e-03,9.608480702904449462e-04,1.598513852851054509e-03
1.550000000000000044e+00,3.530615628198669587e+00,1.888498765750203701e+00,2.332646902759107022e+00,-5.915331106534045258e-01,1.133346308766235433e+00,1.717711517626955842e-01,5.167112136744260731e-01,1.006337588649476329e-03,7.224694084671723013e-04,8.561588561626358729e-01,-1.530116136765147759e-02,-1.356196996231364207e-02,-4.946130938328957907e-03,-1.474183783927998908e-03,9.396593703189773297e-04,1.541796387331505203e-03
1.600000000000000089e+00,3.501315149872138655e+00,1.944688748403452294e+00,2.340675211345027762e+00,-6.076440942325377348e-01,1.124734973575289843e+00,1.674421302601067640e-01,5.100212872348096615e-01,9.216297184781469670e-04,7.575743389677230388e-04,8.601609519427922956e-01,-1.317982125439195844e-02,-1.176659160176389551e-02,-5.121981068082508658e-03,-1.417522251966081949e-03,9.390114011892790758e-04,1.508271476531730789e-03
1.650000000000000133e+00,3.470207062448849467e+00,2.002496702497439163e+00,2.349847802718855849e+00,-6.255591653173443456e-01,1.118244931370071082e+00,1.643872846553446621e-01,5.032178777401384862e-01,8.164255161704601785e-04,5.510053380587184163e-04,8.641590116206652183e-01,-1.574986651761557666e-02,-6.947568900249638177e-03,-5.992257468024347541e-03,-1.379559561595461795e-03,9.232253030115761825e-04,1.372672833874350774e-03
1.700000000000000178e+00,3.438767602026665759e+00,2.058912428051662857e+00,2.358254655930654309e+00,-6.422538247722774374e-01,1.109745850532743550e+00,1.607119049136489508e-01,4.963580116888364202e-01,7.898847726387084670e-04,5.350225992873660578e-04,8.681173964765186435e-01,-1.556293467588213027e-02,-6.181034803210520845e-03,-6.510480682565693115e-03,-1.309624838550225469e-03,9.073122312720329537e-04,1.218738455087768711e-03
1.750000000000000000e+00,3.406724502929190379e+00,2.112459473263952336e+00,2.367407219915550254e+00,-6.591390735770127352e-01,1.097239031654327013e+00,1.572028200016736266e-01,4.894824496699534122e-01,1.211812504444691359e-03,4.370183435066326530e-04,8.720121971569680941e-01,-2.017073971869655369e-02,-1.015130519547289764e-02,-6.597480006244802603e-03,-1.311771403495089975e-03,9.681783890236221124e-04,1.079861355366513011e-03
1.800000000000000044e+00,3.374175536804359776e+00,2.165913698780333796e+00,2.374791927824769111e+00,-6.745660957581290917e-01,1.085661076186852592e+00,1.524820914957123186e-01,4.826283827974617302e-01,1.350647871363183173e-03,4.439364170652261316e-04,8.758240821015895738e-01,-1.922782869701250910e-02,-1.166172795923052855e-02,-6.589902613942745513e-03,-1.267744328204084689e-03,1.055826468172730778e-03,1.039715052524712311e-03
1.850000000000000089e+00,3.341282374537510425e+00,2.216037860952393412e+00,2.382876611689205504e+00,-6.900831584353910308e-01,1.070393917981280918e+00,1.480015445391001938e-01,4.757734373143987505e-01,1.742479230025415068e-03,4.077834312997111101e-04,8.795660485858057820e-01,-2.219865050346486388e-02,-1.735652097520387627e-02,-6.193351796349445305e-03,-1.178827246265611766e-03,1.054364332732383872e-03,1.030801040229783940e-03
1.900000000000000133e+00,3.307455415416497679e+00,2.266257652083635055e+00,2.391018320763766969e+00,-7.051166590658167754e-01,1.055394612823914668e+00,1.443661735991480510e-01,4.688332341069583187e-01,2.098066948842946481e-03,4.818367230323650175e-04,8.832840791870193442e-01,-2.383623408924648995e-02,-2.379789798829800782e-02,-6.530987623332785812e-03,-1.135024809235629130e-03,1.037729548528586740e-03,9.837060130424390807e-04
1.950000000000000178e+00,3.271680314970784931e+00,2.318856486714473863e+00,2.398170238523703812e+00,-7.213004756487104707e-01,1.044703086490624377e+00,1.394650074483101132e-01,4.619206159789668864e-01,2.121216549984244765e-03,3.845637306979091726e-04,8.869186530255731560e-01,-2.493726493885010248e-02,-2.191211050874571076e-02,-6.506480107419955992e-03,-1.164088748203866456e-03,1.057258462503704978e-03,9.882526327176957386e-04
2.000000000000000000e+00,3.235329544795980450e+00,2.369452336816211258e+00,2.405095180654286402e+00,-7.373691119784353543e-01,1.031815069480815250e+00,1.343276088638236665e-01,4.549728785592780378e-01,2.205761249697113773e-03,1.971461163990790276e-04,8.905025409992958219e-01,-2.690097547405693318e-02,-2.142782710604443711e-02,-6.211123252094713845e-03,-1.075351529893500387e-03,1.111393389891291578e-03,9.858895954095359040e-04
2.050000000000000266e+00,3.198551272294595460e+00,2.419037536562061774e+00,2.411340272158397191e+00,-7.527610703336545805e-01,1.018417139380769498e+00,1.286395765079308140e-01,4.479826131446768556e-01,2.268113818713794663e-03,1.000931286194719713e-04,8.940393861352741167e-01,-2.755924227302740045e-02,-2.114239075033490234e-02,-5.792852611688873408e-03,-1.021239029981326624e-03,1.139818675632361163e-03,9.763972924293093337e-04
2.100000000000000089e+00,3.160436202463913880e+00,2.469132542505248828e+00,2.417433547469469257e+00,-7.687211352880181092e-01,1.006440469641307622e+00,1.230111326079607464e-01,4.409869384070870812e-01,2.148975005570847186e-03,-1.432628052530276813e-04,8.975109367225215795e-01,-2.856234353492729389e-02,-1.723376066113705557e-02,-5.593269916100145935e-03,-9.357027435947798876e-04,1.160252296579627031e-03,9.828844808128785020e-04
2.149999999999999911e+00,3.120855594095698127e+00,2.520353717549676187e+00,2.423211524306912334e+00,-7.855769195241155689e-01,9.964978878220819292e-01,1.176919054113197832e-01,4.338848655237627638e-01,1.828087654728295609e-03,-3.825539675825801334e-04,9.009663896158472962e-01,-2.828325079433917713e-02,-1.091667823048866892e-02,-5.717678638184348593e-03,-8.314634874065933347e-04,1.132070470716018675e-03,9.341978500765624194e-04
2.200000000000000178e+00,3.081245029618750575e+00,2.568963963921492066e+00,2.428406128138815845e+00,-8.012847816096039244e-01,9.848941792710127485e-01,1.113759826678721171e-01,4.267824580470672702e-01,1.656138512988216283e-03,-5.646029359697741102e-04,9.043526258777898619e-01,-2.868955804323902736e-02,-5.746294200838628595e-03,-5.397690992842606866e-03,-8.069461959165478591e-04,1.112851276614449433e-03,9.043855067783681395e-04
2.250000000000000000e+00,3.040811304346527244e+00,2.617535987835200029e+00,2.432974790001523502e+00,-8.166441865730834637e-01,9.733690434132863389e-01,1.053678883905945496e-01,4.196090138980671513e-01,1.359546212776456282e-03,-6.599444433328737576e-04,9.077036915001055473e-01,-2.677427823254097117e-02,-1.284879357500784240e-03,-5.329516172233942674e-03,-7.149836738868155803e-04,1.049260055167176159e-03,8.424134605503325436e-04
2.300000000000000266e+00,3.000042598098728863e+00,2.665461910765219766e+00,2.436671337603408372e+00,-8.307457369376912704e-01,9.620321669179960899e-01,9.893131301913035691e-02,4.123864969525645741e-01,1.090944417052491225e-03,-6.203456721076669499e-04,9.110081240816233494e-01,-2.305505525215808052e-02,2.786333202372506986e-03,-5.231049533461365995e-03,-7.112917724382774752e-04,1.003199523908287604e-03,7.741570889239679423e-04
2.350000000000000089e+00,2.954984488963202871e+00,2.717251894668621048e+00,2.442978385254024776e+00,-8.505021399998041742e-01,9.553364133380936041e-01,9.408533986414031880e-02,4.051868182491463188e-01,7.076003200759229750e-04,-1.107497645660554140e-03,9.142329654239587100e-01,-2.833474679411711675e-02,1.481538777661145501e-02,-5.661791556523813364e-03,-7.404045618019685065e-04,9.516164648339540608e-04,7.128697252431689946e-04
2.400000000000000355e+00,2.911082497034879424e+00,2.766058555657371354e+00,2.447896380823822327e+00,-8.672900524345519280e-01,9.453593913138799154e-01,8.858467398525281256e-02,3.979464742825027379e-01,5.024457408705667368e-04,-1.329292923792838163e-03,9.174075343786564085e-01,-3.015262587270424455e-02,2.089414978416203467e-02,-5.820946417841255972e-03,-7.343899850653288998e-04,9.279432792209055952e-04,6.378515912912517899e-04
2.450000000000000178e+00,2.867350611946184458e+00,2.811498578889147559e+00,2.452836779974123971e+00,-8.837869806993753352e-01,9.332896909281319653e-01,8.221225775115405254e-02,3.907812771407228047e-01,4.857614595195431577e-04,-1.694156203903647269e-03,9.204818777720866763e-01,-3.596911479804899142e-02,2.794675551364937324e-02,-5.430295497854857080e-03,-8.236278926048345083e-04,9.484708193013868024e-04,5.995086713189380547e-04
2.500000000000000000e+00,2.824291892682326388e+00,2.853741591969078950e+00,2.456106017093743432e+00,-8.981279424799202271e-01,9.190209777222820842e-01,7.497158032595298283e-02,3.835981117297315723e-01,4.773892228954582681e-04,-2.000317122920202383e-03,9.234978394713883043e-01,-3.886208080256752656e-02,3.336711092966641173e-02,-4.756388728777070224e-03,-8.395166723150592055e-04,1.005424007016561799e-03,5.698272710541063156e-04
2.550000000000000266e+00,2.781774384697366820e+00,2.894886427364531833e+00,2.457697754864470507e+00,-9.095629848091411063e-01,9.030633518994242159e-01,6.774728744935289149e-02,3.762613900860417582e-01,4.358611942562840794e-04,-1.922809244901412884e-03,9.265114565725275364e-01,-3.517052182142854644e-02,3.299261151143556559e-02,-4.321418839350082974e-03,-7.756995944699493148e-04,1.024761686203358576e-03,4.898545445650318107e-04
2.600000000000000089e+00,2.739109741774197193e+00,2.934895870421686315e+00,2.457955591222730440e+00,-9.193820094120744857e-01,8.874575620095354056e-01,5.995289630672089032e-02,3.688732596621925319e-01,3.319909447008756302e-04,-1.745400736515756836e-03,9.294780049385086285e-01,-2.923167834159565506e-02,3.401708927904046470e-02,-3.872140517069762485e-03,-7.872118594924954133e-04,1.077035576080049607e-03,4.246377602879203555e-04
2.650000000000000355e+00,2.696031667827990752e+00,2.974502918405371510e+00,2.458818657586393730e+00,-9.290931854325302774e-01,8.706107964815977818e-01,5.280571781800413173e-02,3.615071091732646735e-01,3.923411641140640165e-04,-1.603820127492205537e-03,9.323678908277562849e-01,-2.526557812704029529e-02,3.202768524490834379e-02,-3.548736354984074505e-03,-7.518948383744023661e-04,1.124107093289576208e-03,3.728252375321461560e-04
2.700000000000000178e+00,2.652088154513275953e+00,3.014691643799293441e+00,2.460927783954052206e+00,-9.388332641991068428e-01,8.530564622890072224e-01,4.669067140314360487e-02,3.541308291699692967e-01,6.738854199302417736e-04,-1.365418611907488842e-03,9.351946521135827695e-01,-2.423881866443339597e-02,2.686245789780696697e-02,-3.390280993943230528e-03,-8.149063016899992700e-04,1.152030059713201465e-03,3.140612616692721611e-04
2.750000000000000000e+00,2.604853630157361266e+00,3.057540061313738899e+00,2.464812784226866338e+00,-9.520829217240244224e-01,8.374819933579903397e-01,4.204370294553232135e-02,3.467925423822879050e-01,9.778258047202141676e-04,-1.310895844400769214e-03,9.379404341197844497e-01,-2.745407843617482871e-02,2.315853449691880270e-02,-3.652957384129337359e-03,-8.681774598301899085e-04,1.157867886975075125e-03,2.851250146105941525e-04
2.800000000000000266e+00,2.555814419021818829e+00,3.101740078941826351e+00,2.469219350373925703e+00,-9.659193100445931934e-01,8.226554186512241573e-01,3.808195658667989925e-02,3.393763377203425913e-01,1.213753968722988252e-03,-1.169975662670433465e-03,9.406491691134267752e-01,-3.058126103582381461e-02,1.784247501843702968e-02,-4.165658237006747595e-03,-9.111933450319384875e-04,1.071371779748375459e-03,2.536329869257850740e-04
2.850000000000000089e+00,2.505007517941638895e+00,3.145533500449573250e+00,2.474111322039006300e+00,-9.818885405155700630e-01,8.077819658255467328e-01,3.405268448556526828e-02,3.319964857493522548e-01,1.405251771987341613e-03,-1.254852956465915244e-03,9.432787414447518781e-01,-3.633637813353523399e-02,1.503970508960266600e-02,-4.642892984877093968e-03,-9.014004656590958193e-04,9.953405818248382483e-04,2.446337690081293250e-04
2.900000000000000355e+00,2.453425792964688767e+00,3.187282080473073709e+00,2.478798675811396901e+00,-9.986591468873690092e-01,7.933505657187465143e-01,2.960852960809497517e-02,3.246604669863571435e-01,1.508058874393735857e-03,-1.486684179740189364e-03,9.458282596247490348e-01,-4.345364007083935692e-02,1.568862219689263343e-02,-5.011803973877724562e-03,-9.085301180672049424e-04,9.137826785201757281e-04,2.769318998653340033e-04
2.950000000000000178e+00,2.404711127731641973e+00,3.221853609505612948e+00,2.481377471243267685e+00,-1.012283375476798586e+00,7.760002642777105164e-01,2.349154401796925071e-02,3.173567879590527552e-01,1.606289134483862742e-03,-1.689016306740184683e-03,9.483033460847034579e-01,-4.856566822078550727e-02,1.751124234355027481e-02,-4.852975921382975816e-03,-9.361886603794563212e-04,8.760110116526973606e-04,3.219130887948983065e-04
3.000000000000000000e+00,2.355481046002749768e+00,3.254232778887088617e+00,2.483037519527482306e+00,-1.026171615476676457e+00,7.597761389833949108e-01,1.692262012889423489e-02,3.100240473061894875e-01,1.544021604310092440e-03,-1.963582007794492656e-03,9.507254337793186183e-01,-5.303307150921920954e-02,2.305842846313667371e-02,-4.741041434603696439e-03,-9.740568928062558456e-04,8.342116068363974969e-04,3.753303378550641831e-04
3.050000000000000266e+00,2.307279446207340712e+00,3.282862971846806754e+00,2.483921195005984295e+00,-1.038597892564665504e+00,7.424636873878840415e-01,1.005990847326058632e-02,3.026571939386187848e-01,1.498729291836219330e-03,-2.224373454147827393e-03,9.530957081691469046e-01,-5.739664630789760580e-02,2.881294135031371023e-02,-4.527975289936393526e-03,-1.038864580115699422e-03,7.996710046898198839e-04,4.191980223169512591e-04
3.100000000000000089e+00,2.258612094340939791e+00,3.310885596794462593e+00,2.484005200836032046e+00,-1.050864091879496920e+00,7.254012462262130478e-01,3.218177455734391214e-03,2.952644355851036795e-01,1.362733036223364455e-03,-2.458527045387508270e-03,9.554114358128905637e-01,-6.024340894626956794e-02,3.480657562676584688e-02,-4.446764019425009096e-03,-1.057170837212176610e-03,7.557297134256500595e-04,4.472137334632131410e-04
3.150000000000000355e+00,2.209753515571121874e+00,3.338595591529487816e+00,2.483367713104835506e+00,-1.061934536208689384e+00,7.085409757663189145e-01,-3.413738108839463846e-03,2.878098482751678122e-01,1.262221204325185246e-03,-2.562210737096900972e-03,9.576833156683867143e-01,-6.149171814223165083e-02,3.917260312940340494e-02,-4.401031693486013099e-03,-1.091096426738447480e-03,7.133162706355725179e-04,4.613444853132366800e-04
3.200000000000000178e+00,2.156925844214989230e+00,3.369391093848244978e+00,2.484421111173545249e+00,-1.076994160224634456e+00,6.929494478583333450e-01,-9.252057505997083806e-03,2.803782527527809987e-01,1.180825604389476547e-03,-2.859827323065418717e-03,9.598846089097752277e-01,-6.700476650764275455e-02,4.401552656457776574e-02,-4.526554210380475535e-03,-1.102761113871093173e-03,6.589843352931978740e-04,4.963388904348582566e-04
3.250000000000000000e+00,2.102428188551784149e+00,3.401592107719306313e+00,2.485820241983810241e+00,-1.091976579326161989e+00,6.760636625698845936e-01,-1.440679181328357109e-02,2.729357699692951389e-01,1.245894275691035750e-03,-3.102293854925556021e-03,9.620264492162153847e-01,-7.276758595176734123e-02,4.542137130046537685e-02,-4.742918496233631057e-03,-1.089684665476772481e-03,6.238721694093471524e-04,5.221731432597079324e-04
3.300000000000000266e+00,2.045626962674131466e+00,3.436726098189529122e+00,2.486007280563766297e+00,-1.107255304862680534e+00,6.616665345696050027e-01,-1.977684452960319639e-02,2.653344236983290472e-01,1.209268099142115846e-03,-3.314760613481141250e-03,9.641499850300343510e-01,-7.608710766295319339e-02,4.831992117114641827e-02,-5.024618606463543240e-03,-1.080299824818812702e-03,6.326330452857853882e-04,4.675248785010108470e-04
3.350000000000000089e+00,1.990911656221370007e+00,3.467326414443855143e+00,2.485100197846611181e+00,-1.120128906443288441e+00,6.457226998516608640e-01,-2.569647555273798373e-02,2.577078703615412469e-01,1.136228901767434140e-03,-3.456227545718287050e-03,9.662160302068860673e-01,-7.808891870426139248e-02,5.098856853701801833e-02,-5.121865284616757864e-03,-1.061810283843585192e-03,6.137138160558796608e-04,4.175640218581358953e-04
3.400000000000000355e+00,1.934071574145002526e+00,3.499205918748621524e+00,2.484826776080476751e+00,-1.132793977791013651e+00,6.280466995829012689e-01,-3.125297090481995999e-02,2.501890743378496484e-01,1.216127286289441379e-03,-3.501557353522205627e-03,9.681899024532807374e-01,-8.043844198315973359e-02,4.961985786914865221e-02,-5.168631635227386237e-03,-1.054180060611405048e-03,6.107658913645663433e-04,4.385950745617694219e-04
3.450000000000000178e+00,1.876748758982657250e+00,3.530399741617178844e+00,2.484351280497726133e+00,-1.144776622890191886e+00,6.093832423916166752e-01,-3.681883098467916837e-02,2.426086049159426883e-01,1.378500859642931009e-03,-3.495236332748856336e-03,9.701169763894960107e-01,-8.262542878617505637e-02,4.687690900624264662e-02,-5.167620699897804148e-03,-1.053655040675181235e-03,6.020319244690654778e-04,4.475331395857234181e-04
3.500000000000000000e+00,1.818510932400566826e+00,3.561043917917397383e+00,2.483027094763085252e+00,-1.156980469704687264e+00,5.915169842477427942e-01,-4.275266920772305412e-02,2.350282974256036606e-01,1.443909271258180579e-03,-3.541808495003088888e-03,9.719810029665307827e-01,-8.429816854778533763e-02,4.609244534099279228e-02,-5.125171667244381689e-03,-1.037330875228017601e-03,5.993740909330844786e-04,4.733998157704112902e-04
3.550000000000000266e+00,1.762808215130064360e+00,3.588880506148242500e+00,2.479055361698494497e+00,-1.165018825136416414e+00,5.743990732308309477e-01,-4.958922531405737105e-02,2.273389821783786680e-01,1.374291810763649717e-03,-3.375343702854558241e-03,9.738088650032948879e-01,-8.124540786746325960e-02,4.592390253418882767e-02,-4.931727523145483863e-03,-1.045337390930160554e-03,5.917398219041118072e-04,4.569785992837153998e-04
3.600000000000000089e+00,1.710558234625592533e+00,3.612375817908475284e+00,2.474076827890690833e+00,-1.169195949401498291e+00,5.550101220813158376e-01,-5.679768165715696343e-02,2.195968656652168005e-01,1.359034731309028809e-03,-3.142893491456860353e-03,9.755846922923263609e-01,-7.671297247029061628e-02,4.349037337915766938e-02,-4.679125876567419469e-03,-1.028677062333918386e-03,5.784305749196821771e-04,4.144928545727405629e-04
3.650000000000000355e+00,1.657632382723749798e+00,3.634735573579527479e+00,2.468915944931656892e+00,-1.174765228665914929e+00,5.369614488171282618e-01,-6.361596068651940994e-02,2.118931307693918131e-01,1.317104970533649689e-03,-3.028133840053757152e-03,9.772872642026441126e-01,-7.375379177939052344e-02,4.422416198616451605e-02,-4.534294877450458124e-03,-1.044079376589281518e-03,5.953817294815819897e-04,3.817458521772806304e-04
3.700000000000000178e+00,1.607412336562991095e+00,3.653873293862389016e+00,2.461680196984607161e+00,-1.178160645198993661e+00,5.203782504132028475e-01,-7.087972944319828605e-02,2.042129217881181180e-01,1.059610364163300752e-03,-2.889213107686102507e-03,9.789216578706666505e-01,-6.767650373235077621e-02,4.701733236525882514e-02,-4.426318886364797797e-03,-1.018662842603860422e-03,5.843828539926346818e-04,3.481059218166575406e-04
3.750000000000000000e+00,1.560917197308417492e+00,3.669369662242637276e+00,2.454338544261824850e+00,-1.175670607312860438e+00,4.989173858745156176e-01,-7.770367098250273441e-02,1.964698548481983165e-01,1.121287645755133068e-03,-2.520840243752495938e-03,9.805059837728727912e-01,-6.039198115044219772e-02,4.295694595287521955e-02,-4.244561405414381747e-03,-1.000236014429118107e-03,5.997500516790095102e-04,3.098772827603619604e-04
3.800000000000000266e+00,1.514655567268150316e+00,3.684019490667220342e+00,2.446344479994873922e+00,-1.173456561325679548e+00,4.796123906684389149e-01,-8.444292045434291516e-02,1.887499477745163412e-01,1.087469384632505079e-03,-2.168493104608846395e-03,9.820221852194124246e-01,-5.318888247299628780e-02,4.182220964263234919e-02,-4.161488304842976896e-03,-1.029237309447617174e-03,6.173111924235943643e-04,2.630997399659464639e-04
3.850000000000000089e+00,1.470137976368589339e+00,3.697932979460333058e+00,2.438382658025987748e+00,-1.169092289520091921e+00,4.592088477234614330e-01,-9.081274619164855788e-02,1.810256729122939612e-01,1.141647559430863370e-03,-1.737732966859235765e-03,9.834761729048839829e-01,-4.573663929795684924e-02,3.803740040815592471e-02,-4.090495158570564213e-03,-1.044391353803094443e-03,6.208857012994899996e-04,1.914454055423234853e-04
3.900000000000000355e+00,1.418285073533901208e+00,3.714815051820357983e+00,2.432725990565549168e+00,-1.168851863591885865e+00,4.364376916175776167e-01,-9.650713598960261597e-02,1.731577001862058540e-01,1.356195373603440429e-03,-1.484326417970859967e-03,9.848920592508690897e-01,-4.263134204429706864e-02,3.203144756468948029e-02,-3.984522017800206511e-03,-1.015822510927187486e-03,6.276936471690657557e-04,1.643347861886164895e-04
3.950000000000000178e+00,1.360552703161213239e+00,3.734787338116602129e+00,2.428405029417299410e+00,-1.172551046154939991e+00,4.134884586145789465e-01,-1.017093805108987420e-01,1.652766906665651958e-01,1.580775957284716532e-03,-1.436475594269940106e-03,9.862449255674518023e-01,-4.228502567738125911e-02,2.628721101640797697e-02,-3.926920286974382168e-03,-9.552262066133812351e-04,6.417874814802654879e-04,1.551846625120763918e-04
4.000000000000000000e+00,1.302730947250241300e+00,3.753874199047342319e+00,2.423602935888628185e+00,-1.176047295001209081e+00,3.913478995465607402e-01,-1.067385796601010156e-01,1.575197898884898584e-01,1.769245292544918214e-03,-1.381883531209679959e-03,9.875132788790675908e-01,-4.168886499958637110e-02,2.170686623801978271e-02,-3.955735245189585803e-03,-9.040514784223033012e-04,6.591543180314513375e-04,1.906961445263842872e-04
4.049999999999999822e+00,1.245278155738342107e+00,3.770755958128664709e+00,2.418637288657994322e+00,-1.178926080618190930e+00,3.687237345941876687e-01,-1.118223933721733537e-01,1.496830823237734753e-01,1.994333148914955497e-03,-1.311653785752904013e-03,9.887311449861848622e-01,-4.149923347668204449e-02,1.744935797513065545e-02,-3.964891468370437821e-03,-8.815171200036247233e-04,6.849872039183178525e-04,2.078701880691415321e-04
4.100000000000000533e+00,1.186781356212463612e+00,3.786646845650613269e+00,2.412924399695397071e+00,-1.184853453229833375e+00,3.490328187026164874e-01,-1.175018047655207176e-01,1.418778710881165861e-01,1.994410612753877432e-03,-1.370437680301642451e-03,9.898812120261581970e-01,-4.202424767326479876e-02,1.805374969118546044e-02,-3.932209451315996605e-03,-8.659927087701718923e-04,6.781340183504032783e-04,2.109742744143847733e-04
4.150000000000000355e+00,1.128441547483575169e+00,3.803157864789223908e+00,2.406397176562250717e+00,-1.189203714838365400e+00,3.298544584573431804e-01,-1.229407530767260559e-01,1.341321282234443357e-01,2.005476764275982739e-03,-1.374840803647609400e-03,9.909604735073755943e-01,-4.111401402672208716e-02,1.824677590614766365e-02,-3.941394123757444370e-03,-8.487297166546188933e-04,6.997124377846668198e-04,2.179358559139533936e-04
4.200000000000000178e+00,1.068241098152412638e+00,3.818963183941786799e+00,2.399692314807372551e+00,-1.196115105092934616e+00,3.122601531876986192e-01,-1.283699288428916396e-01,1.263546349496962873e-01,1.901775329955871733e-03,-1.484663407763558594e-03,9.919822000680703633e-01,-4.122580440981673394e-02,2.094730187924501510e-02,-3.968537553580914895e-03,-8.355887132550069872e-04,7.023588973418458349e-04,2.187460771583777188e-04
4.250000000000000000e+00,1.009407378842704039e+00,3.832021848632439109e+00,2.392339380062902254e+00,-1.202266575173616348e+00,2.947433326857742952e-01,-1.342072732314333328e-01,1.185466681007750905e-01,1.781129752148880073e-03,-1.577679209304626816e-03,9.929456309321892382e-01,-4.127037300532696018e-02,2.436146166246842132e-02,-3.940651655095600038e-03,-8.312371370536651531e-04,6.989424744443213178e-04,2.007896054540981440e-04
4.299999999999999822e+00,9.525721717672003264e-01,3.843139947930103606e+00,2.384426762741527206e+00,-1.205273837717582230e+00,2.755417587014002967e-01,-1.397637387574334755e-01,1.107004614086908728e-01,1.730546690836359380e-03,-1.669262824048268774e-03,9.938509076384033358e-01,-4.018627297223532902e-02,2.579068676231944385e-02,-3.897494810587056723e-03,-7.842994986546715031e-04,7.103708487131763340e-04,1.767549912057944401e-04
4.350000000000000533e+00,8.929745986700671212e-01,3.855303801675542541e+00,2.376474394595835093e+00,-1.210974543791145441e+00,2.583313028393987021e-01,-1.451172947616077846e-01,1.028237240670231006e-01,1.581057717587433346e-03,-1.752507344699446874e-03,9.946967933714722099e-01,-3.968449672420357177e-02,2.886434862872465021e-02,-3.937169663815302117e-03,-7.652232577140855203e-04,7.037492574084211168e-04,1.422423265528356868e-04
4.400000000000000355e+00,8.353419790780648446e-01,3.864967762522054429e+00,2.367809956644436387e+00,-1.214720030417467234e+00,2.409406589712110303e-01,-1.503248330499682706e-01,9.493014732090267194e-02,1.412287815350302166e-03,-1.785205495840605115e-03,9.954813336341852281e-01,-3.820308186762788605e-02,3.151231616417016212e-02,-3.966044151033167910e-03,-7.422742843632862972e-04,6.847123333540696896e-04,1.073419799783050622e-04
4.450000000000000178e+00,7.811202739916741633e-01,3.872064569201365103e+00,2.358379119365725973e+00,-1.214700021290888721e+00,2.225186682573578878e-01,-1.557855007137259051e-01,8.697327848910829662e-02,1.332763072991007382e-03,-1.736558041289579853e-03,9.962082397458960070e-01,-3.558653051192323113e-02,3.277003806843373918e-02,-3.953921038152677196e-03,-7.235122213988775782e-04,6.909194871399700890e-04,4.826709673754367934e-05
4.500000000000000000e+00,7.282675763628054799e-01,3.876809235309901069e+00,2.348424397474220715e+00,-1.213570058397127838e+00,2.030327183925659806e-01,-1.615983994686675529e-01,7.908290273030021966e-02,1.326521442988761986e-03,-1.745839473699424419e-03,9.968656313070198838e-01,-3.346272329884218688e-02,3.413645163246569608e-02,-3.778469157963968306e-03,-7.052083815753406888e-04,7.228340000212378925e-04,2.104384986127646429e-05
4.549999999999999822e+00,6.673518440323957801e-01,3.885675453650819566e+00,2.340254249813960907e+00,-1.217676960992792212e+00,1.829200565662539579e-01,-1.667212452156674185e-01,7.122550932940835411e-02,1.372502934868692062e-03,-1.847893015772949545e-03,9.974575822298722416e-01,-3.462521531013235121e-02,3.500356621484213004e-02,-3.684288389183785865e-03,-6.975755101473115217e-04,7.508411992275056167e-04,1.616754435754699066e-06
4.600000000000000533e+00,6.017363800673170005e-01,3.896393527707563198e+00,2.332854558285022417e+00,-1.224744223323318559e+00,1.622458087332597498e-01,-1.712023996909209367e-01,6.347894798775363667e-02,1.458064398997740031e-03,-2.056777022815433655e-03,9.979799932257434891e-01,-3.725430074312438555e-02,3.547429185251144840e-02,-3.715958036520330705e-03,-6.564822537622061341e-04,7.781784463595419138e-04,2.331286848508801768e-05
4.650000000000000355e+00,5.409039426560733332e-01,3.903106842367165097e+00,2.324274441135934399e+00,-1.227759460327096264e+00,1.417327998255444588e-01,-1.757107400491275673e-01,5.568596001809651697e-02,1.528470996922040885e-03,-2.139338981516482850e-03,9.984448712182344421e-01,-3.835382625535149054e-02,3.586641480668847914e-02,-3.698725349015515203e-03,-6.432259053782517352e-04,8.072603383130911572e-04,2.890061024882909429e-05
4.700000000000000178e+00,4.782669272048629683e-01,3.909558081008873476e+00,2.315864522271072090e+00,-1.231298248780379190e+00,1.213179413199799023e-01,-1.798857740274709682e-01,4.786652310162673590e-02,1.638866546454087166e-03,-2.196689074878192122e-03,9.988499810480613306e-01,-3.991584315464139637e-02,3.625594020311664195e-02,-3.764365802387971589e-03,-6.608401954056090065e-04,8.518361067936828590e-04,3.507028792307602101e-05
4.750000000000000000e+00,4.221650062614269450e-01,3.911968136487146808e+00,2.305770787725624160e+00,-1.229324743139603937e+00,1.015712002915900303e-01,-1.842638505817655037e-01,4.001075487628799610e-02,1.719040038671222062e-03,-2.151006185514436723e-03,9.991954551377648652e-01,-3.838197677837119209e-02,3.629845543095847060e-02,-3.822171555869588715e-03,-6.568669604729270852e-04,8.913181143145669201e-04,3.089700217464773585e-05
4.800000000000000711e+00,3.662222147822400409e-01,3.913699486988037712e+00,2.295873677040045191e+00,-1.226220407941434720e+00,8.123950327198305177e-02,-1.881200939999097821e-01,3.216834217796697704e-02,1.812946419120702946e-03,-2.060278639412687317e-03,9.994786972410820702e-01,-3.693974961217132841e-02,3.534398993062635996e-02,-3.889583511520219253e-03,-6.628624819072509314e-04,9.257160992624998428e-04,4.147829913408572505e-05
4.850000000000000533e+00,3.092815142655931937e-01,3.915049679286765283e+00,2.285381775913031710e+00,-1.225050548999265132e+00,6.315740579826263634e-02,-1.921688948211764392e-01,2.426272686983877921e-02,1.716285614558698755e-03,-1.972193118774592715e-03,9.997021981084323050e-01,-3.472803116276617502e-02,3.606563210949910447e-02,-3.945116756628816272e-03,-6.595447447201598611e-04,9.072719796460579269e-04,3.255542772735034674e-05
4.900000000000000355e+00,2.531222701733173985e-01,3.916175650538942232e+00,2.275682540630354911e+00,-1.221735115495368396e+00,4.370982111062335362e-02,-1.953972703135848643e-01,1.640848987424149696e-02,1.675231809440956218e-03,-1.813691866026751701e-03,9.998623233126882059e-01,-3.253500930609526387e-02,3.409609632850930938e-02,-4.070490423926625967e-03,-6.649817316884077062e-04,8.602028578780595127e-04,3.440279707907821039e-05
4.950000000000000178e+00,1.980648456667045698e-01,3.915528879681420271e+00,2.265443799488201737e+00,-1.217541438814317312e+00,2.380755467424929689e-02,-1.987768926321764607e-01,8.510974802343126977e-03,1.682564474592842998e-03,-1.730302890875304702e-03,9.999608684026634053e-01,-3.035431878779279793e-02,3.267229600017222679e-02,-4.150833329612387337e-03,-6.412070425661032863e-04,8.497838845975663183e-04,2.262566321537811819e-05
5.000000000000000000e+00,1.425093022469232085e-01,3.913518107747174568e+00,2.254931200559882942e+00,-1.214499285377487414e+00,4.813188620614012800e-03,-2.021078579874109327e-01,5.826243374006214500e-04,1.593670879006122820e-03,-1.637510217785710046e-03,9.999972196572836092e-01,-2.848855435420357199e-02,3.240978645667753899e-02,-4.243662674106038826e-03,-6.316083424917600785e-04,8.126884345674391039e-04,8.412832941828767643e-06
5.050000000000000711e+00,8.699755892761916465e-02,3.910080999068779484e+00,2.243968516896816201e+00,-1.212199956502042930e+00,-1.340262832199418802e-02,-2.055062778842313975e-01,-7.365339492340143741e-03,1.473606421174025478e-03,-1.600057217177036336e-03,9.999705096027481366e-01,-2.682271634209457134e-02,3.320677070163161743e-02,-4.335533151515405179e-03,-6.206370296307761863e-04,7.796060805367870539e-04,-1.812926940207910099e-05
5.100000000000000533e+00,2.920243632631942463e-02,3.906588286852183511e+00,2.233409369766430785e+00,-1.210951428272854402e+00,-3.226482154412577824e-02,-2.083676363591286385e-01,-1.534678848652542942e-02,1.375984116801418815e-03,-1.587123680578958387e-03,9.998800246976047301e-01,-2.595859295385645124e-02,3.355157115041174781e-02,-4.479312658771633648e-03,-6.057950497006339176e-04,7.384151205444973139e-04,-4.679286596677610589e-05
5.150000000000000355e+00,-2.703450497224410554e-02,3.900393896941398708e+00,2.221874274251550041e+00,-1.210668653706663767e+00,-4.946993888468042416e-02,-2.115093781930530437e-01,-2.335163591348271908e-02,1.169518878130112929e-03,-1.577116341748384084e-03,9.997253853082868069e-01,-2.496999489106359674e-02,3.622322666839802169e-02,-4.560925799362729183e-03,-6.084559002362691441e-04,7.037197335465369919e-04,-9.176735688456140396e-05
5.200000000000000178e+00,-8.527407092368445574e-02,3.894834452708832107e+00,2.210866311588622235e+00,-1.210618010591358651e+00,-6.776140057853906329e-02,-2.146059108750502931e-01,-3.132562732986952231e-02,1.019010970691977417e-03,-1.624103070233823753e-03,9.995073931583742244e-01,-2.458413488627278140e-02,3.768597295211890963e-02,-4.663481736047910692e-03,-5.854995861569900917e-04,6.665254471074701396e-04,-1.277976193188196943e-04
5.250000000000000000e+00,-1.423055045345119063e-01,3.887896898265161827e+00,2.199983908081604600e+00,-1.209268776799307332e+00,-8.626054215471214148e-02,-2.169802611965798433e-01,-3.923180447557556710e-02,9.069571674472930211e-04,-1.604313590512352131e-03,9.992284369072919059e-01,-2.415957673727832378e-02,3.847269879342844062e-02,-4.791597901721814275e-03,-5.855420554807887852e-04,6.293560054209882803e-04,-1.420467068460197599e-04
5.300000000000000711e+00,-1.994911645168495340e-01,3.881136205126971550e+00,2.189454067479137844e+00,-1.206274719821559094e+00,-1.056952429501819696e-01,-2.192004722004705919e-01,-4.713871664940770534e-02,8.960700045883005557e-04,-1.516184644555804411e-03,9.988868002107733624e-01,-2.398805123447132759e-02,3.780935931998918170e-02,-4.883575038082229453e-03,-6.083407291248719897e-04,6.069034799642824022e-04,-1.579503467513785773e-04
5.350000000000000533e+00,-2.576291834098681788e-01,3.873715824199166935e+00,2.178976471261191428e+00,-1.204006213338844056e+00,-1.254928957438202208e-01,-2.213832416904808753e-01,-5.497514630812386921e-02,8.813056995912383262e-04,-1.474774926020279431e-03,9.984862450868223771e-01,-2.421246693230652905e-02,3.722030915868358714e-02,-4.952934184465893064e-03,-6.186112901676415728e-04,5.805919164279914205e-04,-1.535691559765217304e-04
5.400000000000000355e+00,-3.161102515327339768e-01,3.864099688776463370e+00,2.167779812089713154e+00,-1.203240682891338009e+00,-1.440682628263743326e-01,-2.238838811839948539e-01,-6.288488055397860321e-02,8.375054498893328174e-04,-1.488207151163442078e-03,9.980193262767051987e-01,-2.451766678692249291e-02,3.862002418190074032e-02,-5.014299197157560083e-03,-6.283973314592507199e-04,5.814133343382084027e-04,-1.735727382384303589e-04
5.450000000000000178e+00,-3.717047167486894343e-01,3.852468862093944235e+00,2.156720326657083131e+00,-1.200134087675223560e+00,-1.624820894260535498e-01,-2.255967478286530492e-01,-7.080320481511309660e-02,7.732701058849587340e-04,-1.419832999181777676e-03,9.974889935811356301e-01,-2.414003924444772103e-02,3.924389299112189533e-02,-5.194657653195555030e-03,-6.496438447801642117e-04,5.667357525278520587e-04,-1.892925435953217537e-04
5.500000000000000000e+00,-4.263979844090760585e-01,3.840451560206855852e+00,2.144715914742745255e+00,-1.196456508406015917e+00,-1.800848980361344498e-01,-2.281505930956351513e-01,-7.871864791060627364e-02,7.000660993437452006e-04,-1.390746159102626252e-03,9.968956566279660869e-01,-2.307145540664928829e-02,4.058424063832741235e-02,-5.215122939530124693e-03,-6.599392160469507405e-04,5.649071426772775623e-04,-2.055521466524180601e-04
5.550000000000000711e+00,-4.817838774335402308e-01,3.827539895187588748e+00,2.132886986804879204e+00,-1.193472543658331997e+00,-1.978928504826909240e-01,-2.301475342898801624e-01,-8.659783796749974394e-02,6.029294593207068899e-04,-1.367505058545616251e-03,9.962422300150384213e-01,-2.250588486188792939e-02,4.183901701365243947e-02,-5.289817469252798554e-03,-6.654718641323172958e-04,5.496241424390511899e-04,-2.203328696325775418e-04
5.600000000000000533e+00,-5.343635312959772454e-01,3.813849973335903698e+00,2.120825475651686887e+00,-1.187590852809606856e+00,-2.154611064542329979e-01,-2.318249120077372771e-01,-9.449406748561184344e-02,5.789276271667337164e-04,-1.354124960772920593e-03,9.955243354124588828e-01,-2.119353636990436301e-02,4.241764049779755963e-02,-5.372768813603693086e-03,-6.504129238258433586e-04,5.547454363120271322e-04,-2.387350559780397055e-04
5.650000000000000355e+00,-5.850974625129118367e-01,3.799636704054785152e+00,2.109230279736229896e+00,-1.179633701311015193e+00,-2.334751535288955016e-01,-2.330878483790614908e-01,-1.023592234085947406e-01,5.881898760752145728e-04,-1.251623154251600744e-03,9.947465390014377240e-01,-1.996968359982655844e-02,4.180189305430479646e-02,-5.493607508400232681e-03,-6.548059636771790199e-04,5.499340204145192201e-04,-2.559582010033512565e-04
5.700000000000000178e+00,-6.343639165865693208e-01,3.785210186043618474e+00,2.096656711964222541e+00,-1.170774573394154805e+00,-2.502768706699299850e-01,-2.351102853194548259e-01,-1.101365699998683584e-01,5.924897874195489151e-04,-1.163245130746227681e-03,9.939156059572068491e-01,-1.799292211131936839e-02,4.194326470823309810e-02,-5.416277959989477392e-03,-6.599037437197366072e-04,5.600710135380940246e-04,-2.431510079836275023e-04
5.750000000000000000e+00,-6.905836760879374703e-01,3.772389783093129001e+00,2.084331578804379248e+00,-1.166268920589122127e+00,-2.685437163219877577e-01,-2.374913768315801144e-01,-1.178561005851154059e-01,6.019939758766258133e-04,-1.147829457519772235e-03,9.930298382453875972e-01,-1.803148157194227677e-02,4.230185512781055313e-02,-5.243200730372142918e-03,-6.682748730041350796e-04,5.661976625307737869e-04,-2.408909298072158466e-04
5.800000000000000711e+00,-7.452064658767374450e-01,3.758327278619727263e+00,2.071910183549849016e+00,-1.159555878159140407e+00,-2.867254179332399677e-01,-2.397382654850031269e-01,-1.256632514322382488e-01,6.960504517133101268e-04,-1.122254901712685035e-03,9.920720756563922160e-01,-1.767389612860547146e-02,4.225608214607040614e-02,-5.104936420406088436e-03,-6.738132644807623721e-04,5.932931228041409336e-04,-2.541000238891763323e-04
5.850000000000000533e+00,-7.997325708878316730e-01,3.744710233515237796e+00,2.059550487341371028e+00,-1.150949315489522062e+00,-3.048825617229017904e-01,-2.417232652850037355e-01,-1.334004498810582584e-01,8.186554086300909744e-04,-1.022780541602469079e-03,9.910613521345774668e-01,-1.713511593828288826e-02,4.125426163247684214e-02,-4.914941928555202275e-03,-6.993250215362947645e-04,6.261317907503161778e-04,-2.351145723379248823e-04
5.900000000000000355e+00,-8.523226091113814684e-01,3.729445057547324804e+00,2.047678490356918513e+00,-1.140782122997730408e+00,-3.234960303283173078e-01,-2.428172860535783573e-01,-1.411353721960376395e-01,9.771409060687927337e-04,-9.355278731034848182e-04,9.899893821139367223e-01,-1.682338070791575962e-02,3.949500138749995753e-02,-4.849831812313147063e-03,-7.131712276962923419e-04,6.482341215088223462e-04,-2.228851089702999920e-04
5.950000000000000178e+00,-9.011248103330180559e-01,3.710874545831894356e+00,2.036398645830568288e+00,-1.129678307545219251e+00,-3.414548712446652257e-01,-2.426949096772196279e-01,-1.488826838571274680e-01,1.075821828004037539e-03,-7.782645239034569409e-04,9.888539747400644231e-01,-1.663583936105478972e-02,3.777124889953169945e-02,-5.009579798490369426e-03,-7.468588315433131401e-04,6.498644398493341441e-04,-2.107834202983603286e-04
6.000000000000000000e+00,-9.533570089070581011e-01,3.691535019533698225e+00,2.024741720274942036e+00,-1.121320620888839326e+00,-3.595567677815476038e-01,-2.430522218882147922e-01,-1.566255532237925407e-01,1.174094577197745421e-03,-6.618324240994225742e-04,9.876571366405990648e-01,-1.703529773493114505e-02,3.706466584824660848e-02,-5.066930182925344882e-03,-7.854092921545486423e-04,6.562547451492311591e-04,-1.910394395764008850e-04
6.050000000000000711e+00,-1.015544850505068597e+00,3.674897718160889948e+00,2.012105887422158013e+00,-1.118938736466025707e+00,-3.775714737266296361e-01,-2.444958485153282679e-01,-1.643254571926587582e-01,1.137239496676639662e-03,-6.529725129317314131e-04,9.864053043407907673e-01,-1.777167115192439251e-02,3.783437183179656077e-02,-4.923225298548003850e-03,-8.015731771130390560e-04,6.587868394277145850e-04,-1.801834033140887158e-04
6.100000000000000533e+00,-1.074278779069989476e+00,3.656281530343647113e+00,1.999800993392767845e+00,-1.114584066142666474e+00,-3.956293801974241076e-01,-2.451702356689067219e-01,-1.719903505449074110e-01,1.096555028649087802e-03,-6.693306320566781448e-04,9.850977966085469051e-01,-1.821082592836249792e-02,3.797339657523342293e-02,-4.861620913144684523e-03,-8.007257624437518666e-04,6.431383509704735168e-04,-1.609868531936471680e-04
6.150000000000000355e+00,-1.133741757442950027e+00,3.636452890451038922e+00,1.987195880718848784e+00,-1.111289316787998693e+00,-4.134423010084006256e-01,-2.460617838506964639e-01,-1.797245581468200626e-01,1.027387794421406311e-03,-6.867368201149973627e-04,9.837161969113804583e-01,-1.858165357861881958e-02,3.882086436153094761e-02,-4.777461315471245688e-03,-8.026692652317165763e-04,6.294150530585960676e-04,-1.620775891760471428e-04
6.200000000000000178e+00,-1.189443647678890104e+00,3.614507663973354212e+00,1.974620038988652793e+00,-1.106282131898111087e+00,-4.302169096120170844e-01,-2.464122093805643787e-01,-1.874579947192299423e-01,9.736745505977802617e-04,-6.779689531364881767e-04,9.822719035642897278e-01,-1.848252118629918270e-02,3.969997442724929049e-02,-4.761923733668874288e-03,-8.053025385276446060e-04,6.217975334691775748e-04,-1.601755561759270132e-04
6.250000000000000000e+00,-1.245525390652521214e+00,3.592322640935007083e+00,1.962092371183186357e+00,-1.101093622984709697e+00,-4.471099680010364175e-01,-2.467487357501600975e-01,-1.951888660887219629e-01,9.046418380833130086e-04,-6.737679692194513620e-04,9.807650249753339100e-01,-1.850577024321039751e-02,4.026076378071592743e-02,-4.708956651332689425e-03,-8.052524767141692325e-04,6.055067243206010150e-04,-1.673279369155675005e-04
6.300000000000000711e+00,-1.297003016414685517e+00,3.568124576513415747e+00,1.950073959480412622e+00,-1.093467754448726126e+00,-4.635586219442041078e-01,-2.462136395237749797e-01,-2.028933978468952237e-01,8.622596320164333146e-04,-6.161074727424444356e-04,9.792002583894932055e-01,-1.828660700346877374e-02,4.037485741923919902e-02,-4.778189010665035222e-03,-8.155623851371387968e-04,5.911164120516293995e-04,-1.722080433707764275e-04
6.350000000000000533e+00,-1.350767603519876792e+00,3.545194657154416618e+00,1.937878398522895562e+00,-1.085305371945055164e+00,-4.801225714353360430e-01,-2.461395017435098198e-01,-2.105537336909238944e-01,8.653447815398174420e-04,-5.601888093773629666e-04,9.775817421554672260e-01,-1.798591080171222864e-02,3.999793511394696133e-02,-4.737692747684229579e-03,-8.213933253882445750e-04,5.849555941910043006e-04,-1.654323914039875605e-04
6.400000000000000355e+00,-1.403284010589016972e+00,3.521093351279923400e+00,1.925266200592758992e+00,-1.076647355433159481e+00,-4.963372000044634080e-01,-2.460707379639102410e-01,-2.182139152428692053e-01,8.749880839959987876e-04,-5.773809472008596894e-04,9.759003987198040520e-01,-1.722199199340709863e-02,4.006898001342089344e-02,-4.674857488734602412e-03,-7.995824566942976840e-04,5.908480057960530281e-04,-1.507676644462814985e-04
6.450000000000000178e+00,-1.452052507863456521e+00,3.495215465859170312e+00,1.913169920116478462e+00,-1.066567953385919143e+00,-5.117029711374913026e-01,-2.451662419156133699e-01,-2.258953283809974899e-01,8.885675780183751801e-04,-5.059488032883961836e-04,9.741510432572092482e-01,-1.648578859850296369e-02,3.995145687722226335e-02,-4.718022603393322821e-03,-8.032706411547299195e-04,5.941825062747814945e-04,-1.513401082116559964e-04
6.500000000000000000e+00,-1.499569130852214105e+00,3.467333740935632846e+00,1.901156063228336413e+00,-1.056605909178942371e+00,-5.271762390394739706e-01,-2.437365229063608585e-01,-2.335431765078029298e-01,9.104931079625336191e-04,-5.112300551845844372e-04,9.723458717723731937e-01,-1.599076711582424551e-02,4.023754414677238600e-02,-4.851535071565633329e-03,-7.907165477029678416e-04,6.016423105720015985e-04,-1.494284198207938038e-04
6.550000000000000711e+00,-1.549221157297284268e+00,3.439887685332792877e+00,1.889216377155398696e+00,-1.046920599261844886e+00,-5.429744924528011607e-01,-2.425140052210340846e-01,-2.411978663910138709e-01,8.838660426015687273e-04,-4.997396249934572907e-04,9.704754289983588134e-01,-1.564098703189692810e-02,4.014244414454311294e-02,-4.903095671597420581e-03,-7.824835819371781832e-04,5.949783837597350574e-04,-1.509822235718764243e-04
6.600000000000000533e+00,-1.595154511563191546e+00,3.409644296457267298e+00,1.877778810091643713e+00,-1.036700526500071051e+00,-5.584392501782932117e-01,-2.405506489233696921e-01,-2.488235508783719907e-01,8.763002651863150685e-04,-4.558152114478102013e-04,9.685483286127835045e-01,-1.555493729121779252e-02,4.034623933765144749e-02,-5.076706500287190421e-03,-7.866979634192755024e-04,5.877192624351073929e-04,-1.547724366631663339e-04
6.650000000000000355e+00,-1.646035771721667818e+00,3.379877043948020354e+00,1.865989521542334550e+00,-1.028368930835041661e+00,-5.749514194584566251e-01,-2.389590095698602423e-01,-2.564089127530992385e-01,8.664723396380418332e-04,-4.722726775097796500e-04,9.665678950001269643e-01,-1.596495490531303976e-02,4.065086679773073641e-02,-5.130793723036996407e-03,-7.912288900524925856e-04,5.830022231032115773e-04,-1.523632172991926147e-04
6.700000000000000178e+00,-1.694523923794996279e+00,3.346873457247882211e+00,1.854048863167272687e+00,-1.021818707656662495e+00,-5.907255352092737333e-01,-2.372383368844083740e-01,-2.640052954030041032e-01,7.790198925834303885e-04,-4.767568105341673450e-04,9.645207980288051930e-01,-1.625795941597515948e-02,4.220256324527354996e-02,-5.237175600227835480e-03,-7.948123607925462221e-04,5.726512883967716091e-04,-1.549396795086857440e-04
6.750000000000000000e+00,-1.740985730305203427e+00,3.312373242315485466e+00,1.842382781045039053e+00,-1.015209131138858689e+00,-6.060672809539566774e-01,-2.351685333905628450e-01,-2.716441044417149953e-01,6.543335085090724130e-04,-4.838011040596643260e-04,9.623974326161774950e-01,-1.654666084238482979e-02,4.377257792752679150e-02,-5.363880202334444028e-03,-8.029502661182030777e-04,5.451553177564924177e-04,-1.747262126933143435e-04
6.800000000000000711e+00,-1.790685378252649951e+00,3.280172186483301111e+00,1.830459918481559312e+00,-1.007682889667741000e+00,-6.212525566394790921e-01,-2.334848364115503228e-01,-2.792823802604796901e-01,5.676671904430898984e-04,-4.629478199100259522e-04,9.602087353848212103e-01,-1.652117091714431704e-02,4.463634307196084894e-02,-5.349921235506354539e-03,-8.147562504058134111e-04,5.272152550186298432e-04,-2.009906626955178851e-04
6.850000000000000533e+00,-1.838564115329009763e+00,3.247504696336735552e+00,1.818763263664626484e+00,-9.984479270770892922e-01,-6.365020814112698488e-01,-2.315007286457914648e-01,-2.869344639753671489e-01,5.326895725599693071e-04,-5.022048570648439186e-04,9.579499347122842901e-01,-1.634989536433112747e-02,4.508807430052271664e-02,-5.368163047383552391e-03,-7.932771758744483611e-04,5.177583689156432583e-04,-2.354543220772448240e-04
6.900000000000000355e+00,-1.885502623617402618e+00,3.214176711792430474e+00,1.807400915274920195e+00,-9.884345997907921788e-01,-6.521221881906068552e-01,-2.292195519155608430e-01,-2.944500868788708092e-01,4.948524074824005217e-04,-5.538218164256143109e-04,9.556665709019626087e-01,-1.623397837633921287e-02,4.523564748588559947e-02,-5.393492810248078431e-03,-7.719442715052418939e-04,5.016904315122226038e-04,-2.378889046851636799e-04
6.950000000000000178e+00,-1.930577868416825993e+00,3.181842906900959278e+00,1.796281957493429893e+00,-9.764777184770548901e-01,-6.657825369748947564e-01,-2.268249779462844229e-01,-3.020092218964141595e-01,4.779613825303147701e-04,-4.800169767543601665e-04,9.533047629305863024e-01,-1.549078704806439860e-02,4.492900861880508995e-02,-5.380550971234234099e-03,-7.786022494413346500e-04,4.913890316550205721e-04,-2.510951766949895934e-04
7.000000000000000000e+00,-1.982153432656221570e+00,3.151051279012322404e+00,1.784852440828751385e+00,-9.649966697357379442e-01,-6.811240477752128486e-01,-2.250110961488796801e-01,-3.095009774512333944e-01,5.026080989540458949e-04,-4.708304916793156869e-04,9.508988750968623282e-01,-1.538242859648933890e-02,4.392223259561166965e-02,-5.244766347961080620e-03,-7.702157938651101347e-04,4.815903334739696316e-04,-2.596541281303944826e-04
7.050000000000000711e+00,-2.035057379754341866e+00,3.119613295066779202e+00,1.773001844138134553e+00,-9.545984822613936549e-01,-6.961095430334702794e-01,-2.234611424680104097e-01,-3.169528418400051617e-01,5.426932734509540626e-04,-3.947875635615487322e-04,9.484410607287809825e-01,-1.535006930126472588e-02,4.342075024542402933e-02,-5.057474302504992580e-03,-7.866962079079016469e-04,4.921135541207449175e-04,-2.565218018754509199e-04
7.100000000000000533e+00,-2.082878235122193278e+00,3.087546895980474382e+00,1.761921852608160588e+00,-9.414453671672428081e-01,-7.097340100688444009e-01,-2.211987404406733637e-01,-3.244041627679911666e-01,6.149343534060586810e-04,-2.747572222830429230e-04,9.459183292140017629e-01,-1.492285907328472216e-02,4.247027559496588389e-02,-4.951198261846655006e-03,-8.023701235028155628e-04,5.040491696475317114e-04,-2.565054734586813567e-04
7.150000000000000355e+00,-2.134356332892249686e+00,3.054654428622700202e+00,1.750844366281567366e+00,-9.290832359124846507e-01,-7.245981034106739882e-01,-2.191534271473584428e-01,-3.318793345547277895e-01,6.732762867934983424e-04,-1.804538033491154899e-04,9.433215896135196399e-01,-1.515952063454847031e-02,4.130775328700815596e-02,-4.809410926063187146e-03,-8.181484692375161263e-04,5.081797223329986325e-04,-2.667993724095961265e-04
7.200000000000000178e+00,-2.179436773502011704e+00,3.018341338986464173e+00,1.740479369870286952e+00,-9.162962550874941270e-01,-7.390752886260766319e-01,-2.161836215573970377e-01,-3.392923814043623532e-01,7.032291193148200534e-04,-1.586958075041235562e-04,9.406806898227491054e-01,-1.538922952622785029e-02,4.060988946639258745e-02,-4.804829438764282763e-03,-8.227110733487667891e-04,5.000160238141734435e-04,-2.640258829820890641e-04
7.250000000000000000e+00,-2.216699716857654767e+00,2.978750744537745909e+00,1.731043066484337700e+00,-9.019045962859767451e-01,-7.525382137086115142e-01,-2.121187894347290881e-01,-3.466655285727734404e-01,7.572339625652858928e-04,-1.285747479490050374e-04,9.379884974585881441e-01,-1.557937444732016008e-02,4.040302205635077498e-02,-4.966947128701243441e-03,-8.247115887873356175e-04,5.040647311573668871e-04,-2.565576366897190440e-04
7.300000000000000711e+00,-2.256072795048685187e+00,2.938368746107804519e+00,1.721133014410872963e+00,-8.890417733411791756e-01,-7.661774276829965702e-01,-2.084912624420490745e-01,-3.540009119675544547e-01,7.817312855224636640e-04,-1.198935398497758703e-04,9.352447427534015256e-01,-1.581054503859898736e-02,4.064667809379010621e-02,-5.064517678063127498e-03,-8.265600067745879987e-04,5.061802415290549573e-04,-2.479714304265565809e-04
7.350000000000000533e+00,-2.275423469417749978e+00,2.891033274985345347e+00,1.713938607641855461e+00,-8.739481724360098625e-01,-7.772686350776230046e-01,-2.022427053319282020e-01,-3.613556814166864473e-01,6.979605342781059884e-04,-1.139294895161038670e-04,9.324277834658544206e-01,-1.569061695492609751e-02,4.191222008363177515e-02,-5.577413039484169222e-03,-8.266422987651554557e-04,4.747999334397279433e-04,-2.517244358714432586e-04
7.400000000000000355e+00,-2.298169729247033111e+00,2.843862354838663453e+00,1.706706952725405513e+00,-8.593578530835439544e-01,-7.889939540277683960e-01,-1.964445100484637219e-01,-3.687241359572884791e-01,5.986377455146873723e-04,-1.036417914148680535e-04,9.295386718441464025e-01,-1.591518058587110956e-02,4.284696881785027278e-02,-5.988527074844634396e-03,-8.379182548115813364e-04,4.364161175728911647e-04,-2.610785534021611018e-04
7.450000000000000178e+00,-2.332101875287969417e+00,2.799218420855082101e+00,1.697694369530236447e+00,-8.481024164357245931e-01,-8.018505138956142364e-01,-1.919180180407552005e-01,-3.760705173596010642e-01,5.116684694597223521e-04,-1.059898642797960647e-04,9.265908983658365239e-01,-1.615627364798811680e-02,4.409099782248107613e-02,-6.149924051757082316e-03,-8.459626499237929680e-04,4.205912763426796950e-04,-2.763074365326623899e-04
7.500000000000000000e+00,-2.347551351890410309e+00,2.753151488254385271e+00,1.691291277707564600e+00,-8.310770751184547445e-01,-8.105115927901573869e-01,-1.853891141077308458e-01,-3.833477885123123263e-01,4.639917670194310118e-04,-4.709261205181374048e-05,9.236039495025155643e-01,-1.544642680810261008e-02,4.506827603016733130e-02,-6.585039769743410501e-03,-8.562613450243236526e-04,4.005316598345267840e-04,-2.774189070402650328e-04
7.550000000000000711e+00,-2.369625515300190610e+00,2.710143434598534462e+00,1.684213579765629021e+00,-8.152137867194471088e-01,-8.193223682382891893e-01,-1.797609900799654603e-01,-3.906120044251296108e-01,3.761315871754620415e-04,-1.849189311494432161e-05,9.205553324934149240e-01,-1.435267845926004211e-02,4.555049385567014331e-02,-6.835080300318424965e-03,-8.526473303641796944e-04,3.684588900661261643e-04,-2.795288082738636086e-04
7.600000000000000533e+00,-2.390220677228157342e+00,2.666205286481238890e+00,1.677853153519127893e+00,-7.998008916402189472e-01,-8.280096557706730920e-01,-1.737710816571597094e-01,-3.978767993237425360e-01,2.231914177350704370e-04,3.598295407823007757e-05,9.174388270891483677e-01,-1.349311898977097884e-02,4.601375366100378395e-02,-7.114029149567489482e-03,-8.652194486180672531e-04,3.228446230884357473e-04,-2.933800477581198192e-04
7.650000000000000355e+00,-2.408895813820475684e+00,2.623040846900311251e+00,1.672255144446582742e+00,-7.819981176006727264e-01,-8.357016801427950004e-01,-1.676402790661720710e-01,-4.051759485289471163e-01,1.571179248658106117e-04,1.636059794459439624e-04,9.142386992906770260e-01,-1.249026551135953150e-02,4.590121194357189155e-02,-7.404293505475451585e-03,-8.836360432181632413e-04,2.918688448973347444e-04,-3.098627587219927805e-04
7.700000000000000178e+00,-2.425932500924699031e+00,2.581035582334497036e+00,1.667407894717548134e+00,-7.622388600959343341e-01,-8.419837015244018286e-01,-1.611656448908568018e-01,-4.124781925014286976e-01,6.652571956059760683e-05,3.247525129186903600e-04,9.109674147964285096e-01,-1.126835291625314511e-02,4.506990992538970758e-02,-7.673707276523226289e-03,-9.073331474692907612e-04,2.470618368517301907e-04,-3.212777937918778444e-04
7.750000000000000000e+00,-2.440106775323497068e+00,2.536342528139455155e+00,1.663077213931670739e+00,-7.432354183471260312e-01,-8.486468616315641089e-01,-1.543771185643035282e-01,-4.197592016074582766e-01,-2.160064656229764531e-05,4.423292321624850234e-04,9.076353984635745498e-01,-1.040269105896324438e-02,4.478995024987063311e-02,-7.997367327755038405e-03,-9.269718458951336278e-04,2.032158833697567904e-04,-3.304383740858724775e-04
7.800000000000000711e+00,-2.457242005574458599e+00,2.492302042464761946e+00,1.658571657751679584e+00,-7.249363665022168224e-01,-8.551853891384443296e-01,-1.479154011814776959e-01,-4.269833029305826200e-01,-9.605851041576705994e-05,5.962838468651330019e-04,9.042593069672144601e-01,-9.602286860836346458e-03,4.445176601987314846e-02,-8.245557699612810973e-03,-9.559587995075700907e-04,1.743916826903523063e-04,-3.326010830409843765e-04
7.850000000000000533e+00,-2.494915313605990725e+00,2.449905971575313757e+00,1.651693829001783076e+00,-7.121096496147566457e-01,-8.667055088223591941e-01,-1.432067747916565548e-01,-4.340764965279869103e-01,-1.992123437192478504e-04,6.327569969429235573e-04,9.008757711776986810e-01,-9.748635009674069124e-03,4.377863070492089836e-02,-8.200604350021184138e-03,-9.659870721600021144e-04,1.322190697324456096e-04,-3.344107410347205568e-04
7.900000000000000355e+00,-2.537181552587290501e+00,2.407177384561394184e+00,1.644230232080549525e+00,-7.012896924347336025e-01,-8.793672814867586895e-01,-1.387661200987693466e-01,-4.411337195223558050e-01,-3.260256117601349236e-04,6.814120360594145154e-04,8.974410681962962100e-01,-1.021307995056269791e-02,4.335711395091735448e-02,-8.108230677590361549e-03,-9.862163316343563069e-04,9.948143267605660941e-05,-3.486560111577884286e-04
7.950000000000000178e+00,-2.586684139432040119e+00,2.364677215597403404e+00,1.635990723140128278e+00,-6.903547680342171367e-01,-8.929915465707753963e-01,-1.350054934844351073e-01,-4.481837655763931672e-01,-3.966857070242086843e-04,6.724252995104712614e-04,8.939411069854831249e-01,-1.079410645463426029e-02,4.236526039072812527e-02,-7.895578893707606502e-03,-9.896073899693220120e-04,7.252140203781312156e-05,-3.557459217866670463e-04
8.000000000000000000e+00,-2.637069725761332695e+00,2.322064098928613873e+00,1.627621764787149150e+00,-6.777394161390948302e-01,-9.062445469250104413e-01,-1.312721348023181134e-01,-4.552183901993279158e-01,-3.701797807962860188e-04,6.806894775602711145e-04,8.903794791284767030e-01,-1.130574555061532316e-02,4.106091230733436431e-02,-7.653599185675127696e-03,-9.805108701998847820e-04,6.920381740568326849e-05,-3.591936613055098657e-04
8.050000000000000711e+00,-2.681188694650489257e+00,2.278006775948304696e+00,1.620237035661118652e+00,-6.630655411235700791e-01,-9.184315185723279651e-01,-1.270767829046962893e-01,-4.622575205941685250e-01,-3.026562135281797811e-04,7.069277484024930709e-04,8.867453937328949598e-01,-1.186326584387458437e-02,3.971046423319003066e-02,-7.491434942443504254e-03,-9.821429479520981960e-04,6.805650887985981406e-05,-3.577383710404470878e-04
8.099999999999999645e+00,-2.716874878473576782e+00,2.235023761567186185e+00,1.614078111634009050e+00,-6.458312506129534336e-01,-9.279266907127762254e-01,-1.220937724513074529e-01,-4.692125274768497167e-01,-2.371017915482006070e-04,7.313842691767332739e-04,8.830849409420238327e-01,-1.181094094200941039e-02,3.825438353361366312e-02,-7.409622898308029781e-03,-9.761000537161424644e-04,6.459184792581734757e-05,-3.416306689284018131e-04
8.150000000000000355e+00,-2.759150931695387499e+00,2.191256418346673396e+00,1.607170012748235122e+00,-6.295822778576194434e-01,-9.393248553374636822e-01,-1.177554451689949572e-01,-4.760996374283729127e-01,-1.897121583224221236e-04,7.038003017225687814e-04,8.793910415253295421e-01,-1.204574756951907674e-02,3.663285731151324359e-02,-7.230185171699088191e-03,-9.591722801156303416e-04,5.477116094937475334e-05,-3.189628520151217578e-04
8.200000000000001066e+00,-2.798459476266007329e+00,2.145301729517273159e+00,1.600497544947668827e+00,-6.138877657681720557e-01,-9.508100847365601460e-01,-1.133353483815158214e-01,-4.829544115888690370e-01,-1.382296416460046334e-04,6.241442493785501243e-04,8.756452635990052968e-01,-1.241671064278146094e-02,3.550161141519841967e-02,-7.090094825589193274e-03,-9.363549628531492352e-04,4.513658971197555031e-05,-3.015064611948186594e-04
8.250000000000000000e+00,-2.834340657492761206e+00,2.099803533155613078e+00,1.594472108966858537e+00,-5.978377025533966327e-01,-9.610830421753159269e-01,-1.085327041647891205e-01,-4.897856004972537258e-01,-1.503730379607274485e-04,6.131618539465713124e-04,8.718426847579985317e-01,-1.244716611499436035e-02,3.440442912606196668e-02,-6.971744510600112743e-03,-9.244691831699272796e-04,2.663822057484795247e-05,-2.904326551742725010e-04
8.300000000000000711e+00,-2.877654995285393369e+00,2.052958107734947468e+00,1.587538588946769247e+00,-5.832711022071830342e-01,-9.730684487721888987e-01,-1.041624809643258709e-01,-4.965791131412738979e-01,-1.653309799154692884e-04,6.092900173361053863e-04,8.679912360290096274e-01,-1.288694252890548037e-02,3.320424652796505338e-02,-6.750618477572550846e-03,-9.226059611256427848e-04,1.287645465636875847e-05,-2.753425173413438440e-04
8.349999999999999645e+00,-2.939898183319940461e+00,2.003649534725864267e+00,1.578245543983097354e+00,-5.726383409354491860e-01,-9.892526167907697010e-01,-1.013235130691580721e-01,-5.034018380712215190e-01,-2.143093284988013868e-04,5.829198683158383874e-04,8.640521996398450311e-01,-1.405388032619000679e-02,3.162648412996900416e-02,-6.305412376191045151e-03,-9.277371414548285207e-04,-4.747944399207150920e-06,-2.746192921383756457e-04
8.400000000000000355e+00,-2.994930255697108468e+00,1.953365159965769760e+00,1.569895366815268867e+00,-5.608531948327523109e-01,-1.003971308642352733e+00,-9.795520552854559970e-02,-5.102124323452649213e-01,-2.553877183621302378e-04,5.922708153770193679e-04,8.600481718326727920e-01,-1.507234109433310161e-02,3.034506497622385668e-02,-5.945760691977715166e-03,-9.386426403968665608e-04,-1.580317580613712221e-05,-2.815632016729951179e-04
8.450000000000001066e+00,-3.059898904827324628e+00,1.902991609585160671e+00,1.560154238994821085e+00,-5.489743444939114703e-01,-1.020597220496890056e+00,-9.549666161811318221e-02,-5.169661825105957842e-01,-2.306051391437813412e-04,5.988657749309598622e-04,8.560055807770617919e-01,-1.648372610458684329e-02,2.849024292341606132e-02,-5.446114205441309093e-03,-9.479678383613112259e-04,-1.018906473899226033e-05,-2.875519857744400346e-04
8.500000000000000000e+00,-3.103481233505130277e+00,1.851130265293411625e+00,1.553242271197339264e+00,-5.363321330707275791e-01,-1.032540722141281897e+00,-9.108312485578254347e-02,-5.237184544865165492e-01,-2.592807865373604947e-04,6.481585787491737178e-04,8.518911274888272267e-01,-1.705569112144174684e-02,2.795333799648624593e-02,-5.223919557581975862e-03,-9.657108473027335585e-04,-1.078948021207589373e-05,-3.010263232345787251e-04
8.550000000000000711e+00,-3.162446392011890151e+00,1.798129909664835102e+00,1.544264145679025813e+00,-5.243964207262825639e-01,-1.047385894410142848e+00,-8.809850184424425357e-02,-5.305058263258644047e-01,-2.482734034340635266e-04,6.446543663604217475e-04,8.476810078180216923e-01,-1.807853167205859118e-02,2.658158898000528153e-02,-4.798972750250585055e-03,-9.717210307963541167e-04,-5.273091094564628406e-06,-3.221044746412916882e-04
8.599999999999999645e+00,-3.226666076925747362e+00,1.743352275199319346e+00,1.534444823088843446e+00,-5.132102655503677502e-01,-1.063566711855547409e+00,-8.544969060928440940e-02,-5.372153809811445191e-01,-2.106720041657118207e-04,6.442634238096329579e-04,8.434448262804338237e-01,-1.931533216426848179e-02,2.518897697914460401e-02,-4.313291831564799138e-03,-9.748728465129561944e-04,8.237120223183763446e-06,-3.392453000527317474e-04
8.650000000000000355e+00,-3.276737164106571676e+00,1.692072015016071296e+00,1.526739455141058244e+00,-4.984297986349426335e-01,-1.074846735249481489e+00,-8.190187105019684777e-02,-5.438539143711033086e-01,-1.556430323461544148e-04,7.388097978981555264e-04,8.391795694358614721e-01,-1.976515691805208474e-02,2.371069734012394570e-02,-3.958600784947118208e-03,-9.877551517413665338e-04,2.475005480567640055e-05,-3.468431549253654504e-04
8.700000000000001066e+00,-3.323070182717314136e+00,1.641073427600680201e+00,1.519554625507842038e+00,-4.822683428781867621e-01,-1.084334147243617652e+00,-7.807540062235676648e-02,-5.504831674351329251e-01,-9.083341572114616300e-05,8.632486202303074879e-04,8.348458114656224227e-01,-2.002370638940047937e-02,2.215309549876684839e-02,-3.619800436235158080e-03,-1.005573184748982446e-03,4.348777456087600806e-05,-3.541144400882724561e-04
8.750000000000000000e+00,-3.360952235904867358e+00,1.588127337367616576e+00,1.513769286235793432e+00,-4.658191727315419972e-01,-1.093459929680030918e+00,-7.341225354052723084e-02,-5.569961708901380870e-01,-6.598339963766400719e-05,9.397775537502516376e-04,8.305145261090047804e-01,-2.044359006720166891e-02,2.108224692270463732e-02,-3.401794012482187678e-03,-1.023092676147752990e-03,5.153586380211134886e-05,-3.500824358143827240e-04
8.800000000000000711e+00,-3.394409301008963098e+00,1.533604229433719768e+00,1.508618340363754751e+00,-4.491446717319590443e-01,-1.102569315730469013e+00,-6.845968014487602282e-02,-5.634463661989494998e-01,-3.214429808545000956e-05,9.185205650097854127e-04,8.261521335104783370e-01,-2.080625470637859076e-02,2.028456342920858038e-02,-3.241382329881169807e-03,-1.013299646339929552e-03,4.732631200836683630e-05,-3.414844297768248856e-04
8.849999999999999645e+00,-3.424730237922035680e+00,1.479005916896584782e+00,1.504112238481678965e+00,-4.315001721454104211e-01,-1.111182037299499825e+00,-6.324747873656630381e-02,-5.698594787621373836e-01,7.226648976079928755e-06,8.889596536123165436e-04,8.217416772705733452e-01,-2.121405916561040425e-02,1.943050270945749849e-02,-3.109823820277415711e-03,-1.002436336449272951e-03,4.080442946244869422e-05,-3.369469040953877162e-04
8.900000000000000355e+00,-3.449403536172056306e+00,1.421446557001758704e+00,1.500614826956247372e+00,-4.152930820211737650e-01,-1.119838132559370480e+00,-5.730358856602648515e-02,-5.762833533326823243e-01,-2.313442289284209854e-05,8.858314423893781783e-04,8.172494793140543390e-01,-2.165581084529128592e-02,1.933687438131038994e-02,-3.066808865251891697e-03,-1.005289745346803296e-03,2.820705224151256121e-05,-3.362887524969534374e-04
8.950000000000001066e+00,-3.481755775410778408e+00,1.362943391852966535e+00,1.496161288346345097e+00,-3.997334960114968805e-01,-1.129235254489933116e+00,-5.215209766997929569e-02,-5.827806525068907062e-01,-4.378119356996663491e-05,9.068157326068988083e-04,8.126289970411324504e-01,-2.215389210604156930e-02,1.889089753411801742e-02,-2.917646299396095891e-03,-1.011241039646923077e-03,2.191496050677043737e-05,-3.579717368411094005e-04
9.000000000000000000e+00,-3.512078134664559759e+00,1.303166212841248450e+00,1.491995528120549253e+00,-3.843852614106215149e-01,-1.138549579841076964e+00,-4.702757875243099295e-02,-5.892306675334498811e-01,-5.793047725438241278e-05,8.657448699602701605e-04,8.079643974631338654e-01,-2.256573177958877754e-02,1.869811099819395153e-02,-2.791583051496055075e-03,-1.005578273963497532e-03,1.888384302576808529e-05,-3.785981004272940945e-04
9.050000000000000711e+00,-3.547319612684830759e+00,1.239985675261382481e+00,1.487383910784174645e+00,-3.697469422894596458e-01,-1.150179592541179963e+00,-4.201082591310446868e-02,-5.956180854319245155e-01,-1.045066510970175336e-04,8.456763560406637065e-04,8.032673093163130718e-01,-2.352973496096461350e-02,1.841303160744161421e-02,-2.624277659968015947e-03,-1.011017147911583277e-03,1.558728411394259955e-05,-3.909501208451291940e-04
9.099999999999999645e+00,-3.573787812696719079e+00,1.180070266623075792e+00,1.484195120863043726e+00,-3.535809503687842303e-01,-1.158051044664207385e+00,-3.640667826430173809e-02,-6.019617029942515574e-01,-1.302336733828191755e-04,8.957903175007809159e-04,7.985244446647566940e-01,-2.402674136428319465e-02,1.815400272939184101e-02,-2.530528299652958467e-03,-1.026602849288589048e-03,1.788691340830750445e-05,-4.057580871307950245e-04
9.150000000000000355e+00,-3.595344088117627290e+00,1.122642753438533259e+00,1.482028170071456596e+00,-3.354063403472892224e-01,-1.163964198638078873e+00,-3.045401114589832078e-02,-6.082437301146964570e-01,-1.154888789406638113e-04,9.394942757315428777e-04,7.937497519930227785e-01,-2.429901257112021887e-02,1.753917636411868666e-02,-2.463684935262111519e-03,-1.034737532293997708e-03,1.601462846536642071e-05,-4.130787201191037160e-04
9.200000000000001066e+00,-3.637626925729299465e+00,1.080113166309770500e+00,1.477660465241633858e+00,-3.030430004129762711e-01,-1.164594766890659105e+00,-2.639154967785175762e-02,-6.138483567177394074e-01,3.911205051973478861e-04,1.222161497974819403e-03,7.894229210638327165e-01,-2.542222447736661520e-02,1.201729349380951592e-02,-2.055043775203685853e-03,-1.059167407731653092e-03,8.186659990189236805e-05,-2.652361849911731161e-04
9.250000000000000000e+00,-3.651985517864732689e+00,1.036241998477935855e+00,1.476161003328386956e+00,-2.753090440803798722e-01,-1.160484973747203608e+00,-2.121676358291188155e-02,-6.198050056521293705e-01,6.741190009191398063e-04,1.426628635036616488e-03,7.847542706241708022e-01,-2.488126282094459824e-02,9.491235871110345959e-03,-1.841469559067580950e-03,-1.069555157335494054e-03,1.195559083324209738e-04,-1.869417098111640402e-04
9.300000000000000711e+00,-3.660666540529135649e+00,9.843227616114652578e-01,1.475496462903127748e+00,-2.528241578602868356e-01,-1.160143183399293898e+00,-1.547443602153079738e-02,-6.258217766014410044e-01,7.455845031103977257e-04,1.514763788384747159e-03,7.799642642620430166e-01,-2.449760308992592062e-02,8.690838198326578459e-03,-1.752173713528095648e-03,-1.077626966322214669e-03,1.280955755122316472e-04,-1.323414330703733574e-04
9.349999999999999645e+00,-3.681938742729041092e+00,9.213081017569275666e-01,1.473686680116484515e+00,-2.365667908754919280e-01,-1.168179181045866821e+00,-9.778353741402429078e-03,-6.318402833750544900e-01,6.595626593592506144e-04,1.478970276103653636e-03,7.750969190549990007e-01,-2.513963716425837713e-02,8.614450582949090968e-03,-1.676911441834981909e-03,-1.083238942250969779e-03,1.100604508057793300e-04,-1.194924865875747174e-04
9.400000000000000355e+00,-3.699034236680377230e+00,8.590233490292118468e-01,1.472761956577392839e+00,-2.185552357048839434e-01,-1.174352506427660980e+00,-3.699067765301307896e-03,-6.378570450742764297e-01,6.148193626901604127e-04,1.447486799985036330e-03,7.701531775096612797e-01,-2.568439204989055730e-02,8.348335145481319830e-03,-1.627856900498834579e-03,-1.086361687406574902e-03,9.334990447815496044e-05,-1.048456156552726016e-04
9.450000000000001066e+00,-3.714117578745275150e+00,7.989763206878448543e-01,1.472025985933283376e+00,-1.993949658886565723e-01,-1.178123059176448661e+00,2.231124556098986866e-03,-6.438628258583685149e-01,6.648199605505322133e-04,1.432369232791899432e-03,7.651393126813424983e-01,-2.587020523793329488e-02,7.973130723232236400e-03,-1.572502314918909237e-03,-1.076104636614453680e-03,9.393068817503788699e-05,-8.837947872426395418e-05
9.500000000000000000e+00,-3.742525006561141954e+00,7.319645983523046517e-01,1.469370674886569583e+00,-1.819933367740799446e-01,-1.186856139316806891e+00,7.234505948053199763e-03,-6.498354549061104990e-01,7.170437269463276770e-04,1.390881773771463197e-03,7.600733075454981780e-01,-2.680624536883973244e-02,7.449545185194974065e-03,-1.400025163189443783e-03,-1.069816682308445980e-03,1.023651566532384903e-04,-8.219049300186751731e-05
9.550000000000000711e+00,-3.771083664069597940e+00,6.651561122518385716e-01,1.466820653089160986e+00,-1.643922297625130258e-01,-1.195148474912052450e+00,1.204331609685431112e-02,-6.557868356631412210e-01,7.427472282229567908e-04,1.395055009399141701e-03,7.549444537970988467e-01,-2.765351585862823799e-02,6.785625482859349716e-03,-1.200203115256864980e-03,-1.072172611272536854e-03,1.110959002620717919e-04,-7.994922019360169076e-05
9.600000000000001421e+00,-3.801004224783548935e+00,5.948065596791992649e-01,1.463953883709116610e+00,-1.471942654931728822e-01,-1.204312913406232255e+00,1.661663916086389761e-02,-6.617091453800711953e-01,8.123004416668510533e-04,1.378774957195199767e-03,7.497589253006499144e-01,-2.863114600209708260e-02,6.353351134349589750e-03,-9.921038357765510872e-04,-1.068922222069702182e-03,1.312795955934989596e-04,-7.260358624609544709e-05
9.650000000000000355e+00,-3.821339530539045182e+00,5.283293845444778647e-01,1.462558954682510626e+00,-1.298598759725490548e-01,-1.209895859952748065e+00,2.168369154634178925e-02,-6.676106995443453762e-01,8.462965663285246199e-04,1.411768143871035188e-03,7.445087269782266759e-01,-2.906273108040523245e-02,6.243374291483017730e-03,-8.541900833604637198e-04,-1.074133840466220393e-03,1.513228664155698354e-04,-6.956630291140588306e-05
9.700000000000001066e+00,-3.855642713691903811e+00,4.532312126751451564e-01,1.459043282149128373e+00,-1.134829313763142250e-01,-1.220357083906166817e+00,2.546685565267985465e-02,-6.735019375683042320e-01,8.779567713679114344e-04,1.487915125803947148e-03,7.391834382561787153e-01,-3.039613598858265445e-02,5.849547417476574224e-03,-5.791448337231273977e-04,-1.094651767769346884e-03,1.817053363605364790e-04,-7.445169316424446395e-05
9.750000000000000000e+00,-3.882555746773655780e+00,3.795814103242317605e-01,1.456574816280052698e+00,-9.703115499245405784e-02,-1.229007143064401841e+00,2.965074263261399667e-02,-6.793477859156937804e-01,8.993221775705821869e-04,1.555016162016498518e-03,7.338142536880852829e-01,-3.143188181030653200e-02,5.753509917619625651e-03,-3.556583646012095911e-04,-1.111492175577560686e-03,2.114984949824816384e-04,-7.881580887972221912e-05
9.800000000000000711e+00,-3.903205000853266604e+00,3.083608429574344889e-01,1.455218010986971899e+00,-8.029116957112450437e-02,-1.235464726768192856e+00,3.409520603219950985e-02,-6.851526944718936418e-01,9.075243725374844157e-04,1.676488802618512734e-03,7.283969735266009327e-01,-3.221936514393963086e-02,5.797765799015373693e-03,-1.793318828285008903e-04,-1.138205350039679957e-03,2.430149680815336661e-04,-8.635195876199649860e-05
9.850000000000001421e+00,-3.932327448740899012e+00,2.329041973642586028e-01,1.452526498276936362e+00,-6.246381930353035739e-02,-1.244088912648707801e+00,3.789070750116135117e-02,-6.908717753187484378e-01,1.023075859704301047e-03,1.762175152131983816e-03,7.229744380836983231e-01,-3.362220468136016549e-02,5.351828495734721816e-03,8.263703672656418802e-05,-1.153777015746269884e-03,2.879482247742005561e-04,-8.993040845247308502e-05
9.900000000000000355e+00,-3.948293477338865376e+00,1.599774166961223099e-01,1.451995496745163594e+00,-4.469886921211647240e-02,-1.250493457701636890e+00,4.261851216593904451e-02,-6.965520000815639268e-01,1.070528280057307267e-03,1.792616935611442402e-03,7.175032764218547410e-01,-3.459789550256020529e-02,5.503189000931885122e-03,2.099850568500483670e-04,-1.161562202164047753e-03,3.154551983424424806e-04,-9.612855966555632905e-05
9.950000000000001066e+00,-3.939510087178869302e+00,9.477605505423494781e-02,1.455842611780769236e+00,-2.712429536818760506e-02,-1.251496536740832166e+00,4.956621657833209377e-02,-7.022344460751578366e-01,9.787286017780851520e-04,1.757077319803241515e-03,7.119429313611677079e-01,-3.451810655321031068e-02,6.537101069951092684e-03,7.844680652982933275e-05,-1.160800153985798097e-03,3.036823935511615458e-04,-9.873912388539944781e-05
1.000000000000000000e+01,-3.929477456534160140e+00,3.591900051402942273e-02,1.460190822603501859e+00,-9.080411608745203589e-03,-1.248993875374424745e+00,5.637959927697498708e-02,7.078456003920274853e-01,-8.971413259104479973e-04,-1.753332270741353406e-03,-7.063644434490172763e-01,-3.396393374865146891e-02,7.091824058533589478e-03,-1.779648287083278638e-05,-1.159657179750301368e-03,2.880024451663030561e-04,-1.001242679295158731e-04
1.005000000000000071e+01,-3.914142326962292362e+00,-1.878820393558320104e-02,1.465446090445265748e+00,9.965607789361468141e-03,-1.244272884910633925e+00,6.356815714764278702e-02,7.134013655152076083e-01,-8.776440241003134485e-04,-1.735720556193314553e-03,-7.007529583927241124e-01,-3.318566066523895297e-02,7.649431187343664826e-03,-1.548829883616740372e-04,-1.147167806796462689e-03,2.758564253726801096e-04,-1.038796203917464653e-04
1.010000000000000142e+01,-3.899474215021035750e+00,-7.369447157039676899e-02,1.471073285077864723e+00,2.821945729967204053e-02,-1.239369960003839255e+00,7.062062701307297852e-02,7.189081129977437090e-01,-7.575159759403477964e-04,-1.810702682688968912e-03,-6.951023468463938260e-01,-3.266175215328119552e-02,8.091085931187689054e-03,-2.732165014071357085e-04,-1.169210820375890221e-03,2.599953424150418572e-04,-1.059235802654712747e-04
1.015000000000000036e+01,-3.883842179354433100e+00,-1.275048714064765110e-01,1.476789479995995080e+00,4.603899723367711749e-02,-1.233636200858950538e+00,7.754191121595763181e-02,7.243684103044691902e-01,-7.123866389063441369e-04,-1.902430929727557188e-03,-6.894100952370878499e-01,-3.196092555338466562e-02,8.711523840069658464e-03,-3.906187671711960560e-04,-1.182575193642953397e-03,2.609987308088642950e-04,-1.065548760845380687e-04
1.020000000000000107e+01,-3.867172841749868528e+00,-1.766533460358258867e-01,1.482749386088279886e+00,6.481063564319572423e-02,-1.224972433511225534e+00,8.426558134840937686e-02,7.298098992281493169e-01,-7.287533515019814457e-04,-1.991497663577305576e-03,-6.836468487780859027e-01,-3.089103409235124942e-02,9.036050444473191223e-03,-4.778022944783269672e-04,-1.179839085023705542e-03,2.669871325521121870e-04,-1.111248199777429066e-04
1.025000000000000000e+01,-3.854862036038344097e+00,-2.269139482666092944e-01,1.488438596011298243e+00,8.462950078599790205e-02,-1.216303552829289814e+00,9.057271955209679482e-02,7.351936553171231070e-01,-7.608010319976843102e-04,-2.089426326200198494e-03,-6.778534831811843242e-01,-3.016670408989025054e-02,8.806470211428867739e-03,-5.160232550840918725e-04,-1.183225094156573802e-03,2.680390211422106219e-04,-1.092487960932630970e-04
1.030000000000000071e+01,-3.841862359374515368e+00,-2.784091062740423062e-01,1.494400477229695268e+00,1.044903154108643289e-01,-1.207934206690191470e+00,9.677672889857294458e-02,7.405700889942736787e-01,-8.190596803550569257e-04,-2.154096960908472459e-03,-6.719751723795578391e-01,-2.956442012376403125e-02,8.598426800050292668e-03,-5.584097844659244563e-04,-1.181873623425169729e-03,2.702266007397506262e-04,-1.064702564348780949e-04
1.035000000000000142e+01,-3.836716812136718335e+00,-3.382139523993114572e-01,1.499222079351436143e+00,1.235573848971721345e-01,-1.204272250073665118e+00,1.023802468466745580e-01,7.458352369158940398e-01,-8.288439847142975219e-04,-2.207586311108518384e-03,-6.661262935472073154e-01,-2.959025156159333578e-02,8.417703193284054031e-03,-5.362398952593205479e-04,-1.186765486750638709e-03,2.736916900053436665e-04,-9.888620817917526172e-05
1.040000000000000036e+01,-3.834057454516292651e+00,-4.030583173080466985e-01,1.503672000031661238e+00,1.419554469226631810e-01,-1.203842643254032341e+00,1.075066769859278071e-01,7.510617709581655088e-01,-8.521065345107719504e-04,-2.196293007062284555e-03,-6.602277382969191644e-01,-2.989911327597003995e-02,8.431781601590693231e-03,-4.962891008644373719e-04,-1.184122726342125244e-03,2.774923758742148423e-04,-1.007949526657318351e-04
1.045000000000000107e+01,-3.827182452929608125e+00,-4.662112870359573225e-01,1.508844845669541357e+00,1.601293779041037257e-01,-1.202399897334434309e+00,1.128898509244267157e-01,7.562316094940375599e-01,-8.793397039460044929e-04,-2.159669719489003877e-03,-6.542998665676507120e-01,-3.011084364221977561e-02,8.621659520742175342e-03,-4.917080192691695821e-04,-1.174531807217777356e-03,2.824499312120140127e-04,-1.037245034924260675e-04
1.050000000000000000e+01,-3.824602742044277193e+00,-5.334771497702185394e-01,1.513598742320631629e+00,1.795076418175975963e-01,-1.202021990613722835e+00,1.180714635643663191e-01,7.613252862103225826e-01,-9.216764062434933428e-04,-2.158561570410558444e-03,-6.483658687047919589e-01,-3.075787673039369688e-02,8.483157468535016191e-03,-4.534497583549496123e-04,-1.172429197423054690e-03,2.902945096791990421e-04,-9.463372609485486879e-05
1.055000000000000071e+01,-3.821317824338968272e+00,-6.022522157273032528e-01,1.518491163259517718e+00,1.985707046839486067e-01,-1.202057816827622139e+00,1.230343525420795475e-01,7.663572369532475337e-01,-9.788236732276498191e-04,-2.183710962534316739e-03,-6.424101950312066656e-01,-3.151425608221825048e-02,8.518403152087440644e-03,-4.196972208875808128e-04,-1.177876230550186807e-03,3.097318978388253607e-04,-8.118067038542014168e-05
1.060000000000000142e+01,-3.809573947180772802e+00,-6.665368287364121791e-01,1.524808630746866900e+00,2.170348149161905882e-01,-1.199989099263733650e+00,1.284890628973461013e-01,7.713556119542458456e-01,-9.868267582266497615e-04,-2.248496027345005168e-03,-6.363996310065359596e-01,-3.197937970865585150e-02,8.973370571673326343e-03,-4.620293157129586287e-04,-1.189245448765393351e-03,3.275920374376793437e-04,-7.312023548466494837e-05
1.065000000000000036e+01,-3.797998532376750003e+00,-7.280300552400537084e-01,1.531265034509824652e+00,2.362153921581096050e-01,-1.195798852869679685e+00,1.337989883776421474e-01,7.763233710685221167e-01,-1.039929320300074424e-03,-2.273894249928239825e-03,-6.303298909973685804e-01,-3.228517443918804686e-02,9.017753483106356882e-03,-4.735711412653954280e-04,-1.190733568688700107e-03,3.372135077474317172e-04,-7.154609245909984737e-05
1.070000000000000107e+01,-3.781987431202307626e+00,-7.823766078023616233e-01,1.538684075907914783e+00,2.539839258709802317e-01,-1.188711666349369311e+00,1.391797322852397489e-01,7.812312097508671282e-01,-1.015851597200352011e-03,-2.284777528133433676e-03,-6.242367697824087180e-01,-3.196730523669944618e-02,9.051054047068386732e-03,-4.950528398329996421e-04,-1.193188704547559374e-03,3.332067839347621109e-04,-7.019952526529051517e-05
1.075000000000000000e+01,-3.765395468313555760e+00,-8.056732697089155071e-01,1.547090968279501988e+00,2.701877679412000299e-01,-1.165853616036133911e+00,1.437994141973085449e-01,7.861303126882221992e-01,-1.022907400267034994e-03,-2.530487250638813190e-03,-6.180547562857539035e-01,-2.937405250516921321e-02,7.463724839767081967e-03,-3.666970601027572736e-04,-1.200701259993042702e-03,3.236455069854905992e-04,-7.837927669999771550e-05
1.080000000000000071e+01,-3.747526827615352829e+00,-8.224679945785854374e-01,1.555576318907627043e+00,2.844841945705274822e-01,-1.141010768154212096e+00,1.479037492952731403e-01,7.909343421269872110e-01,-1.027805270912066993e-03,-2.773396168105564646e-03,-6.118938783270915227e-01,-2.635057134734620707e-02,5.942841196968156117e-03,-1.830315238828081770e-04,-1.204668481086998899e-03,3.117550735180040617e-04,-9.026198966189405643e-05
1.085000000000000142e+01,-3.733510272823940213e+00,-8.424747018179807867e-01,1.563168252654698609e+00,2.980599104157864998e-01,-1.119455510319631530e+00,1.513985398337116262e-01,7.955010469976325771e-01,-1.086389386037857167e-03,-2.992886369950905137e-03,-6.059438477408188861e-01,-2.377413106471519197e-02,4.686848869957310586e-03,3.353003232519380394e-05,-1.198643208026836746e-03,3.143045950564240620e-04,-9.037147060101016597e-05
1.090000000000000036e+01,-3.720228859780070341e+00,-8.593877003289918104e-01,1.570690287959369158e+00,3.110754422344027548e-01,-1.097709078082915735e+00,1.545537956688540215e-01,7.999390926474105878e-01,-1.122596447132569045e-03,-3.225864627200875166e-03,-6.000714804330075092e-01,-2.133550160341107088e-02,3.378055645318973205e-03,2.764915737249731484e-04,-1.202946071646142454e-03,3.160736220249512891e-04,-9.440936439229649863e-05
1.095000000000000107e+01,-3.701232550565372037e+00,-8.739312917960303517e-01,1.578956897455308317e+00,3.222192839462287295e-01,-1.077878011870932129e+00,1.582376061905467202e-01,8.041883657249314643e-01,-1.107897691529125244e-03,-3.386678324017006973e-03,-5.943638409301986725e-01,-1.894334782492753180e-02,2.791925183882461130e-03,4.393222894710487134e-04,-1.200293092696830309e-03,3.100940705018070996e-04,-9.796726309547175177e-05
1.100000000000000000e+01,-3.677063202854712110e+00,-8.903699244382454747e-01,1.588058116163137523e+00,3.339991848676414077e-01,-1.058523501637152142e+00,1.623368888155075906e-01,8.084171871177848745e-01,-1.089605387215053641e-03,-3.502350540105288179e-03,-5.885985031185203553e-01,-1.689821418172901546e-02,2.551625601754733356e-03,5.192093515238908018e-04,-1.198587996737176826e-03,3.000086282339938979e-04,-8.856394893901043102e-05
1.105000000000000071e+01,-3.655348349543811270e+00,-9.235888594583180344e-01,1.596976102088224936e+00,3.482683730413873024e-01,-1.043715599201578303e+00,1.665855730374743160e-01,8.128075718932882276e-01,-1.074956702837661726e-03,-3.556325909761466619e-03,-5.825204271843583692e-01,-1.586819173033884173e-02,2.384123373913594243e-03,5.671763678943254287e-04,-1.197802743405046487e-03,2.897160967169686106e-04,-7.781175596601780278e-05
1.110000000000000142e+01,-3.634910202962430503e+00,-9.639168477428294857e-01,1.605764782187402373e+00,3.624930684588840157e-01,-1.033342085024116619e+00,1.705633786792328244e-01,8.171065707428472047e-01,-1.024621935870736458e-03,-3.601581657720435807e-03,-5.764744840912870982e-01,-1.539713563038819059e-02,2.535935907451717080e-03,5.954092700767191042e-04,-1.204019368103006376e-03,2.836024459097013476e-04,-6.818715760405413210e-05
1.115000000000000036e+01,-3.614081496745120248e+00,-1.007909286408884775e+00,1.614607434137748321e+00,3.771659688591871284e-01,-1.023507651752955772e+00,1.743723732393435977e-01,8.214422347424203963e-01,-9.973728214783320316e-04,-3.630205369479732030e-03,-5.702793016038795182e-01,-1.516986732261354359e-02,2.715404378773009740e-03,6.128468337435102192e-04,-1.206880891724442136e-03,2.815565661235549079e-04,-6.357206129995726434e-05
1.120000000000000107e+01,-3.597495695936213878e+00,-1.063778096071576806e+00,1.622863784097476225e+00,3.932805586083213401e-01,-1.017723760253699705e+00,1.779107239474708169e-01,8.257888432236730747e-01,-1.000566355906083510e-03,-3.635148908902448468e-03,-5.639668172567295912e-01,-1.561368110601990024e-02,2.859231923311787108e-03,6.497259328539869592e-04,-1.212165905815558702e-03,2.861825733053800628e-04,-5.818487198224600235e-05
1.125000000000000000e+01,-3.580990196515213331e+00,-1.121156915492789174e+00,1.631055836787034030e+00,4.085272790400531484e-01,-1.012663051526662139e+00,1.813208309263953100e-01,8.301250104151404186e-01,-9.603954481503130386e-04,-3.646004119093569206e-03,-5.575645714872937697e-01,-1.595510757123587420e-02,3.078030176334809864e-03,7.084575531358949536e-04,-1.219689670833631412e-03,2.911587922410496386e-04,-5.916364692305053203e-05
1.130000000000000071e+01,-3.563224544946431038e+00,-1.174736271176942903e+00,1.639345342129327365e+00,4.232867886008507274e-01,-1.005290570274676387e+00,1.842431832216467891e-01,8.344741160663800006e-01,-9.297119842247876650e-04,-3.654948519693192004e-03,-5.510342336027574950e-01,-1.588379584210969364e-02,3.190559451489374896e-03,7.824381895851196221e-04,-1.219060586567006447e-03,2.937415573976647322e-04,-7.013260023363976771e-05
1.135000000000000142e+01,-3.543724955399818910e+00,-1.225201141599360888e+00,1.647947241363955762e+00,4.379297803006974021e-01,-9.957520541792794777e-01,1.874321028615488216e-01,8.388105825920152414e-01,-9.272950309288287979e-04,-3.703337979269486369e-03,-5.444099851613497520e-01,-1.575303394070189794e-02,3.233467130379797522e-03,8.347762985952901678e-04,-1.223716049301029965e-03,3.000670241670839143e-04,-8.541257460966771009e-05
1.140000000000000036e+01,-3.520625878193314406e+00,-1.270431262922050886e+00,1.657489200220712444e+00,4.528137354634315104e-01,-9.840576516763698267e-01,1.910935325025258924e-01,8.430626695513543378e-01,-9.436805034433601519e-04,-3.698390286029694038e-03,-5.378017911697055009e-01,-1.545340162806899641e-02,3.216838915489548395e-03,8.237035473382483576e-04,-1.216111620203759631e-03,2.957671601406408764e-04,-9.635278662924091377e-05
1.145000000000000107e+01,-3.498846781272206385e+00,-1.316259556594293167e+00,1.667040218432243259e+00,4.676680099912683963e-01,-9.723064757783491663e-01,1.945675365608725282e-01,8.472350327127119440e-01,-9.464648992904502092e-04,-3.720990155810852042e-03,-5.312043465378880613e-01,-1.526188496059749378e-02,3.007797006284742680e-03,8.371166973202649525e-04,-1.216948687720825198e-03,2.923282682467396643e-04,-9.370534113903355089e-05
1.150000000000000000e+01,-3.477264301753630882e+00,-1.360955141844685024e+00,1.676712877224661780e+00,4.834514949913681914e-01,-9.590908921412802934e-01,1.977399555589385016e-01,8.513504701173778555e-01,-9.849960868016118237e-04,-3.740353067682781335e-03,-5.245830883402150535e-01,-1.522352238597693939e-02,2.549292768066585904e-03,8.619170162236537355e-04,-1.216322317897993019e-03,2.895934220051585100e-04,-8.419033241160756324e-05
1.155000000000000071e+01,-3.453649623871262175e+00,-1.404394712620068875e+00,1.686789951273210297e+00,4.994739035890985446e-01,-9.450014132920060428e-01,2.008032131197990677e-01,8.553906323236033504e-01,-1.030748151271814687e-03,-3.736308777558856528e-03,-5.179689601588047809e-01,-1.522060899687011255e-02,2.085100456241196186e-03,8.793172809943493274e-04,-1.215292251388457555e-03,2.824832458378556460e-04,-6.131965566628909826e-05
1.160000000000000142e+01,-3.431481906549187055e+00,-1.452123180550260129e+00,1.696642683775688720e+00,5.159736451225207521e-01,-9.324304351050236583e-01,2.033516639659712633e-01,8.593855785909668699e-01,-1.049828428707173756e-03,-3.755728420309690976e-03,-5.113132304900512848e-01,-1.546264773628996253e-02,1.569930704998609384e-03,9.305503492421723314e-04,-1.217070237553534570e-03,2.774344602498227510e-04,-3.831254690829601669e-05
1.165000000000000036e+01,-3.407947680577883887e+00,-1.503991632545537804e+00,1.706548180606754839e+00,5.329694711552316333e-01,-9.219129061794854030e-01,2.057321744302332556e-01,8.633410532022940398e-01,-1.101225286235054486e-03,-3.728767228159875994e-03,-5.046058951829446304e-01,-1.589909226643253931e-02,1.282099652938577423e-03,9.788483298269912841e-04,-1.213463713695244741e-03,2.748990061816023204e-04,-1.808999996027849626e-05
1.170000000000000107e+01,-3.383241570096317652e+00,-1.559938974411157364e+00,1.716367494786733117e+00,5.498852782621506119e-01,-9.134045899254992218e-01,2.077455090331734588e-01,8.672813142172932643e-01,-1.123686156521785376e-03,-3.702767858769562444e-03,-4.978033234613145619e-01,-1.642192717529556215e-02,1.287821068293941657e-03,1.032429916562177573e-03,-1.209773904314557840e-03,2.781765970673383747e-04,-9.705985248459509201e-06
1.175000000000000000e+01,-3.356224581677602625e+00,-1.617642578274173681e+00,1.726346408221620443e+00,5.663940302085856970e-01,-9.061431095975092109e-01,2.096408348888823547e-01,8.711630354124854092e-01,-1.151615380353401916e-03,-3.661247519742828489e-03,-4.909788536989344032e-01,-1.696970270791852906e-02,1.586986187646050256e-03,1.061591757340278348e-03,-1.204767053177748263e-03,2.872800127879073439e-04,-1.235510260979359631e-06
1.180000000000000071e+01,-3.324352470201735077e+00,-1.683669674297695540e+00,1.736788366264665928e+00,5.836474827529100073e-01,-9.027352666812514803e-01,2.118954318302066486e-01,8.750459234432599320e-01,-1.187719074156351473e-03,-3.553182808359551820e-03,-4.840254085073052992e-01,-1.779925576738718845e-02,2.507360788259299124e-03,1.027497320549593642e-03,-1.188224241881162980e-03,2.971276726167532047e-04,-1.683967698296043757e-07
1.185000000000000142e+01,-3.290640026130051243e+00,-1.751713474785715041e+00,1.747489267178775396e+00,6.008383198350353283e-01,-8.999921103360468688e-01,2.138324593831284759e-01,8.789067130477360434e-01,-1.155226493610642894e-03,-3.421818750531074003e-03,-4.769800272210686365e-01,-1.867494893343983955e-02,3.467094507246771921e-03,1.006112670926672704e-03,-1.180013417490506080e-03,2.975042558424410670e-04,-7.743196817557403193e-06
1.190000000000000036e+01,-3.254796225600685045e+00,-1.814451932366357712e+00,1.758461456923681610e+00,6.172238821163770206e-01,-8.954539133317759303e-01,2.158929008020438189e-01,8.826871022643658637e-01,-1.132242786993461169e-03,-3.303577329972474941e-03,-4.699481715032342022e-01,-1.931076117990260937e-02,4.431491356128894679e-03,9.742343724210058556e-04,-1.172084899273079066e-03,2.986906699993171501e-04,-9.687084364564846038e-06
1.195000000000000107e+01,-3.217345224403555637e+00,-1.877007940832164046e+00,1.769439258154097638e+00,6.330319301691320621e-01,-8.904700575120289008e-01,2.175195984915664904e-01,8.864673380466401298e-01,-1.093022481089110307e-03,-3.227853387781248664e-03,-4.627786132059981683e-01,-1.986517798060445650e-02,5.497899935830011242e-03,9.505870591525907281e-04,-1.168780805573923880e-03,3.061846112949592942e-04,-1.719988906401048414e-05
1.200000000000000000e+01,-3.179248634994987999e+00,-1.935951276842553304e+00,1.780343444181983870e+00,6.486058148946898250e-01,-8.832952891715510901e-01,2.189977099285709550e-01,8.901758438235427562e-01,-1.109013807822971116e-03,-3.178033863421921880e-03,-4.556046940739094109e-01,-2.030464970787746598e-02,6.437669242189411785e-03,9.562709532485916654e-04,-1.160592063571010439e-03,3.167733665218205007e-04,-1.616196673824286367e-05
1.205000000000000071e+01,-3.137967334249466056e+00,-1.993223008309123134e+00,1.791712218006405566e+00,6.630656589572478943e-01,-8.759272121109890064e-01,2.202659339768942293e-01,8.938921966876886005e-01,-1.041047106842565633e-03,-3.111858742109501353e-03,-4.482699780901565068e-01,-2.049378514551859071e-02,7.511956670252517738e-03,9.529947067714281432e-04,-1.159004567163084013e-03,3.161775899965145941e-04,-2.636143987339879395e-05
1.210000000000000142e+01,-3.092684248566042626e+00,-2.047845341276659958e+00,1.803672038895197227e+00,6.766136049317564849e-01,-8.685145168067172072e-01,2.217973155535454544e-01,8.975806323167905276e-01,-8.983640982871975199e-04,-3.017687927492873970e-03,-4.408390806080035307e-01,-2.043559921031503149e-02,8.821561512716194486e-03,9.052744237348189001e-04,-1.156882725980687161e-03,3.059484052496885755e-04,-4.002991692174815634e-05
1.215000000000000036e+01,-3.049106765141456954e+00,-2.093464796404507222e+00,1.815475603983042641e+00,6.886816762327995223e-01,-8.578756429596953170e-01,2.234514219684699265e-01,9.011544025676498926e-01,-8.051106116475319338e-04,-2.967238316336512621e-03,-4.334873585545708230e-01,-2.005609030856830496e-02,9.798848451261816736e-03,8.575251354945641769e-04,-1.153050048880642237e-03,2.971438435133259576e-04,-4.978335441233235488e-05
1.220000000000000107e+01,-3.008215548725421407e+00,-2.136762031403333761e+00,1.827384214807296958e+00,7.008093688390564235e-01,-8.467207584069886828e-01,2.248877403690701104e-01,9.046034419891756384e-01,-6.792992025400630251e-04,-2.911055026051535561e-03,-4.262436827127941696e-01,-1.977081144010309210e-02,1.037521200596566197e-02,8.256870228527737887e-04,-1.158508953331401168e-03,2.809285278053575839e-04,-5.473245233119165121e-05
1.225000000000000000e+01,-2.966965711482436152e+00,-2.182923013786040922e+00,1.839295468441805914e+00,7.143959387174276809e-01,-8.361927886911817431e-01,2.263843763680302434e-01,9.079529553217146054e-01,-6.280509265346441525e-04,-2.832958378888367733e-03,-4.190620608232409339e-01,-1.982581282070146680e-02,1.096584260461493793e-02,7.775356454386916309e-04,-1.152020709991972459e-03,2.715804114660244455e-04,-5.209906579630876026e-05
1.230000000000000071e+01,-2.929440100981247408e+00,-2.228130906031461578e+00,1.850708824800137320e+00,7.284914090760710170e-01,-8.242862078491036693e-01,2.270044859503934642e-01,9.111903076040805960e-01,-6.442948499541014664e-04,-2.762578724250049599e-03,-4.119759414957621102e-01,-2.001837532202142139e-02,1.108508257028643917e-02,7.912734779600598747e-04,-1.143335207563199148e-03,2.643240306032983503e-04,-4.315491104518936956e-05
1.235000000000000142e+01,-2.892790252966049636e+00,-2.274029193003492377e+00,1.861869394927698540e+00,7.433437817981355389e-01,-8.118602094656505175e-01,2.269799719051558140e-01,9.143363127119432665e-01,-6.932483278455516375e-04,-2.722784337540924693e-03,-4.049459385010975021e-01,-2.046278634293466694e-02,1.104504940810080264e-02,8.430533796690039931e-04,-1.139245852599655908e-03,2.627463457671058190e-04,-2.475417798991739489e-05
1.240000000000000036e+01,-2.852400171963878073e+00,-2.320846819870689526e+00,1.873280615588690523e+00,7.580853579969408784e-01,-8.003739402715127627e-01,2.270400873390095997e-01,9.174516055549453153e-01,-6.982649770305484607e-04,-2.662551535011829524e-03,-3.978378749063470887e-01,-2.093284914627916576e-02,1.130805604272072835e-02,8.669630149893247772e-04,-1.138851805221778547e-03,2.599035135621589128e-04,-9.863933890655173658e-06
1.245000000000000107e+01,-2.809538851576466545e+00,-2.364755929348535179e+00,1.884999546121240099e+00,7.714109253707497338e-01,-7.890256226057185129e-01,2.274598263352867189e-01,9.205305899192289809e-01,-6.633963282495709867e-04,-2.598200078281824761e-03,-3.906612884387464235e-01,-2.104483128863419289e-02,1.180442825742536797e-02,8.492676638897941714e-04,-1.136672594416279899e-03,2.551340955321269280e-04,2.240129680244765456e-06
1.250000000000000000e+01,-2.767141310830564027e+00,-2.401693107679395034e+00,1.896689842453363362e+00,7.828046339979174428e-01,-7.762597188129409798e-01,2.280988378614721701e-01,9.235234179017920431e-01,-5.905538166839283381e-04,-2.561483560256375396e-03,-3.835330320000509552e-01,-2.070585024030903790e-02,1.220614866622596328e-02,8.223203585581774803e-04,-1.134683208625899154e-03,2.470430164392917812e-04,2.283093206155693640e-05
1.255000000000000071e+01,-2.724268255058654997e+00,-2.431566601137819195e+00,1.908731797404046748e+00,7.924437154970204178e-01,-7.625115998929092864e-01,2.292244094501796892e-01,9.264646570541883452e-01,-4.674946406994487835e-04,-2.512173427829886025e-03,-3.763730990159825929e-01,-1.995423332754633211e-02,1.255000563098810848e-02,7.460988976334643552e-04,-1.131300710092092345e-03,2.274861891733665842e-04,3.669443638294493448e-05
1.260000000000000142e+01,-2.680003144486728051e+00,-2.456723438226265710e+00,1.920801983133344049e+00,8.013498219763429686e-01,-7.469403397105914832e-01,2.302357831495711604e-01,9.293422738209291545e-01,-3.594561188805668172e-04,-2.437791462378554198e-03,-3.692111402076454496e-01,-1.914958138712377633e-02,1.289229189340172603e-02,6.641334469513410829e-04,-1.125342100756358647e-03,2.005782853305886136e-04,5.507315083464327070e-05
1.265000000000000036e+01,-2.634615349441121523e+00,-2.497913500665091657e+00,1.933365685657979061e+00,8.138241197795138548e-01,-7.358263446687992593e-01,2.311454205974164122e-01,9.322236293039964927e-01,-2.453536065356536457e-04,-2.350288236959501356e-03,-3.618750073079043950e-01,-1.928871642235062758e-02,1.330569684072583497e-02,5.636852293258070093e-04,-1.133185467389369707e-03,1.851121768111071769e-04,5.218692350528241695e-05
1.270000000000000107e+01,-2.586328729874097565e+00,-2.539643526658935890e+00,1.945932200628514019e+00,8.264080642985457414e-01,-7.255531284600549302e-01,2.315342588933204659e-01,9.350466540762862877e-01,-1.522132369919315328e-04,-2.206770298594881718e-03,-3.545177875604007545e-01,-1.935273990919952891e-02,1.392065407925347983e-02,4.922934653290089247e-04,-1.131505903676887975e-03,1.633011179555146598e-04,5.497584193401846913e-05
1.275000000000000000e+01,-2.533623160379699257e+00,-2.587761951258514603e+00,1.958387455647629061e+00,8.402281432498812652e-01,-7.178323926771454921e-01,2.309260578594203861e-01,9.378565414057129512e-01,-3.770311611292303627e-05,-2.095170750090295363e-03,-3.470168822701817368e-01,-1.976783695556614401e-02,1.499323143839891535e-02,4.587759334380762076e-04,-1.135018844805480353e-03,1.563929636930126135e-04,4.432530526716047415e-05
1.280000000000000071e+01,-2.481734572915241799e+00,-2.633930120199414748e+00,1.970384395348169448e+00,8.542052371401916977e-01,-7.089441748641092111e-01,2.294335220051385016e-01,9.405722337423065849e-01,2.929562817370107473e-05,-1.996910563732860050e-03,-3.395878157457571933e-01,-2.025420987295138003e-02,1.588724929347254400e-02,4.934962176897731692e-04,-1.136996905357192137e-03,1.514782430259585446e-04,4.227045710153566588e-05
1.285000000000000142e+01,-2.430092364921240478e+00,-2.675813141075301882e+00,1.981918895498414601e+00,8.668249725787012805e-01,-6.981274388125930930e-01,2.273556236080107873e-01,9.432295601685426467e-01,7.112658678763918608e-05,-1.951637146141164915e-03,-3.321357898175322232e-01,-2.058311908749502900e-02,1.675761957676915118e-02,5.512549818042309507e-04,-1.139403328485801047e-03,1.538850488349778178e-04,4.345491816655481132e-05
1.290000000000000036e+01,-2.378716755873186983e+00,-2.715453251150640401e+00,1.993393804067822961e+00,8.787928591471996231e-01,-6.867929289587118014e-01,2.255650113623247077e-01,9.458107018508620234e-01,1.296069609666628442e-04,-1.895548551612418874e-03,-3.247129599540242717e-01,-2.079193667945040264e-02,1.752615840714926224e-02,5.895823095959066987e-04,-1.142671417154690183e-03,1.530757162059167512e-04,5.182079677485485679e-05
1.295000000000000107e+01,-2.327350288425180214e+00,-2.753533823218091037e+00,2.004473026798190727e+00,8.906213688305125720e-01,-6.744753585124231288e-01,2.230731750035248317e-01,9.483651401260674296e-01,1.504566520889579287e-04,-1.857148015147575340e-03,-3.171751714080251472e-01,-2.106214622601079375e-02,1.820519959267708626e-02,6.736239756840169081e-04,-1.143808093050163125e-03,1.536742611767992288e-04,4.342798991332417992e-05
1.300000000000000000e+01,-2.273999968445553410e+00,-2.790649768282543963e+00,2.015319816014888410e+00,9.019081005885304370e-01,-6.626309868584835394e-01,2.205415015611382479e-01,9.508439966851304215e-01,2.059889343508382298e-04,-1.833163917788046150e-03,-3.096648043392355443e-01,-2.130485880754083225e-02,1.911624069838238973e-02,7.508193968073441533e-04,-1.148989936237859591e-03,1.613045951578571599e-04,4.301323756093516671e-05
1.305000000000000071e+01,-2.222776078222825191e+00,-2.825643530805544312e+00,2.025980718134323233e+00,9.131282341155601001e-01,-6.493964496613108262e-01,2.178886635168747476e-01,9.532468237847099291e-01,1.942165590370105975e-04,-1.822478255203688032e-03,-3.021872495610953835e-01,-2.149028220235493086e-02,1.973456110488151782e-02,8.144670695416486236e-04,-1.147458411039424791e-03,1.672157937201556449e-04,4.462939224720317220e-05
1.310000000000000142e+01,-2.172268758651550336e+00,-2.858491904068647838e+00,2.036493120117811362e+00,9.233742201014758511e-01,-6.354327653839411116e-01,2.157704925216184511e-01,9.555825856369285498e-01,1.790245757094165939e-04,-1.831309486890608275e-03,-2.947177230558193362e-01,-2.150760308293855894e-02,2.031316560255614495e-02,8.451470530277085036e-04,-1.143014035029876925e-03,1.779117745389172675e-04,5.058702143361417644e-05
1.315000000000000036e+01,-2.121610739439758753e+00,-2.889428652929225017e+00,2.046272295528281937e+00,9.327876891778512647e-01,-6.211538466755470722e-01,2.125397969034912571e-01,9.578661570833167938e-01,1.429623593736408763e-04,-1.864850455239268952e-03,-2.872088560768662480e-01,-2.148234738895360429e-02,2.095994276157608915e-02,9.488844122349973220e-04,-1.139115997324029574e-03,1.970704971238335622e-04,5.151517790270826848e-05
1.320000000000000107e+01,-2.071046119219498216e+00,-2.917521544585782500e+00,2.055794215204923781e+00,9.413942869453650886e-01,-6.059084563647441080e-01,2.091333268729923811e-01,9.600894944923497043e-01,1.078612959569611438e-04,-1.919033801305909106e-03,-2.796863747854633764e-01,-2.136133678523446239e-02,2.157941911650102310e-02,1.049778897559464378e-03,-1.135058971912836440e-03,2.159480411733851358e-04,5.164093249889221754e-05
1.325000000000000000e+01,-2.031664217731079525e+00,-2.926718577215584371e+00,2.063060441146145063e+00,9.426399257013073907e-01,-5.844699590645286991e-01,2.042057700734636605e-01,9.622818554215363251e-01,6.143892504866673939e-05,-2.065596007696643074e-03,-2.720466141397039350e-01,-2.003346711901057148e-02,2.130590530707389754e-02,1.329833194490301351e-03,-1.120748008656255587e-03,2.220755476501463867e-04,4.511998111666427679e-05
1.330000000000000071e+01,-1.992474619907973699e+00,-2.934483864013689658e+00,2.070610679964958400e+00,9.437079479541140570e-01,-5.632225086202871100e-01,1.997539547170546770e-01,9.643957538851422040e-01,4.820012452942683587e-05,-2.149710178087853047e-03,-2.644545448866526538e-01,-1.868105919303920948e-02,2.098719287839597922e-02,1.541632153063958021e-03,-1.110232436955500271e-03,2.189263865844769791e-04,4.497364492928994259e-05
1.335000000000000142e+01,-1.952552699137197312e+00,-2.945144859141979321e+00,2.078584661258839006e+00,9.454369556636297300e-01,-5.428657102407967727e-01,1.960062326485540185e-01,9.664407304188368242e-01,4.570917247342768958e-05,-2.251514335972990780e-03,-2.568798224488866300e-01,-1.759747694740467633e-02,2.070280519755460930e-02,1.673526114514116772e-03,-1.100803950996091362e-03,2.196553780243622439e-04,4.406226509367232758e-05
1.340000000000000036e+01,-1.908119425027706928e+00,-2.959335854389284481e+00,2.086998387480103467e+00,9.489768390172704793e-01,-5.251585464326130603e-01,1.925729052329676338e-01,9.684019122519875733e-01,5.459976546633624851e-05,-2.306347984235615576e-03,-2.493840695083288650e-01,-1.680488406919000005e-02,2.082857150577768768e-02,1.760441526605463405e-03,-1.091738597831113473e-03,2.212301828683240206e-04,4.656832739046402138e-05
1.345000000000000107e+01,-1.859785524239637722e+00,-2.977079662489093170e+00,2.095874285685941363e+00,9.539728251321151209e-01,-5.091041251436672077e-01,1.891793751787744227e-01,9.703101765301070936e-01,6.770624454490375499e-05,-2.277172149725951739e-03,-2.418532018084055824e-01,-1.627663125706267991e-02,2.117226490420794083e-02,1.813297116235508804e-03,-1.083699899636971723e-03,2.163891974880854192e-04,4.697097547051765391e-05
1.350000000000000000e+01,-1.808341167961437845e+00,-3.001428847059235405e+00,2.105521522189473416e+00,9.614216553260389597e-01,-4.948314654210665409e-01,1.869698765340644941e-01,9.721575710044794150e-01,4.259199399449967134e-05,-2.259766050282956910e-03,-2.343171969403666233e-01,-1.613689737685519709e-02,2.170331872512592034e-02,1.757158552631583274e-03,-1.072605294524800728e-03,2.224823161537296356e-04,4.249922185627802597e-05
1.355000000000000071e+01,-1.757840165682007960e+00,-3.025356819708735934e+00,2.115097241675798490e+00,9.682685406647645321e-01,-4.801729019190009717e-01,1.846233994072765672e-01,9.739560025195233006e-01,8.475315057823868661e-05,-2.270591288232836659e-03,-2.267256985617104592e-01,-1.602575367187092023e-02,2.205637124866762985e-02,1.705758371843458078e-03,-1.073343388344197985e-03,2.266172242837796746e-04,3.825455080139393912e-05
1.360000000000000142e+01,-1.706044651624247566e+00,-3.050977684080830254e+00,2.124697911884328771e+00,9.758171623428444352e-01,-4.653260880293290103e-01,1.819644060562382870e-01,9.756960078736226505e-01,8.686387542829396833e-05,-2.258912417115024017e-03,-2.191168409521154770e-01,-1.603088899527559466e-02,2.238436224806437599e-02,1.655452127407744910e-03,-1.070210642121924034e-03,2.277282724724943408e-04,4.381471568312324944e-05
1.365000000000000036e+01,-1.653726282043571860e+00,-3.075291233428322890e+00,2.133943956120663454e+00,9.828498702332920667e-01,-4.500932392321095876e-01,1.791457741590191666e-01,9.773898896609518605e-01,4.828854594371978628e-05,-2.247483627794132424e-03,-2.114330865170145624e-01,-1.596266088642243897e-02,2.277269237108794572e-02,1.607455932741384819e-03,-1.058479491235808949e-03,2.336680061987217384e-04,3.809869882235778263e-05
1.370000000000000107e+01,-1.602015778675711433e+00,-3.097422538516914514e+00,2.143060080522738442e+00,9.891240483344906353e-01,-4.344977833488980479e-01,1.762062507740607131e-01,9.790325682021437936e-01,9.505557040775411512e-05,-2.217344272641114545e-03,-2.036916904253330274e-01,-1.587176675734494613e-02,2.298841222316351518e-02,1.580317980470657274e-03,-1.057460728852010296e-03,2.275871910203675075e-04,3.013179266676637206e-05
1.375000000000000000e+01,-1.549180376652639080e+00,-3.118701151234132496e+00,2.151984727989670443e+00,9.953296018176780446e-01,-4.191489085139135651e-01,1.726822471509288637e-01,9.806055220443324894e-01,1.751681864407585165e-04,-2.189497733671560888e-03,-1.959795539130107234e-01,-1.584089458649955845e-02,2.330395509758230455e-02,1.567242707671847061e-03,-1.063256424885284344e-03,2.227207603720991421e-04,2.895176122341245760e-05
1.380000000000000071e+01,-1.498088408430201746e+00,-3.143304162030112536e+00,2.161232506036912415e+00,1.001812839429721658e+00,-4.036326909100172999e-01,1.698087692657159475e-01,9.821174203321612062e-01,2.530056725987874238e-04,-2.221518137068235685e-03,-1.882561380815969965e-01,-1.598421562038991606e-02,2.333919154479364294e-02,1.492331555861961014e-03,-1.072013870582369782e-03,2.262011288846586267e-04,2.757494430454199164e-05
1.385000000000000142e+01,-1.444525981048374375e+00,-3.167076660544704048e+00,2.170163736670969623e+00,1.008776722630003730e+00,-3.877366503163643396e-01,1.663498906677845779e-01,9.835641501489105210e-01,2.749508927111749901e-04,-2.214351271755794770e-03,-1.805452397386961283e-01,-1.623476286571926691e-02,2.353778175994879207e-02,1.455015681132999002e-03,-1.075397669000657678e-03,2.275278540619636396e-04,2.904381481483020094e-05
1.390000000000000036e+01,-1.393369722146803991e+00,-3.187264401819450033e+00,2.178153292147771314e+00,1.014508936875143652e+00,-3.696113228661580541e-01,1.621974047578595979e-01,9.849414693445626146e-01,1.957311367756602017e-04,-2.247152470716157549e-03,-1.728734044336183717e-01,-1.638493970202911654e-02,2.359116219673618869e-02,1.467191190569559550e-03,-1.066434884356160136e-03,2.355893253170967985e-04,3.881088156613079370e-05
1.395000000000000107e+01,-1.337602697691551379e+00,-3.209195889306452720e+00,2.186234950806834387e+00,1.021553656887351114e+00,-3.525155195989080892e-01,1.576469463176642938e-01,9.862539248171687811e-01,1.291287139180356380e-04,-2.227522403562371030e-03,-1.652217214909934562e-01,-1.676720689823935073e-02,2.395436526344118730e-02,1.479377459285904483e-03,-1.060033129185670780e-03,2.423660764932757876e-04,5.149961736029353858e-05
1.400000000000000000e+01,-1.285982168630732669e+00,-3.224473432786469473e+00,2.193357188521334766e+00,1.025681665083251648e+00,-3.333887165955179421e-01,1.526756647956762913e-01,9.875092087403238850e-01,9.561218044181644200e-05,-2.294585435274609786e-03,-1.575445600109717237e-01,-1.693084741626938589e-02,2.413004117104555757e-02,1.528323328548176563e-03,-1.063916645027692971e-03,2.542423281364075411e-04,6.256775379599468459e-05
1.405000000000000071e+01,-1.234607671741398294e+00,-3.237568908665189760e+00,2.200159652987504710e+00,1.028794297636327792e+00,-3.148864158158714011e-01,1.478753854112038468e-01,9.887091728331126594e-01,8.533404350224879338e-05,-2.367232315127668681e-03,-1.498284368367017727e-01,-1.691100030847978580e-02,2.434658458677275289e-02,1.565911748788851796e-03,-1.066278078665904233e-03,2.666478076274044710e-04,6.737722979034727500e-05
1.410000000000000142e+01,-1.182461202054654326e+00,-3.247124418321678530e+00,2.206281284839166634e+00,1.030893179713727292e+00,-2.966085389215241119e-01,1.425545518720781890e-01,9.898462141330023334e-01,6.407140257575909574e-05,-2.426722206758949452e-03,-1.421217058747509532e-01,-1.671350427449294629e-02,2.474334953837189349e-02,1.632740479892036845e-03,-1.064640073541552349e-03,2.771094597677889915e-04,7.378908470438138851e-05
1.415000000000000036e+01,-1.129360750539763592e+00,-3.256216945867077328e+00,2.212126146814889616e+00,1.032728945016282429e+00,-2.793488266879100013e-01,1.373456659308680827e-01,9.909250089182339849e-01,5.284855818240113799e-05,-2.500857048922798965e-03,-1.343925951138998098e-01,-1.641180411604803088e-02,2.529025367114165132e-02,1.683561304932394741e-03,-1.058799712662816372e-03,2.926502578628428254e-04,7.944544632931876884e-05
1.420000000000000107e+01,-1.073021291380802378e+00,-3.270851970003408660e+00,2.218793624328513125e+00,1.036651893127075175e+00,-2.633165952426441692e-01,1.325629814141895402e-01,9.919447296872595521e-01,9.213619811617590341e-05,-2.523193710006834973e-03,-1.266462721523701762e-01,-1.647891158175300574e-02,2.581770390292176948e-02,1.675538155019506634e-03,-1.061815523675140168e-03,3.038461677886205941e-04,8.156492590004193338e-05
1.425000000000000000e+01,-1.015070916964519343e+00,-3.291978758181167475e+00,2.226299699109095531e+00,1.042913438919378155e+00,-2.473092905022772903e-01,1.286070705446593354e-01,9.929059591850828426e-01,5.164130569287594941e-05,-2.503723618922124722e-03,-1.188759223559012340e-01,-1.682765960968869018e-02,2.609589104128413883e-02,1.600366314010561028e-03,-1.055027481087638741e-03,3.113466223635310420e-04,8.227113105937572607e-05
1.430000000000000071e+01,-9.530467407796849866e-01,-3.312810047328579977e+00,2.233632730495853647e+00,1.050291671185138664e+00,-2.316798570908491506e-01,1.243409172775586796e-01,9.938131504956705387e-01,-1.751879121678172267e-05,-2.430296441761521653e-03,-1.110383503757456924e-01,-1.727883524960972805e-02,2.664781067512349624e-02,1.537542593196083865e-03,-1.043904523605224295e-03,3.153408124343121534e-04,7.872793301580671135e-05
1.435000000000000142e+01,-8.922904110585597737e-01,-3.333205786742184262e+00,2.240854114118423279e+00,1.057203014320639678e+00,-2.155179545436919919e-01,1.202622921485444335e-01,9.946559331192810216e-01,-9.529437172315894007e-05,-2.383504772512903304e-03,-1.032176561184890151e-01,-1.766992503115961607e-02,2.704404413678168986e-02,1.455388694756316881e-03,-1.032593831459541677e-03,3.216704169216970648e-04,8.330612430946278001e-05
1.440000000000000036e+01,-8.330544113416937790e-01,-3.354913267717592351e+00,2.248316571500287520e+00,1.064008785155904357e+00,-1.985173065738157216e-01,1.166142359338471490e-01,9.954375794641349140e-01,-2.030000534001478031e-04,-2.348605972147980742e-03,-9.538589115561070531e-02,-1.811456698491767728e-02,2.710826186395884005e-02,1.344781987358665718e-03,-1.016223441493015016e-03,3.247501329578346895e-04,8.865158637120333098e-05
1.445000000000000107e+01,-7.742839225721492857e-01,-3.374751784722092474e+00,2.255674886801176005e+00,1.069961757751214826e+00,-1.820875228301175874e-01,1.130014759900762750e-01,9.961556026821304366e-01,-2.072813456785102808e-04,-2.332346877863961110e-03,-8.757015723113883987e-02,-1.851002603200653518e-02,2.715585356437210524e-02,1.228681819937403044e-03,-1.013878686675656398e-03,3.283911808531920487e-04,8.968758770714447626e-05
1.450000000000000000e+01,-7.165111174119576098e-01,-3.397241483848355337e+00,2.263666557071935426e+00,1.076528934005027693e+00,-1.654974350968618224e-01,1.101216789437713672e-01,9.968136613389169121e-01,-1.906403579223930628e-04,-2.305009574741874109e-03,-7.973189546986413079e-02,-1.900452627740142550e-02,2.683870584554885058e-02,1.065458552856928453e-03,-1.017395163268454460e-03,3.271458052244124700e-04,9.330440888580932533e-05
1.455000000000000071e+01,-6.606736455360029403e-01,-3.410249469082879514e+00,2.270025184012542052e+00,1.079643338277921361e+00,-1.486540491419193200e-01,1.060905862927585958e-01,9.974097891508890701e-01,-1.369915875138252046e-04,-2.307286800741420191e-03,-7.189137755602510726e-02,-1.904803782613186461e-02,2.679329773579033208e-02,9.807482961593423122e-04,-1.019502665281881706e-03,3.271131839558575694e-04,9.850340076875955706e-05
1.460000000000000142e+01,-6.064316050834588356e-01,-3.421775456408461924e+00,2.276304901394385904e+00,1.081910338216733880e+00,-1.313852332228417075e-01,1.022993657380628502e-01,9.979447853693073078e-01,-1.034407283884473348e-04,-2.333305265211738783e-03,-6.403710128325670881e-02,-1.905499515776180181e-02,2.660441110195749942e-02,8.822080628609206727e-04,-1.021692263256172980e-03,3.269624282847104625e-04,9.935826139550678175e-05
1.465000000000000036e+01,-5.452711609342054677e-01,-3.438591602521012369e+00,2.282959848864417829e+00,1.087287271801568700e+00,-1.152439983728650724e-01,9.812837392435733164e-02,9.984151201537327935e-01,-8.906512543023241879e-05,-2.308437839775483082e-03,-5.623087257504079395e-02,-1.943277830002979045e-02,2.675137670047143465e-02,7.710140488550515023e-04,-1.021098563462832396e-03,3.335081894874577808e-04,1.076274327325121139e-04
1.470000000000000107e+01,-4.811913736429613841e-01,-3.455082346413795857e+00,2.289443823628534602e+00,1.093048443606804865e+00,-9.940045903043377706e-02,9.380152829117019420e-02,9.988296959550461152e-01,-5.518546821091575199e-05,-2.273790622542510523e-03,-4.831216522905027594e-02,-1.991421430971502746e-02,2.706981308981744327e-02,6.755015635653979170e-04,-1.028311405624797274e-03,3.386665448158483597e-04,1.072428693458274363e-04
1.475000000000000000e+01,-4.158621624442165876e-01,-3.472735509725457081e+00,2.295995293739687249e+00,1.099309394215173707e+00,-8.421735891356198211e-02,8.972954103753716382e-02,9.991817978218547891e-01,-1.753641953471327740e-05,-2.259285292969848667e-03,-4.038106268939543886e-02,-2.036944591344565236e-02,2.740746345608283466e-02,5.458131870475071762e-04,-1.032449587602017995e-03,3.488384232454475563e-04,1.070346396341660325e-04
1.480000000000000071e+01,-3.536865303483470169e-01,-3.484162972277400350e+00,2.301627811441249172e+00,1.103067580160179695e+00,-6.833667039419354106e-02,8.501407625868083462e-02,9.994719131621030428e-01,7.334285608269669238e-05,-2.250843874960038217e-03,-3.241640206379643036e-02,-2.064359491380124770e-02,2.767516123135509848e-02,4.640377912786977188e-04,-1.041450279922769614e-03,3.536121020269622386e-04,9.927482328009360564e-05
1.485000000000000142e+01,-2.917700877978890994e-01,-3.490303031470169959e+00,2.305947344842064428e+00,1.105288150515257861e+00,-5.211561615704402711e-02,7.939105121024039868e-02,9.996950895501653944e-01,1.316567135949785867e-04,-2.253361492685346679e-03,-2.458928542637983661e-02,-2.081255879011217891e-02,2.821744983318135586e-02,4.438149477498088660e-04,-1.047603461960951079e-03,3.629189915982365157e-04,1.085690364236674643e-04
1.490000000000000036e+01,-2.325590970710626759e-01,-3.494566288868021342e+00,2.309909101803242937e+00,1.106286578726766612e+00,-3.510319599560191711e-02,7.380244702938826284e-02,9.998564262041781392e-01,1.701491979528257893e-04,-2.284604066303469634e-03,-1.678924095126212504e-02,-2.092389892531422782e-02,2.854540688804392198e-02,4.236577795398815656e-04,-1.052390943966964544e-03,3.717694304869238698e-04,1.156078540566523916e-04
1.495000000000000107e+01,-1.684811693317655457e-01,-3.502510165386751861e+00,2.314258178301163760e+00,1.109429797211842317e+00,-1.848967746351058705e-02,6.825934853078449716e-02,9.999573807603867603e-01,1.697353035023030832e-04,-2.276327781604466343e-03,-8.945735553004869126e-03,-2.128470089910554017e-02,2.900856392546291573e-02,3.729112630649530349e-04,-1.051730795197013124e-03,3.818936844557944076e-04,1.209266378680508058e-04
1.500000000000000000e+01,-1.087352907463033508e-01,-3.505737372529690532e+00,2.317878725146119034e+00,1.110311928802010240e+00,-1.358736296527674739e-03,6.250405496888744583e-02,9.999968191867926182e-01,1.810102623109574908e-04,-2.257812172606797011e-03,-1.109565579558784718e-03,-2.140785018498785400e-02,2.925285342040169836e-02,3.467680237406472088e-04,-1.052878822581757847e-03,3.842247017189158432e-04,1.280314633952404685e-04
1.505000000000000071e+01,-4.926548954564807792e-02,-3.508247844137494464e+00,2.321350318020562575e+00,1.110815208637393026e+00,1.530402998141703642e-02,5.700439895859524264e-02,9.999746058665843762e-01,2.400592230692045060e-04,-2.252705439722487834e-03,6.756871446198441274e-03,-2.149436549322912907e-02,2.944759919672184159e-02,3.138644819307710764e-04,-1.058916744343300995e-03,3.855019246425530157e-04,1.268885948263093514e-04
1.510000000000000142e+01,1.251320266061279121e-02,-3.516729661984418165e+00,2.325811537943665908e+00,1.113509641689475638e+00,3.200775757408981514e-02,5.231077502331824697e-02,9.998899653325855619e-01,2.810808157004854139e-04,-2.252445875375232859e-03,1.465962852034842501e-02,-2.185572800568542570e-02,2.938471232872653244e-02,2.221085923127025154e-04,-1.062360593399794186e-03,3.897651847661731520e-04,1.190322462363865678e-04
1.515000000000000036e+01,7.444337950281491867e-02,-3.523901298266082893e+00,2.330058196964845507e+00,1.116013750332514709e+00,4.884941309304989543e-02,4.743483258839929773e-02,9.997427033529647789e-01,2.875284635220131464e-04,-2.226029802453884186e-03,2.257186769425665457e-02,-2.217429783882773897e-02,2.928448144100326972e-02,1.337447264206156482e-04,-1.060332664710249718e-03,3.884394785720281153e-04,1.090447329995053260e-04
1.520000000000000107e+01,1.364837874963206465e-01,-3.531202687857611711e+00,2.334327569085754117e+00,1.118568640279228754e+00,6.536786873056552039e-02,4.281472168389146432e-02,9.995338831542286417e-01,3.047964682812957663e-04,-2.205336763604365952e-03,3.044766026315802107e-02,-2.248221063040408557e-02,2.910941749380619586e-02,3.021020096319765877e-05,-1.057962769803434937e-03,3.876231571190399180e-04,1.001463886402716435e-04
1.525000000000000000e+01,1.996433107868300916e-01,-3.536696537606768498e+00,2.338214548135626014e+00,1.121088694024326538e+00,8.274502451611932818e-02,3.779477115329084314e-02,9.992620574841124537e-01,2.774276376916759521e-04,-2.155438378086844357e-03,3.834863220406105333e-02,-2.288724861978859437e-02,2.901814620814072154e-02,-5.220139874037940273e-05,-1.054454823407805939e-03,3.841553158897589686e-04,8.930632572087384498e-05
1.530000000000000071e+01,2.657475874121673631e-01,-3.546255880094663748e+00,2.343004951777601708e+00,1.125596255161273040e+00,9.967111898378808177e-02,3.351950348894109505e-02,9.989289059634157697e-01,3.036597411725705975e-04,-2.103568375519249915e-03,4.622254451655163909e-02,-2.348980822009608463e-02,2.879851807438107633e-02,-1.905904765556674626e-04,-1.057522278278145728e-03,3.816638720964401696e-04,8.143155066947856287e-05
1.535000000000000142e+01,3.304233817445769716e-01,-3.548420081155605477e+00,2.346076888185545162e+00,1.127411108571548137e+00,1.164584053229260896e-01,2.809760582844715235e-02,9.985311330734162327e-01,3.419475665308496283e-04,-2.064660648595346547e-03,5.414052577679184797e-02,-2.387945110974962204e-02,2.891400183209954719e-02,-2.540528278083233537e-04,-1.062699186368713279e-03,3.793973126929486958e-04,7.399820178899201538e-05
1.540000000000000036e+01,3.952152901641522442e-01,-3.551049906631157604e+00,2.349231569697922684e+00,1.129418010774275061e+00,1.333553225945193210e-01,2.303597853613878130e-02,9.980695268922666896e-01,3.784337929000939032e-04,-2.044337827733905526e-03,6.207170820718008880e-02,-2.431789854015621241e-02,2.894646508684457775e-02,-3.386352433751293480e-04,-1.068550444147858608e-03,3.819258752151791117e-04,6.184204164669857668e-05
1.545000000000000107e+01,4.533233008417033583e-01,-3.547949462149439182e+00,2.351378810941423314e+00,1.128145235241358346e+00,1.513062552366631897e-01,1.741328221282284483e-02,9.975532102449098382e-01,4.359495624582679862e-04,-2.019114022913793931e-03,6.988079748125486379e-02,-2.455111980063947805e-02,2.869499592509253127e-02,-3.736786456393517784e-04,-1.076952255320961149e-03,3.742194946014789844e-04,6.302110292795766618e-05
1.550000000000000000e+01,5.088154179162313051e-01,-3.543881219451214371e+00,2.353177038692651379e+00,1.125378777928885521e+00,1.694535973100235460e-01,1.204721176611459402e-02,9.969791633861643243e-01,4.829056446312760919e-04,-2.049881296905215616e-03,7.764092067093880667e-02,-2.472559404060051952e-02,2.829874264212550034e-02,-4.166206876497418688e-04,-1.083792431553264567e-03,3.724152819166092702e-04,7.176911275098213155e-05
1.555000000000000071e+01,5.665152354174948224e-01,-3.536208378794097662e+00,2.354122415984901018e+00,1.122745591158415213e+00,1.863234173190824461e-01,6.076771303257391330e-03,9.963405527396219652e-01,5.695310500671985077e-04,-2.025186417392433984e-03,8.544634117890795300e-02,-2.478077595084517484e-02,2.828916869144839502e-02,-4.332170636303937154e-04,-1.092791391203713595e-03,3.667892853217120182e-04,7.594620930988967293e-05
1.560000000000000142e+01,6.302426742637545765e-01,-3.534393918009843816e+00,2.356226477422370902e+00,1.123275761111814486e+00,2.034557662456578375e-01,1.031625247503671627e-03,9.956313731399433209e-01,6.314538577052201344e-04,-1.974397661526311291e-03,9.334812177741323713e-02,-2.517736122627967782e-02,2.819949156182748745e-02,-5.080831541633395315e-04,-1.100169633658481822e-03,3.619913171341580024e-04,6.737135181908062559e-05
1.565000000000000036e+01,6.912014296669291014e-01,-3.528364983885281969e+00,2.357180718192173341e+00,1.121856175990817883e+00,2.205069967830883271e-01,-4.631672567678186449e-03,9.948596094774930787e-01,6.883857695348688955e-04,-1.977434459643662244e-03,1.012421518354887084e-01,-2.540357611286566883e-02,2.822224651767957226e-02,-5.562948716447719145e-04,-1.105039808810363237e-03,3.648316433826599508e-04,5.962697477817663512e-05
1.570000000000000107e+01,7.476053665693078720e-01,-3.517619299821998169e+00,2.357090122375684604e+00,1.117710410207642502e+00,2.370706651132727105e-01,-1.043185355348138534e-02,9.940269168865054628e-01,7.139668392618669403e-04,-1.964385864047830596e-03,1.091151682610526225e-01,-2.533120173017960192e-02,2.819049626362555433e-02,-5.793369945177981491e-04,-1.104998982219007565e-03,3.627373685861824291e-04,5.584432195980709078e-05
1.575000000000000000e+01,8.016666103140186461e-01,-3.505716720415199994e+00,2.356546929113480182e+00,1.112485469378341030e+00,2.541510458457084676e-01,-1.620312749732329485e-02,9.931414022397507813e-01,7.264724877965878782e-04,-2.024052277607642746e-03,1.168996604245000209e-01,-2.525678278348804026e-02,2.808273765652851903e-02,-5.993548803854456108e-04,-1.102917743592806170e-03,3.680428412158272050e-04,5.800451615853178465e-05
1.580000000000000071e+01,8.500298479878091173e-01,-3.487900129741841493e+00,2.354450624375331813e+00,1.103508259549837112e+00,2.713890652158883476e-01,-2.286142934967968013e-02,9.921949859031820029e-01,7.426372208666390902e-04,-2.154655213288945645e-03,1.246752417260718615e-01,-2.499438075107602783e-02,2.807569967736791086e-02,-5.735404003290328232e-04,-1.103005319686479547e-03,3.805821302847112110e-04,6.144649384890380872e-05
1.585000000000000142e+01,9.029747190557734227e-01,-3.475031955810941486e+00,2.353401511928852052e+00,1.097209315323142809e+00,2.889455748790121792e-01,-2.856586745143741696e-02,9.911797952261605094e-01,7.856929041589499115e-04,-2.257639059351882003e-03,1.325024501206094052e-01,-2.504994796199783505e-02,2.791154874399803115e-02,-5.956807714157401129e-04,-1.107953136149628960e-03,3.917043951155552801e-04,5.779581542565914937e-05
1.590000000000000036e+01,9.582841992582225021e-01,-3.463092784253683387e+00,2.352454008252022888e+00,1.091553641482573722e+00,3.068712478062681215e-01,-3.433343649042504969e-02,9.901066975049256369e-01,8.152295833690580270e-04,-2.333669384131928544e-03,1.402947502361423793e-01,-2.531147976402741209e-02,2.777085029454186976e-02,-6.237415784715121501e-04,-1.115747960035294150e-03,4.012796032403083369e-04,5.714702097965725455e-05
1.595000000000000107e+01,1.015969435953078204e+00,-3.451713223915667594e+00,2.351474334573067093e+00,1.086953074756575210e+00,3.250895358272755664e-01,-4.014952948149617951e-02,9.889827766734462511e-01,7.980294976172678254e-04,-2.379194521702531276e-03,1.480093578988479763e-01,-2.565145150034617294e-02,2.767056921376020995e-02,-6.578129062113888302e-04,-1.116364207203231684e-03,4.077121147678867789e-04,6.440385298673070023e-05
1.600000000000000000e+01,1.079297898593298610e+00,-3.442964227698320556e+00,2.350938493045478417e+00,1.085219884933902312e+00,3.430927392779110074e-01,-4.540190059143538182e-02,9.877977077804620532e-01,7.227107481009501086e-04,-2.353409803811217556e-03,1.557229194920734250e-01,-2.609727247647679327e-02,2.760521131889093205e-02,-7.257115282347823904e-04,-1.107993019536425688e-03,4.108193490822337527e-04,6.830617446874775068e-05
1.605000000000000071e+01,1.146052174760209263e+00,-3.435157974647025991e+00,2.350636723726351907e+00,1.084991962054185466e+00,3.617468625111776026e-01,-5.080291474345303981e-02,9.865448199145948616e-01,6.654116353275264578e-04,-2.279675752077484161e-03,1.634737856829059921e-01,-2.673965413369384578e-02,2.753370863222896411e-02,-7.998395007288239614e-04,-1.104216013305720119e-03,4.075553819086478644e-04,6.731373485972084211e-05
1.610000000000000142e+01,1.211372515039409015e+00,-3.422573302656329641e+00,2.349066394192990792e+00,1.083541378524313092e+00,3.790447188464586836e-01,-5.630499798909244236e-02,9.852198401369389735e-01,6.212953886786299782e-04,-2.228278452008907503e-03,1.712790570026721804e-01,-2.708517421229250308e-02,2.773150529306344161e-02,-8.519271521025810088e-04,-1.097051292923642519e-03,4.079721535014500387e-04,5.951561684003806138e-05
1.615000000000000213e+01,1.283037018019604680e+00,-3.415299287702018738e+00,2.348609949751030435e+00,1.085099533911662917e+00,3.976616362292039741e-01,-6.108542789777847426e-02,9.838332751314772251e-01,5.135507850668019191e-04,-2.127682643503334484e-03,1.790734373831886495e-01,-2.778408232633288594e-02,2.771790888126083804e-02,-9.493059011449566211e-04,-1.084831047327010876e-03,4.052743968823367378e-04,5.266567908150147849e-05
1.619999999999999929e+01,1.353482393224934022e+00,-3.405134659160259147e+00,2.347637962434885761e+00,1.085683557552294065e+00,4.159660566712914398e-01,-6.589041941356588161e-02,9.823699848107306787e-01,4.476562593184312011e-04,-1.992606730866065216e-03,1.869359303752344270e-01,-2.832854567808586188e-02,2.772834444377111907e-02,-1.044743571154212137e-03,-1.074883546925316886e-03,3.960487883582082232e-04,4.418421467611832867e-05
1.625000000000000000e+01,1.422816572584285844e+00,-3.394466316281931295e+00,2.347030530316344343e+00,1.086239421264106442e+00,4.335968444036549241e-01,-7.011983111169661775e-02,9.808316097030204128e-01,4.528660044244624348e-04,-1.820528472493657124e-03,1.948482332376785253e-01,-2.877746804712636580e-02,2.746701012283777471e-02,-1.158916118771177858e-03,-1.072601405461212631e-03,3.750461087172268174e-04,3.020606745875633589e-05
1.630000000000000071e+01,1.489217327274080294e+00,-3.382661479279557959e+00,2.346565567209660141e+00,1.085671508111661243e+00,4.515006329375619298e-01,-7.403923720338692616e-02,9.792209314964022138e-01,4.701944488336004448e-04,-1.643173044531626159e-03,2.027891669168849498e-01,-2.916831751574193790e-02,2.694582776157573509e-02,-1.282034302443313054e-03,-1.071295486735164429e-03,3.492191503269262594e-04,1.200637196093466854e-05
1.635000000000000142e+01,1.540505687637459653e+00,-3.362747239829817936e+00,2.344256974880033262e+00,1.078233813439634536e+00,4.685866544895921915e-01,-7.908933850604897564e-02,9.776069700704757004e-01,5.132916393599568257e-04,-1.567582985667959235e-03,2.104326288504237141e-01,-2.920355699627381202e-02,2.623858540170685705e-02,-1.319603880059542524e-03,-1.075965423434680239e-03,3.291465744949287841e-04,9.268446908535841905e-06
1.640000000000000213e+01,1.593711055268784094e+00,-3.341924181923188630e+00,2.341924899257611159e+00,1.071830832077993012e+00,4.858703944644404138e-01,-8.383076849022991217e-02,9.759225027278215503e-01,5.354454428628156000e-04,-1.456836715396663765e-03,2.181120345016004936e-01,-2.927916787370014526e-02,2.563224662103114407e-02,-1.367373375915505391e-03,-1.077307255971218618e-03,3.065181812561027733e-04,1.141427738627394999e-06
1.644999999999999929e+01,1.649682684465844096e+00,-3.322201801777081354e+00,2.339970521508143886e+00,1.066709904994333380e+00,5.039580770091849349e-01,-8.822422183695118048e-02,9.741802781444013348e-01,4.954070713142870582e-04,-1.309450319419791812e-03,2.257671933346198645e-01,-2.944983805046296615e-02,2.496266921352852108e-02,-1.443883840604188442e-03,-1.070326737249838135e-03,2.800208937860777748e-04,-6.531968149527805573e-06
1.650000000000000000e+01,1.702024775856368244e+00,-3.300947549548643334e+00,2.337665563801093249e+00,1.059954543302237928e+00,5.213666266982400765e-01,-9.233171084822532071e-02,9.723876509467980211e-01,5.182731157632992046e-04,-1.211706278135172773e-03,2.333677772252223670e-01,-2.954599963069540550e-02,2.419663283394209510e-02,-1.522235299380683476e-03,-1.072943496347736596e-03,2.562858503390242682e-04,-8.929863394575888200e-06
1.655000000000000071e+01,1.749386178134518133e+00,-3.274570932409151425e+00,2.333850951195944656e+00,1.049831085447768819e+00,5.381079574089807638e-01,-9.753356523395181887e-02,9.705163660543308923e-01,5.690300979099708126e-04,-1.145521916770120361e-03,2.410318385711356093e-01,-2.951882256530161119e-02,2.371239605018166455e-02,-1.540961887397053389e-03,-1.077853248444000760e-03,2.382286234172536891e-04,-1.504179412291747325e-05
1.660000000000000142e+01,1.792961197447311417e+00,-3.243909990238291741e+00,2.327961071810834337e+00,1.037130862377298124e+00,5.538321317863598159e-01,-1.034751823963053208e-01,9.685920113821010480e-01,5.639723865897680512e-04,-1.202363586547971130e-03,2.486518685707561904e-01,-2.927076761654655648e-02,2.362267454223220681e-02,-1.504817010864579942e-03,-1.075298746280496523e-03,2.389862159262343632e-04,-1.335249756893550313e-05
1.665000000000000213e+01,1.848358044023955316e+00,-3.216214211769278908e+00,2.322669545444228323e+00,1.030042519184098726e+00,5.701333168677321650e-01,-1.089149371960009133e-01,9.666110017614530925e-01,5.379319360904901261e-04,-1.186601708702278522e-03,2.562449489830718741e-01,-2.932389312244998436e-02,2.376582072760020231e-02,-1.511673711647092003e-03,-1.067545376540127242e-03,2.390671372562023415e-04,-1.522135936113467648e-05
1.669999999999999929e+01,1.903036739122589305e+00,-3.187373544614078291e+00,2.317178705122603599e+00,1.022950660090698127e+00,5.859828966975951792e-01,-1.141629214345143140e-01,9.645663337081178401e-01,5.399257903182730833e-04,-1.135881791131963586e-03,2.638374615735553652e-01,-2.932041556287639031e-02,2.385070264388915173e-02,-1.526617188043802396e-03,-1.065931623246214400e-03,2.350331941374793918e-04,-2.068332518629511593e-05
1.675000000000000000e+01,1.954949313550945256e+00,-3.158975814023079032e+00,2.311766531952158310e+00,1.014526222971344760e+00,6.020076256435151763e-01,-1.189676877386107307e-01,9.624596753988655662e-01,5.554155235556697051e-04,-1.099694640607430619e-03,2.714219140312805201e-01,-2.930216773374076308e-02,2.366370246171607683e-02,-1.553557386821699570e-03,-1.063199189401659202e-03,2.275899362117373044e-04,-2.333535046874271715e-05
1.680000000000000071e+01,2.002110815942980793e+00,-3.129215865076891312e+00,2.306022020418099228e+00,1.003773892524010281e+00,6.180973178215227737e-01,-1.237875754206707590e-01,9.602998284548260877e-01,4.893406268704334925e-04,-1.115542914754997193e-03,2.789673019896558581e-01,-2.916639971802766074e-02,2.336056913199861806e-02,-1.575813213862734073e-03,-1.051356105522411374e-03,2.219539804528668377e-04,-2.185502514668318408e-05
1.685000000000000142e+01,2.050220382488221027e+00,-3.098885294939328183e+00,2.300132865627159795e+00,9.930333689601801295e-01,6.346935006902647558e-01,-1.286742933752546281e-01,9.580870566199434224e-01,3.958471476343333132e-04,-1.108016384117467296e-03,2.864747939035154900e-01,-2.913332198155679786e-02,2.311307479826173877e-02,-1.593345425019560696e-03,-1.037821353667764965e-03,2.132155197523631618e-04,-1.772962709084371539e-05
1.690000000000000213e+01,2.094133618892749293e+00,-3.065124694672544781e+00,2.293122061237546028e+00,9.794459520773963757e-01,6.505904333058546429e-01,-1.340992214250650572e-01,9.557816274888656372e-01,3.574658398449874529e-04,-1.131258533339963126e-03,2.940749445754251012e-01,-2.909328397696839263e-02,2.312605497235205657e-02,-1.566846926522399161e-03,-1.033032788007258104e-03,2.125829596303923535e-04,-1.926703017667432433e-05
1.694999999999999929e+01,2.140350106773532435e+00,-3.030961674732945532e+00,2.285947079793912096e+00,9.670816892004410192e-01,6.660638383588167732e-01,-1.394142953476620872e-01,9.534322521519765781e-01,3.641647147777226788e-04,-1.163688340646659063e-03,3.016047973257656167e-01,-2.916983406940151791e-02,2.329259177536300435e-02,-1.554999157924341190e-03,-1.036876974622514798e-03,2.173747388449199201e-04,-1.902198713364687394e-05
1.700000000000000000e+01,2.186066615545824821e+00,-2.995494630064000852e+00,2.278408050549696195e+00,9.545845060639992496e-01,6.812013335909670175e-01,-1.447341271074213398e-01,9.510172714760734003e-01,3.734049776264896682e-04,-1.177519163724295324e-03,3.091352832847558685e-01,-2.922983202017941443e-02,2.351317059215790942e-02,-1.534565980645236777e-03,-1.039354979245663219e-03,2.221142321295337563e-04,-2.370532219163554109e-05
1.705000000000000071e+01,2.231104080183957450e+00,-2.959777831150195659e+00,2.270789215112866355e+00,9.423482179580575657e-01,6.961355011640455448e-01,-1.497282662988962953e-01,9.485409940619646818e-01,4.121746308688405808e-04,-1.213421605386690331e-03,3.166517650416955654e-01,-2.924720630833063315e-02,2.364264925539952961e-02,-1.522918949516201183e-03,-1.044557703077788691e-03,2.274229891757267267e-04,-2.911856526552032627e-05
1.710000000000000142e+01,2.278786049618202636e+00,-2.924791505578999029e+00,2.263439853706293192e+00,9.311723221490599833e-01,7.113151434096057768e-01,-1.544168808516448166e-01,9.460086152692602779e-01,4.841808305953944542e-04,-1.201097223084025790e-03,3.241388942578795618e-01,-2.945408656045094692e-02,2.371650719766225934e-02,-1.521666562107313247e-03,-1.058088826917901988e-03,2.276969307476794729e-04,-3.288549272264171399e-05
1.715000000000000213e+01,2.322067645985465223e+00,-2.887920220549107686e+00,2.255339255675525845e+00,9.180982196638396431e-01,7.258398347764698499e-01,-1.592697347380466477e-01,9.434268813719637325e-01,4.877715776964606717e-04,-1.217751594232217892e-03,3.315780430980214688e-01,-2.943429372345251344e-02,2.375835927350534310e-02,-1.508422663080168612e-03,-1.055223028360124894e-03,2.273911819372773286e-04,-3.484778239410603898e-05
1.719999999999999929e+01,2.366313448741941716e+00,-2.851986368201716360e+00,2.247606123501330266e+00,9.055597687428156295e-01,7.410809792768822124e-01,-1.636747978434767437e-01,9.408006960979516942e-01,4.739776167638753697e-04,-1.177349378071888310e-03,3.389578726261868735e-01,-2.953863101288332557e-02,2.361032084643074555e-02,-1.506777186336346035e-03,-1.055424727030406049e-03,2.184093144583412586e-04,-3.164229094364789648e-05
1.725000000000000000e+01,2.406718327291380799e+00,-2.814323249957378259e+00,2.239385255211444825e+00,8.919867862885155763e-01,7.549003365537240162e-01,-1.679609958583584695e-01,9.381124596929145687e-01,4.827815143776459979e-04,-1.159904745318893638e-03,3.463285066405897838e-01,-2.941604992766063201e-02,2.343034107345414244e-02,-1.512854561328629086e-03,-1.054382481339664500e-03,2.128316122443825475e-04,-2.951172685096862671e-05
1.730000000000000071e+01,2.443615155223316737e+00,-2.775005398290406156e+00,2.230720780384330748e+00,8.774823670756906058e-01,7.675336397086416351e-01,-1.720590477824969766e-01,9.353799891267055022e-01,4.768961359106564093e-04,-1.159730783657518744e-03,3.536420556663325554e-01,-2.911673165007105935e-02,2.322617496275222390e-02,-1.511916528756083056e-03,-1.049033000244556108e-03,2.052016827895268385e-04,-2.521380897646835104e-05
1.735000000000000142e+01,2.483274106027232975e+00,-2.734277371771773435e+00,2.221771581090611569e+00,8.643693697230265816e-01,7.806301736188260287e-01,-1.764055890534556026e-01,9.325727071397352796e-01,5.263703116123065592e-04,-1.121249929836862398e-03,3.609800709609264913e-01,-2.896990021487907963e-02,2.325600541829611623e-02,-1.502040193667909460e-03,-1.053256445363805974e-03,1.988418145592034565e-04,-2.733529758903903157e-05
1.740000000000000213e+01,2.525092698988999906e+00,-2.691310117427801796e+00,2.212214219401074100e+00,8.533771674213631586e-01,7.929721812679213500e-01,-1.806393682099588227e-01,9.297268513632517273e-01,6.149642477207749531e-04,-1.036451227874467208e-03,3.682479184489714785e-01,-2.877826639834064545e-02,2.352768019172953723e-02,-1.484080497211309919e-03,-1.059930529278991238e-03,1.931744735992148353e-04,-2.831332821129337027e-05
1.744999999999999929e+01,2.563274773432374420e+00,-2.646928897488239674e+00,2.202009198816852642e+00,8.410793990771139317e-01,8.039834760206275854e-01,-1.850655009882340718e-01,9.268132406705377191e-01,6.901972446964697167e-04,-1.020556070951245033e-03,3.755205706893372519e-01,-2.840143045609794942e-02,2.381382733115374947e-02,-1.463642849571718339e-03,-1.061163377495589859e-03,1.933206720138085316e-04,-3.279120483133061287e-05
1.750000000000000000e+01,2.601688323950821502e+00,-2.603158216205973208e+00,2.192019697641228948e+00,8.287618563075458411e-01,8.150108071590485004e-01,-1.889019024547718417e-01,9.238283522885989418e-01,7.554052346766723094e-04,-1.000475563170810569e-03,3.828049162684709072e-01,-2.805310160138798498e-02,2.394038809950837024e-02,-1.460907064955342975e-03,-1.060631151861555913e-03,1.901677343588431687e-04,-4.164159559741986363e-05
1.755000000000000071e+01,2.634797979649562194e+00,-2.559050930210964303e+00,2.181569916005471121e+00,8.136724405129741600e-01,8.251714731361733390e-01,-1.928630567131447426e-01,9.207722657114568721e-01,7.975446746560120115e-04,-1.053534692484472393e-03,3.900983064353570895e-01,-2.767357648499200670e-02,2.407931284535855948e-02,-1.440904262220067070e-03,-1.059056200881507235e-03,1.953315064717969058e-04,-4.942291723244906018e-05
1.760000000000000142e+01,2.689148660395768609e+00,-2.521189512389213405e+00,2.173337852982219154e+00,8.056687532734810864e-01,8.416224013573151419e-01,-1.957432032564160873e-01,9.176806939948459751e-01,7.889594566812340544e-04,-9.783962934072603767e-04,3.973167051016187612e-01,-2.818355060065693557e-02,2.394445751616617116e-02,-1.493901193185236641e-03,-1.060846400969205159e-03,1.921343922054361789e-04,-5.066393835140876059e-05
1.765000000000000213e+01,2.739878452871159276e+00,-2.482200273692682035e+00,2.164974352395992341e+00,7.960790510886006643e-01,8.573912190321374416e-01,-1.985215035237933301e-01,9.145298558737809946e-01,8.119947997782480959e-04,-9.036194206441982213e-04,4.045165841493633674e-01,-2.865486370861837842e-02,2.376001034969135728e-02,-1.545923192348082169e-03,-1.067475433675836149e-03,1.875034447402559314e-04,-5.223603702084903211e-05
1.769999999999999929e+01,2.784909206926150294e+00,-2.440488130630646513e+00,2.155856003508033414e+00,7.847849072914693247e-01,8.713025868744807001e-01,-2.013132928228321683e-01,9.113148012709788581e-01,8.521036410557993697e-04,-8.800082050246289421e-04,4.117084314042891435e-01,-2.886055731028343632e-02,2.365845923119125338e-02,-1.585520642262791113e-03,-1.071931347803238392e-03,1.858234089558201624e-04,-5.736581919499146104e-05
1.775000000000000000e+01,2.824751193829805995e+00,-2.397411646479254976e+00,2.146262757291094392e+00,7.717473306116167109e-01,8.839126736660055661e-01,-2.040494293468184395e-01,9.080496412441340093e-01,8.166905845505795063e-04,-8.817073479628549475e-04,4.188608416228963849e-01,-2.886627422171727728e-02,2.351339656854950846e-02,-1.613057732749823047e-03,-1.066881141228739416e-03,1.830401460530678697e-04,-6.071861098552063765e-05
1.780000000000000071e+01,2.864845882921968290e+00,-2.354586718416679325e+00,2.136853319108830362e+00,7.584157588872896261e-01,8.965755247396169914e-01,-2.064190688650494876e-01,9.047206994771528343e-01,8.200006770516156005e-04,-8.695900060562455122e-04,4.260035532125082125e-01,-2.895174128060131261e-02,2.328180222062695148e-02,-1.656049882604207317e-03,-1.065721468025447984e-03,1.792641845125470023e-04,-6.506762250233347254e-05
1.785000000000000142e+01,2.908024421753674371e+00,-2.311553213015520747e+00,2.127926202001952927e+00,7.463031306850282931e-01,9.104756485173043368e-01,-2.081786275722815327e-01,9.013272966041523393e-01,8.363040589726757632e-04,-7.968127705956277139e-04,4.331371261865923361e-01,-2.920352875045122143e-02,2.303408024539927920e-02,-1.722029728924556269e-03,-1.069837226405631787e-03,1.704729111527581592e-04,-6.922154902748744760e-05
1.790000000000000213e+01,2.949675504456930053e+00,-2.267875938537340819e+00,2.118900793848360831e+00,7.336013851479835646e-01,9.238837713347308744e-01,-2.095832154899395783e-01,8.978801154460193112e-01,8.570790513216145585e-04,-7.438148853855136881e-04,4.402385835448309193e-01,-2.941230000964605365e-02,2.277140774555456298e-02,-1.800133387457393845e-03,-1.073118861576891070e-03,1.645101519774714422e-04,-7.357313232516027790e-05
1.794999999999999929e+01,2.988376963425843247e+00,-2.223460743477066348e+00,2.109703280346975074e+00,7.199118898140419720e-01,9.366518921508644180e-01,-2.109105963814927875e-01,8.944012712194984172e-01,8.192328783769470572e-04,-7.135307812531484174e-04,4.472641118760374290e-01,-2.952520790078556195e-02,2.244523384036637564e-02,-1.871186313375663253e-03,-1.068129909736948227e-03,1.549481723338931897e-04,-7.365911898437009356e-05
1.800000000000000000e+01,3.021125514008565105e+00,-2.177384856425266690e+00,2.100109934618252794e+00,7.050248106632233114e-01,9.472989363780169869e-01,-2.126144046955350253e-01,8.908388249327298114e-01,8.436276845368488684e-04,-6.390000526655036052e-04,4.543182452463647159e-01,-2.940363569298486135e-02,2.204392637951913675e-02,-1.906701151957411293e-03,-1.069738850036787035e-03,1.390014374686000343e-04,-7.910622784678401323e-05
1.805000000000000071e+01,3.060612620523400107e+00,-2.130505842416487106e+00,2.090635976079112002e+00,6.926988978669892383e-01,9.604064602492107250e-01,-2.137470257878986424e-01,8.872326854223999693e-01,7.885977733673401506e-04,-5.274925416878492633e-04,4.613212132379423402e-01,-2.947139535622212564e-02,2.176271593711138000e-02,-1.965221106231255198e-03,-1.064313674149808785e-03,1.199010960510714098e-04,-7.969259214957214214e-05
1.810000000000000142e+01,3.098806516528511246e+00,-2.083954188300262800e+00,2.081355028882267533e+00,6.795173343491729412e-01,9.733006984901361180e-01,-2.148290932658928898e-01,8.835724780851011984e-01,7.462653969640981738e-04,-4.258125947271184861e-04,4.682936447808627722e-01,-2.962807160526031644e-02,2.141024395318119611e-02,-2.029168076824128253e-03,-1.061958530183362706e-03,1.026619124843556246e-04,-8.125010543762371611e-05
1.815000000000000213e+01,3.131764006556919444e+00,-2.036874396874246873e+00,2.071798615352311579e+00,6.644384913270213744e-01,9.847307837988478196e-01,-2.158883146959766353e-01,8.798805776544152968e-01,6.962320472378198547e-04,-3.691853859587241921e-04,4.751942213765017464e-01,-2.964171073592248434e-02,2.101627463280248548e-02,-2.080813867656422771e-03,-1.055888997014876960e-03,8.670779092395936429e-05,-7.947334331017858757e-05
1.819999999999999929e+01,3.158126069625871502e+00,-1.989364242590959675e+00,2.062000767869093476e+00,6.471987689714684411e-01,9.939991350463193154e-01,-2.171146246938622515e-01,8.761327069137948564e-01,7.097716075260391243e-04,-3.305726266131220185e-04,4.820693589328303164e-01,-2.949103807754051981e-02,2.056592336117924608e-02,-2.111746478381174366e-03,-1.055792521313161317e-03,7.272385398508630200e-05,-7.715451719882497324e-05
1.825000000000000000e+01,3.186182886032815631e+00,-1.941604167619234600e+00,2.052448298734261822e+00,6.306144023702321411e-01,1.004080659249625418e+00,-2.180743551307684491e-01,8.723143188151624150e-01,7.157578468696361830e-04,-2.677259714271717377e-04,4.889449306451064681e-01,-2.947268636317227145e-02,2.012911691002005829e-02,-2.154492065071159871e-03,-1.059160772040524572e-03,5.787142193240016710e-05,-7.843458890463423359e-05
1.830000000000000071e+01,3.211556633564494501e+00,-1.892029614025620754e+00,2.042342401785953498e+00,6.138953987353702457e-01,1.012768354915763558e+00,-2.190705375124933352e-01,8.684164847912819729e-01,7.416395946062938815e-04,-2.152688792127147987e-04,4.958348642166810483e-01,-2.931641493279421237e-02,1.983675206252549089e-02,-2.179931985503459624e-03,-1.061758487033004957e-03,4.397678792909222518e-05,-8.434187587414473507e-05
1.835000000000000142e+01,3.241393171311057753e+00,-1.841240996603936253e+00,2.032125137988645136e+00,5.988117160413857221e-01,1.022899792616493109e+00,-2.197356754704802295e-01,8.644640601553866821e-01,7.194869787633192829e-04,-1.194983954242594847e-04,5.026940985910665072e-01,-2.927249861639619546e-02,1.966910706127603450e-02,-2.220913780286100630e-03,-1.058449430867843509e-03,2.944995251320088413e-05,-8.869071344874946653e-05
1.840000000000000213e+01,3.270768903494692292e+00,-1.789163186160022789e+00,2.021261202894483411e+00,5.839475389900253832e-01,1.032924204514218847e+00,-2.212325870594361588e-01,8.604762156376588589e-01,7.185821541207977744e-04,-1.734506534221871409e-05,5.094901035944956469e-01,-2.925341903891481160e-02,1.962154092593901278e-02,-2.209989805616524756e-03,-1.058678815971726131e-03,1.628614716274514462e-05,-9.199277095060154525e-05
1.844999999999999929e+01,3.299165703081638590e+00,-1.736169640504709122e+00,2.010293768345245091e+00,5.690566116277272490e-01,1.042787308851998995e+00,-2.222888103013050121e-01,8.564173770399042818e-01,6.652070465535236390e-04,8.663875251023040434e-05,5.162836684395527564e-01,-2.916767369360339854e-02,1.957640487169603344e-02,-2.206906083585916199e-03,-1.054291994820436267e-03,8.007391040834634381e-07,-9.742543569044148492e-05
1.850000000000000000e+01,3.329975265460068279e+00,-1.682028155356340315e+00,1.999123496543606660e+00,5.550007575399202864e-01,1.053447429414660519e+00,-2.233610617002855514e-01,8.522902532244164275e-01,6.196243732822581196e-04,2.015871252509864010e-04,5.230687332339096773e-01,-2.919260627004552355e-02,1.964742668426027600e-02,-2.205091793233522005e-03,-1.050217981552372358e-03,-1.277794668862516626e-05,-1.066700548919151306e-04
1.855000000000000071e+01,3.358657672809056027e+00,-1.628934631342762618e+00,1.988486288483047648e+00,5.399140422267445505e-01,1.063750947412526404e+00,-2.239296783971817806e-01,8.481389510418639865e-01,6.270587768720407634e-04,3.274681364849830675e-04,5.297733659665392336e-01,-2.928424178756819721e-02,1.957072396319210414e-02,-2.220753784241482308e-03,-1.055221867998843224e-03,-2.685173652543985421e-05,-1.082552023592712797e-04
1.860000000000000142e+01,3.372146314641479847e+00,-1.579843222788615664e+00,1.978592029982692457e+00,5.192895646481967553e-01,1.069143920795062597e+00,-2.233845566668314353e-01,8.439597561914423673e-01,6.042763552972386237e-04,2.837247345492044034e-04,5.364060815088160794e-01,-2.890316319817341426e-02,1.889582261425214182e-02,-2.265024319744527760e-03,-1.046153765631554870e-03,-4.043681428478532175e-05,-1.076497228459983072e-04
1.865000000000000213e+01,3.376911552524588522e+00,-1.530986572746566798e+00,1.968883547248016175e+00,4.979069919516841414e-01,1.070678780317301459e+00,-2.219999038733114494e-01,8.397280523818254627e-01,7.205103552244640453e-04,2.542990845119434901e-04,5.430066429058028055e-01,-2.819407890891990551e-02,1.814671274267685638e-02,-2.333413257775532150e-03,-1.047810377389843048e-03,-5.308432281705444833e-05,-1.052912380309378883e-04
1.869999999999999929e+01,3.373825338126313689e+00,-1.482189956241595441e+00,1.959088569127574120e+00,4.756556072200259222e-01,1.068846116487802478e+00,-2.204640760968568647e-01,8.354809609446398611e-01,8.761623405827244490e-04,2.113332323923248839e-04,5.495186544393546590e-01,-2.717088036769359921e-02,1.738441930453327525e-02,-2.396353138976366377e-03,-1.049776516581952873e-03,-6.419078924773951743e-05,-1.016629424373853780e-04
1.875000000000000000e+01,3.365513891415327752e+00,-1.432790224878075724e+00,1.949378717212282508e+00,4.541224710812902243e-01,1.064527459629746042e+00,-2.183994211672548869e-01,8.312296390863056494e-01,1.108746722036071638e-03,1.685491249753108230e-04,5.559280793199321558e-01,-2.590872374266943098e-02,1.669396484159329716e-02,-2.471885429489966649e-03,-1.057236814018077797e-03,-7.521421898583020361e-05,-9.816704618998529181e-05
1.880000000000000071e+01,3.349990618367752582e+00,-1.383790706321577968e+00,1.939733717216691522e+00,4.321850871916263492e-01,1.057174051266691617e+00,-2.163986160560781580e-01,8.270166595008779931e-01,1.384833253885572966e-03,1.313521309946259524e-04,5.621756930813402997e-01,-2.440748320378004557e-02,1.601489054027344788e-02,-2.527904877241114474e-03,-1.066097472832326035e-03,-8.773193024591880601e-05,-9.509064813946885221e-05
1.885000000000000142e+01,3.336134227326193802e+00,-1.335064855916509918e+00,1.930255008579960796e+00,4.100888576413443953e-01,1.050802921091490871e+00,-2.143135216655994157e-01,8.227626794230347151e-01,1.580295117858402081e-03,1.009961344717329228e-04,5.683828514441210400e-01,-2.303005977487708814e-02,1.549864840366941068e-02,-2.593979180001748479e-03,-1.066612130994121352e-03,-1.015525197821423825e-04,-8.778998069649445379e-05
1.890000000000000213e+01,3.326101623095084392e+00,-1.286063926155149639e+00,1.920936401223416246e+00,3.890768980322444337e-01,1.045986651795205669e+00,-2.119958943969051102e-01,8.184937732843077240e-01,1.710204301148418376e-03,7.093428283651823964e-05,5.745128486503954246e-01,-2.183520707062562918e-02,1.509321803926740556e-02,-2.672747454497516502e-03,-1.063388317695841386e-03,-1.147620643286155511e-04,-7.893428653779990291e-05
1.894999999999999929e+01,3.318993038751998359e+00,-1.237024714606894893e+00,1.911380847158307361e+00,3.688477375753362875e-01,1.042438455876728565e+00,-2.105800986105331729e-01,8.141545646127190672e-01,1.823741582027086717e-03,5.093985195358461922e-05,5.806453446743954361e-01,-2.079187594052456928e-02,1.468929130686433097e-02,-2.700054447291688840e-03,-1.060516676515242977e-03,-1.264343975851540654e-04,-7.284849690675935586e-05
1.900000000000000000e+01,3.322750859750839503e+00,-1.185025885296030701e+00,1.900711969741068819e+00,3.517385657588747438e-01,1.042743577059136895e+00,-2.105797118335327456e-01,8.098477192587676399e-01,1.852608254920839158e-03,7.881892087560209452e-05,5.866372245618273196e-01,-2.009673813848421656e-02,1.446074343907316484e-02,-2.645007155708144729e-03,-1.054197039959995155e-03,-1.409492702802974870e-04,-6.368727094869459427e-05
1.905000000000000071e+01,3.328704399878502418e+00,-1.131429961782788984e+00,1.889579823641724499e+00,3.354750984284416981e-01,1.044326025732896568e+00,-2.108060697048865506e-01,8.053918932060237790e-01,1.887194903838516642e-03,1.532822617455954133e-04,5.927396674409096677e-01,-1.950856023796194993e-02,1.447911101887237005e-02,-2.569183243343823014e-03,-1.050978837411759015e-03,-1.541518063179738373e-04,-6.085562592620714526e-05
1.910000000000000142e+01,3.332979809637712787e+00,-1.077806631855634523e+00,1.878184517417059274e+00,3.191605864706441587e-01,1.045041374107211096e+00,-2.111684832417712876e-01,8.008719995923604396e-01,1.925064170647951050e-03,1.891006870827207037e-04,5.988324462132986747e-01,-1.886662994303984348e-02,1.458756210370999382e-02,-2.483196608726624677e-03,-1.044370630713569240e-03,-1.628525489489475832e-04,-6.006611195603036749e-05
1.915000000000000213e+01,3.337913766240875546e+00,-1.025155767185496503e+00,1.866890633008619682e+00,3.018626946356531837e-01,1.045799763247761360e+00,-2.112500839108680806e-01,7.962107882139795034e-01,1.936290694719816846e-03,1.742583884137930967e-04,6.050161990757215724e-01,-1.835059966888475530e-02,1.471189924830151527e-02,-2.408102138306810955e-03,-1.037078627890790881e-03,-1.663045511141026083e-04,-5.848606265928090321e-05
1.920000000000000284e+01,3.344528722517063901e+00,-9.726437773277937238e-01,1.855986265589880002e+00,2.853520188147207204e-01,1.046858017813488750e+00,-2.109603622741310081e-01,7.915070679019375888e-01,2.037188666533042408e-03,2.060934825291441575e-04,6.111565829221599078e-01,-1.799657500600268523e-02,1.480866320048397286e-02,-2.354931668268114668e-03,-1.041962106418388434e-03,-1.700089873669585413e-04,-5.668192513181423582e-05
1.925000000000000000e+01,3.350423973192556915e+00,-9.213562824088831205e-01,1.845168829241124353e+00,2.677002821259119036e-01,1.047546663527479049e+00,-2.106255201104206276e-01,7.867224076831729196e-01,2.093491356159029627e-03,1.848755869346796043e-04,6.173033584585055911e-01,-1.770281960924222769e-02,1.479801042304244342e-02,-2.286515541200939781e-03,-1.043841975577841164e-03,-1.721088474243900456e-04,-5.530601092181270490e-05
1.930000000000000071e+01,3.355690001158865510e+00,-8.700854575452441342e-01,1.834536736790159495e+00,2.503745372263407321e-01,1.047942914206768661e+00,-2.097062507890854466e-01,7.818927187786831601e-01,2.194610544717990382e-03,1.879156600712800023e-04,6.234091150225032907e-01,-1.742268835667911894e-02,1.480491488699105067e-02,-2.242800664016385802e-03,-1.049536188005352824e-03,-1.724780447703905988e-04,-5.224578225271840338e-05
1.935000000000000142e+01,3.362241886686506920e+00,-8.186294838207450741e-01,1.824260443749653016e+00,2.330865114230005475e-01,1.049001147115729005e+00,-2.079031564610869798e-01,7.769806442021018889e-01,2.263479779554273662e-03,2.051425689650013967e-04,6.295203833960426598e-01,-1.722207408675591189e-02,1.479831795303307961e-02,-2.236972770194723369e-03,-1.052354937045739966e-03,-1.753801805707125619e-04,-5.172165167887566613e-05
1.940000000000000213e+01,3.366901632334932781e+00,-7.670952938058370751e-01,1.813999328301446390e+00,2.164293921280935895e-01,1.048951473917420829e+00,-2.060540067372219619e-01,7.720070532550213915e-01,2.346312361116766835e-03,2.348894010834110110e-04,6.356095887962767144e-01,-1.693881952175801259e-02,1.475989061313199430e-02,-2.223497924513961974e-03,-1.057227919841398356e-03,-1.782359894647274410e-04,-5.333159536001433473e-05
1.945000000000000284e+01,3.373657026841943907e+00,-7.141872295128928183e-01,1.803707950952081029e+00,2.001524006816448042e-01,1.050273653264226947e+00,-2.040551225491615550e-01,7.669658398530354582e-01,2.340419425521565299e-03,2.638328481871551998e-04,6.416836084299402110e-01,-1.670734342783818105e-02,1.477397450873946770e-02,-2.220166987254409714e-03,-1.053615903778920126e-03,-1.862045146709506412e-04,-6.044032290696583901e-05
1.950000000000000000e+01,3.380055153418500602e+00,-6.620061770880605323e-01,1.793935800815973147e+00,1.833523516045490465e-01,1.051558851801269290e+00,-2.016137775966703460e-01,7.618870394601567897e-01,2.333624259934946685e-03,2.967565041075747104e-04,6.477056470620186079e-01,-1.655418701641134596e-02,1.473289286041549150e-02,-2.236409871974032008e-03,-1.052018735102398708e-03,-1.942813728898632527e-04,-6.308470835285499075e-05
1.955000000000000071e+01,3.387543629083095365e+00,-6.106109519245247474e-01,1.784154376004529530e+00,1.657778974487138235e-01,1.053170893967195321e+00,-1.995607280506888070e-01,7.568078867826906198e-01,2.338167201923741986e-03,3.151421526145820225e-04,6.536331204606123935e-01,-1.656271702600716628e-02,1.463456446381297509e-02,-2.220627850034479194e-03,-1.052533752134561258e-03,-1.989276391348519509e-04,-5.612478845728182482e-05
1.960000000000000142e+01,3.396129319070294361e+00,-5.588933897548165053e-01,1.774460652841463038e+00,1.479374765117685842e-01,1.055411442162129454e+00,-1.974932103841238185e-01,7.516583955553107765e-01,2.364817277581947406e-03,3.207469824603459961e-04,6.595483008482644349e-01,-1.671624908693567294e-02,1.459959316770659613e-02,-2.206498839015162781e-03,-1.057931378188024752e-03,-1.971998555455471475e-04,-5.297381537044371200e-05
1.965000000000000213e+01,3.406260108612694903e+00,-5.050927923591381763e-01,1.764318694361935336e+00,1.311855571048056168e-01,1.058227687066361611e+00,-1.955144945200925632e-01,7.464247506579642089e-01,2.390257312668783891e-03,3.404934519956037404e-04,6.654654478929649120e-01,-1.688100075759520549e-02,1.465293653268362299e-02,-2.179301538592354551e-03,-1.061818341273747506e-03,-1.950165821543639448e-04,-5.601878523670457551e-05
1.970000000000000284e+01,3.414637742480787441e+00,-4.510292512597840475e-01,1.754269328178307497e+00,1.146389353065968980e-01,1.060413398542204844e+00,-1.934201187964958435e-01,7.411168418257522150e-01,2.399461818969273776e-03,3.691141610690837739e-04,6.713716802933666905e-01,-1.697589569829065920e-02,1.466105033040939268e-02,-2.148048361329051806e-03,-1.063691416800055262e-03,-1.961711527766832883e-04,-6.370204893363034886e-05
1.975000000000000000e+01,3.422670293321222523e+00,-3.962661075293441582e-01,1.744376706231290708e+00,9.871671917035797217e-02,1.062808839809877171e+00,-1.908846371166573741e-01,7.357648839753159198e-01,2.444578939689929804e-03,4.214539415606919541e-04,6.772325168796702322e-01,-1.710456278303341265e-02,1.477787003181473859e-02,-2.139851744604705057e-03,-1.071335476490669486e-03,-1.968825425535675872e-04,-7.306545981233941440e-05
1.980000000000000071e+01,3.430060346082308254e+00,-3.406959752719770917e-01,1.734051631632090418e+00,8.304036132717443341e-02,1.064894536243026435e+00,-1.884490510321200352e-01,7.303687582541743550e-01,2.479944141367101604e-03,4.453718737184191902e-04,6.830484085972275965e-01,-1.715140118906292865e-02,1.496040114291613543e-02,-2.118349028828322815e-03,-1.071458129946735189e-03,-1.927049448184365178e-04,-7.842906549388627873e-05
1.985000000000000142e+01,3.437739318093761209e+00,-2.863716739229285047e-01,1.724139833204073602e+00,6.580926833248708363e-02,1.067010325849052865e+00,-1.863870302303250459e-01,7.249757049148050081e-01,2.481563815348724732e-03,4.235531743020904630e-04,6.887698379916330493e-01,-1.733412818013810655e-02,1.489529844783034872e-02,-2.062206397028092716e-03,-1.071222801515246030e-03,-1.899280185564708012e-04,-8.063006043484071761e-05
1.990000000000000213e+01,3.442579234725845705e+00,-2.323394262394905541e-01,1.714398994105213125e+00,4.883976936944391806e-02,1.067917343305231581e+00,-1.841741981206740375e-01,7.195237321642111716e-01,2.504726558649087147e-03,4.077782586449234833e-04,6.944632163867591190e-01,-1.742629052803843989e-02,1.486957311339104013e-02,-2.014851183403045150e-03,-1.071586061478711901e-03,-1.874236841034049306e-04,-8.493444194387950619e-05
1.995000000000000284e+01,3.448294905126402909e+00,-1.769188139230081225e-01,1.704377080131893818e+00,3.247843940365312959e-02,1.069280317877759456e+00,-1.818954774559834731e-01,7.140245501580710918e-01,2.529382107094102407e-03,4.399118752178191407e-04,7.001159550212111560e-01,-1.755580026562278753e-02,1.487574391740454152e-02,-1.951848015982731365e-03,-1.074671367770440103e-03,-1.873674723305386103e-04,-8.905630804971573656e-05
2.000000000000000000e+01,3.452030215053776718e+00,-1.215383252886676479e-01,1.694986252621024203e+00,1.577461180056086154e-02,1.070482784949990496e+00,-1.784838005728960897e-01,7.084725428744536035e-01,2.480102205166781221e-03,4.607263541398338926e-04,7.057338682657110507e-01,-1.764141522398885581e-02,1.502534606507827109e-02,-1.947087270562194083e-03,-1.070161075808944220e-03,-1.893399958290252092e-04,-9.446608097903715572e-05
2.005000000000000071e+01,3.454569165006422971e+00,-6.786780042470956509e-02,1.686523082373554194e+00,-1.851993136567115167e-03,1.071288731083620771e+00,-1.750833610951296748e-01,7.029555648990283290e-01,2.453920332325377346e-03,4.870042770794045877e-04,7.112293686844803897e-01,-1.781539889125454551e-02,1.495473427101480859e-02,-1.939492739873518697e-03,-1.071276504501495613e-03,-1.949343030066040343e-04,-9.243415015097848641e-05
2.010000000000000142e+01,3.454921877720419587e+00,-1.486614180539943403e-02,1.678447233201479261e+00,-1.946835733656267914e-02,1.071132401106618337e+00,-1.711748148053981455e-01,6.973799261917494885e-01,2.451130329218093474e-03,5.251294035336663817e-04,7.166972545949990003e-01,-1.796408594911380260e-02,1.491438441518990951e-02,-1.940121049593618655e-03,-1.074764703708335064e-03,-1.986678770798406407e-04,-9.277264278467738524e-05
2.015000000000000213e+01,3.455960818020606506e+00,3.807790240422508077e-02,1.670756539012624442e+00,-3.758769891053404671e-02,1.071385737905336422e+00,-1.672550414781138750e-01,6.917776756847272557e-01,2.383379873289364573e-03,5.550935827171145712e-04,7.221064040678010221e-01,-1.819428340288084534e-02,1.473634771192791626e-02,-1.935214621270253330e-03,-1.075086788667065085e-03,-2.073528932929443922e-04,-9.193608375982708595e-05
2.020000000000000284e+01,3.451393472242699545e+00,8.720850276319500050e-02,1.664548465818488143e+00,-5.678194010544619641e-02,1.069100177672815732e+00,-1.626530804636965033e-01,6.862024462043745388e-01,2.339093567990837945e-03,6.033893560574389234e-04,7.274066038920032895e-01,-1.833983806770829450e-02,1.438200953734887315e-02,-1.951337637278741100e-03,-1.079261713286709624e-03,-2.220751145312607679e-04,-8.650016652945716384e-05
2.025000000000000000e+01,3.442331168811113340e+00,1.350350620794150969e-01,1.658742256724102582e+00,-7.525430244760684950e-02,1.065045076938885282e+00,-1.575443257647535233e-01,6.805742399764399542e-01,2.337319500865667546e-03,6.616723754720295293e-04,7.326751005784963855e-01,-1.832329125449376830e-02,1.417534545528519388e-02,-1.990224766776323932e-03,-1.085234558824098132e-03,-2.351041489424840285e-04,-7.899658462462609489e-05
2.030000000000000071e+01,3.434570998688067700e+00,1.855308111628842238e-01,1.652333272822345211e+00,-9.267881587055430692e-02,1.062234638364562445e+00,-1.523362265560779805e-01,6.748577275580123214e-01,2.330419211792328273e-03,7.151101047961273176e-04,7.379438361549414127e-01,-1.829904101332698735e-02,1.421197560350715566e-02,-2.033708162315150860e-03,-1.088181291240343605e-03,-2.449715660624236834e-04,-7.060508896259146334e-05
2.035000000000000142e+01,3.425371189530786342e+00,2.356171045501488093e-01,1.645776921495594403e+00,-1.101885389799680259e-01,1.058618064617254939e+00,-1.474140656480734946e-01,6.691148574509271363e-01,2.312643771950949854e-03,7.257617533778333227e-04,7.431550527898513892e-01,-1.817784604561448539e-02,1.418179354796036788e-02,-2.054009126178046613e-03,-1.084510189979896082e-03,-2.520608764432070948e-04,-5.965530914444675366e-05
2.040000000000000213e+01,3.421451201212881710e+00,2.911978416000203240e-01,1.637801447156792101e+00,-1.262856902567605355e-01,1.058073560361460386e+00,-1.432496440283154704e-01,6.632530719209663861e-01,2.266868821606850271e-03,7.667620071122695832e-04,7.483913655094982520e-01,-1.815438003788013427e-02,1.422516191050044940e-02,-2.036516258491433921e-03,-1.079566869334654946e-03,-2.590565151270648862e-04,-5.766012201796813763e-05
2.045000000000000284e+01,3.414131114298193381e+00,3.443314005634068309e-01,1.630260944446669580e+00,-1.424130486174154109e-01,1.055239075450998598e+00,-1.391157171374236001e-01,6.573406289525439705e-01,2.285213192563832416e-03,7.880272990129208238e-04,7.535897122054642239e-01,-1.804807375895652391e-02,1.412210053078291790e-02,-2.004604639574891854e-03,-1.079222221939528078e-03,-2.619643481845219057e-04,-5.629611069716741327e-05
2.050000000000000000e+01,3.411582852966716484e+00,3.998229335230057968e-01,1.622510505451951968e+00,-1.592803757765230144e-01,1.054927824387021928e+00,-1.357043441466183331e-01,6.514442405947274972e-01,2.255619512059781669e-03,8.391600209322231134e-04,7.586926975970145204e-01,-1.821077054136250456e-02,1.384886602673213521e-02,-1.933368885787538566e-03,-1.079414051886367926e-03,-2.695061689195621803e-04,-4.939992373379993357e-05
2.055000000000000071e+01,3.406513130427680558e+00,4.538390376134500137e-01,1.614919912025197135e+00,-1.763118390327814144e-01,1.052728459667612082e+00,-1.322936975156124573e-01,6.454657257956756267e-01,2.269418958225600039e-03,8.139493022282656438e-04,7.637854306329671106e-01,-1.830962256691458234e-02,1.352885147433306387e-02,-1.855596837359539068e-03,-1.078522600264557188e-03,-2.692300038812400244e-04,-4.964626528191438807e-05
2.060000000000000142e+01,3.401845453946790165e+00,5.091536771967112296e-01,1.607055012815236328e+00,-1.930539846210912736e-01,1.051112675129929341e+00,-1.288991734792609423e-01,6.394540387281891780e-01,2.259367994399690601e-03,8.013482497771629411e-04,7.688255884473773616e-01,-1.842685865613334292e-02,1.327165460178370351e-02,-1.770874683835252719e-03,-1.077487515354426904e-03,-2.691975854793462021e-04,-4.624623962118659199e-05
2.065000000000000213e+01,3.395681474263749777e+00,5.651981177626125286e-01,1.599091052143871927e+00,-2.090588845617398495e-01,1.049131971518329598e+00,-1.252845553380591559e-01,6.333704600424193698e-01,2.272569945584238405e-03,8.036746620407147742e-04,7.738449779371409099e-01,-1.846810268815875927e-02,1.312704022768433794e-02,-1.693832348634667943e-03,-1.076269379463656601e-03,-2.677753500142463091e-04,-4.713300188359681198e-05
2.070000000000000284e+01,3.392775982405126456e+00,6.251972615378976750e-01,1.590012537235107715e+00,-2.245423194429668201e-01,1.049350602322503656e+00,-1.221905057977533959e-01,6.272342008637961097e-01,2.287175872079888136e-03,7.875505476380675234e-04,7.788269421748456045e-01,-1.858340629036950645e-02,1.306398578865157478e-02,-1.595745461506603959e-03,-1.071455700431065599e-03,-2.588311378557191927e-04,-4.773377595230850917e-05
2.075000000000000000e+01,3.388776311231471716e+00,6.856689006566956124e-01,1.580823119504161767e+00,-2.401004130995940122e-01,1.048849252644403984e+00,-1.190149465369360754e-01,6.210329136855171628e-01,2.323952024952164689e-03,7.283907279487581137e-04,7.837807019908120676e-01,-1.865665277080101603e-02,1.305691051075038092e-02,-1.499926523191762000e-03,-1.064780013222203911e-03,-2.452781642458377745e-04,-5.130092213712327941e-05
2.080000000000000071e+01,3.383944263404498720e+00,7.482587567917808880e-01,1.571505623615055525e+00,-2.544810188625266090e-01,1.049397551116556748e+00,-1.157288915208441182e-01,6.146757137978121621e-01,2.351884257667480500e-03,7.906301328567787038e-04,7.887760204339262504e-01,-1.870959312664139534e-02,1.319938686843739363e-02,-1.403975481826241680e-03,-1.064392994779724466e-03,-2.403327594305375552e-04,-6.118784272286034861e-05
2.085000000000000142e+01,3.376726949968059444e+00,8.091689745262915512e-01,1.562877014445414048e+00,-2.691042301248074420e-01,1.048405928837976120e+00,-1.121798719451270882e-01,6.082385630898986539e-01,2.378261412107700833e-03,8.216114135915697156e-04,7.937502876835232923e-01,-1.874496023634113218e-02,1.333610836607031225e-02,-1.318966772436474351e-03,-1.063804158058183737e-03,-2.343073265246463561e-04,-7.768539017483800789e-05
2.090000000000000213e+01,3.365666911620611490e+00,8.653590541091731314e-01,1.555726479439115462e+00,-2.843557944931599524e-01,1.044698672442425202e+00,-1.080757446452337428e-01,6.018605839657944490e-01,2.425879479579778810e-03,8.275755972224968157e-04,7.985970621632252353e-01,-1.875132833423219167e-02,1.328784885580679836e-02,-1.252095726441118575e-03,-1.063987105432773368e-03,-2.298865383800331285e-04,-8.754008391317704449e-05
2.095000000000000284e+01,3.354173412683076005e+00,9.202830635549688054e-01,1.548916370144137966e+00,-3.004475894254679535e-01,1.040274522503764176e+00,-1.040141118792014957e-01,5.955118030413661945e-01,2.434961592157237984e-03,7.712462120228662319e-04,8.033424976806258222e-01,-1.878778304881858693e-02,1.310802023322264927e-02,-1.178285229233117567e-03,-1.058543423950698229e-03,-2.247252341403665468e-04,-9.187623222093173293e-05
2.100000000000000000e+01,3.343818277733009214e+00,9.747990269938004992e-01,1.542869064160283576e+00,-3.173721606165574860e-01,1.036099326107154273e+00,-9.965530392158171435e-02,5.891517111860440359e-01,2.479391256028350924e-03,7.606117424344540972e-04,8.080182765849626136e-01,-1.903908175609712525e-02,1.276603199642785229e-02,-1.105658042058407136e-03,-1.063073993211688124e-03,-2.235679396606380731e-04,-9.659509127406529759e-05
2.105000000000000071e+01,3.330654091788507021e+00,1.026558020737117216e+00,1.537608124685725386e+00,-3.346079457509836264e-01,1.030203693289401201e+00,-9.510869749409414653e-02,5.827907998478151219e-01,2.509653994210224708e-03,7.175713519579001798e-04,8.126180347130673720e-01,-1.924286894059589609e-02,1.238159833323499402e-02,-1.043144428304383685e-03,-1.065256702180640558e-03,-2.222263622028718718e-04,-9.924470338537190700e-05
2.110000000000000142e+01,3.319032548367692126e+00,1.081290466233461256e+00,1.531599646206510457e+00,-3.517128478437601125e-01,1.025662474262159840e+00,-9.096006557072294774e-02,5.764020851913531640e-01,2.483748323513316428e-03,6.423550148453980755e-04,8.171621959937699353e-01,-1.946912965495949804e-02,1.205322693149934836e-02,-9.622839933159787074e-04,-1.060401564786358185e-03,-2.194922576331715834e-04,-9.826802525177541741e-05
2.115000000000000213e+01,3.304594370678977544e+00,1.133610197492573413e+00,1.526584457470968159e+00,-3.690960408856476249e-01,1.019840210166111705e+00,-8.587964886580351509e-02,5.700167999957218568e-01,2.488973939920219574e-03,5.475280987940914310e-04,8.216290847726515079e-01,-1.966086479593347897e-02,1.192283655741155704e-02,-9.286694000067303436e-04,-1.054696220232667321e-03,-2.119624746365535585e-04,-9.631712866501923771e-05
2.120000000000000284e+01,3.291700656801494596e+00,1.186649884001829580e+00,1.521378624365422816e+00,-3.869824941611189062e-01,1.013872190912858517e+00,-8.165225562103559098e-02,5.636007778201641560e-01,2.519448303463524795e-03,4.777345857765805657e-04,8.260433326348066707e-01,-2.000789446553737777e-02,1.146309880532837139e-02,-8.424165019929754196e-04,-1.057055413488645337e-03,-2.067943687161777604e-04,-9.423154574086571947e-05
2.125000000000000000e+01,3.277301305765276229e+00,1.240988406619496498e+00,1.515995872549829482e+00,-4.038572181339815104e-01,1.008342303521297945e+00,-7.726832401506668335e-02,5.571063432979679320e-01,2.548850797266199314e-03,4.448895028329567119e-04,8.304371304861737357e-01,-2.025317258085143624e-02,1.116423413946269691e-02,-7.645107238917149464e-04,-1.057839690225886517e-03,-2.023439561816276204e-04,-9.401439954730073307e-05
2.130000000000000071e+01,3.262691059913528591e+00,1.296949020768465743e+00,1.510355395150187352e+00,-4.202923748366027557e-01,1.003584719970633143e+00,-7.307946099725265432e-02,5.505689004968299383e-01,2.587543216969842574e-03,4.293412160645938098e-04,8.347856048662628536e-01,-2.048199464252667065e-02,1.087871970568446249e-02,-6.778650339049051851e-04,-1.059469825081088903e-03,-1.973217860656719758e-04,-9.237067768685605250e-05
2.135000000000000142e+01,3.247378625435842103e+00,1.352699413308016796e+00,1.504920382121886835e+00,-4.368104609565794938e-01,9.982146230848690793e-01,-6.868260406745568813e-02,5.439760377352084175e-01,2.650194163158149131e-03,3.918570081593097747e-04,8.390964743632794987e-01,-2.073711234677647064e-02,1.064945777210546569e-02,-5.996223679458302300e-04,-1.061305985697972047e-03,-1.876685744532706707e-04,-9.484663203626272909e-05
2.140000000000000213e+01,3.233129741459235262e+00,1.411920778722541625e+00,1.499144131471186858e+00,-4.533884081408777744e-01,9.951583932206824468e-01,-6.421917783186358031e-02,5.373235518851030568e-01,2.639176323257334984e-03,3.968364873927870116e-04,8.433719688599532471e-01,-2.104965889313385741e-02,1.056825697528962840e-02,-5.265440133715705530e-04,-1.060449913058954165e-03,-1.822361947284911797e-04,-9.684147628301091810e-05
2.145000000000000284e+01,3.215116835105859661e+00,1.468183475129194449e+00,1.494576883215855911e+00,-4.694097899771028093e-01,9.906139887217351170e-01,-5.890284394859920947e-02,5.305919520799984301e-01,2.618034407899561770e-03,4.055394121426633756e-04,8.476232428511861761e-01,-2.126786005945774383e-02,1.070041236646420736e-02,-5.018454036224282355e-04,-1.058559258674753208e-03,-1.790605778486420202e-04,-1.020068093032999794e-04
2.150000000000000000e+01,3.190156122542366024e+00,1.518393670620901359e+00,1.491237637936852600e+00,-4.837443400674498739e-01,9.820390538837359129e-01,-5.280812975143242549e-02,5.237395764928821640e-01,2.628829661168195775e-03,4.081948898809382130e-04,8.518742739668810904e-01,-2.115571222170586907e-02,1.094715590277628783e-02,-5.057472811989913598e-04,-1.053790900967425644e-03,-1.763629501742554958e-04,-1.125713177669908653e-04
2.155000000000000071e+01,3.167270860629176177e+00,1.572161920230951138e+00,1.487395527815468244e+00,-4.982099353906875860e-01,9.758107051470661375e-01,-4.721296648766839382e-02,5.168943485578517683e-01,2.619895257848905978e-03,4.319754736495066841e-04,8.560450817421837444e-01,-2.115391699877710793e-02,1.119618453524155038e-02,-4.863430158339907233e-04,-1.050593469410182222e-03,-1.744773919852439905e-04,-1.199053164822355715e-04
2.160000000000000142e+01,3.147600600472135746e+00,1.631398889563233867e+00,1.482607548789527829e+00,-5.128133936884665678e-01,9.721223450068803285e-01,-4.225875075579511170e-02,5.100049014508696299e-01,2.638293569025276005e-03,4.658156442840186173e-04,8.601673226291023377e-01,-2.132165540380884933e-02,1.136692418923530672e-02,-4.325829892350711772e-04,-1.050062761420823138e-03,-1.675879812349129769e-04,-1.290091766047659109e-04
2.165000000000000213e+01,3.128595561814750070e+00,1.693245356836587945e+00,1.477227765848411867e+00,-5.280285812972821402e-01,9.691767587147431806e-01,-3.806740331001787214e-02,5.029916558935119131e-01,2.623675896788483109e-03,4.773963781390712108e-04,8.642871528138027504e-01,-2.153234765348312207e-02,1.135651385307114014e-02,-3.376697056477870242e-04,-1.045973197015395706e-03,-1.608542568133512535e-04,-1.460198835117143090e-04
2.170000000000000284e+01,3.109461349783197104e+00,1.755879382783395837e+00,1.471964793860996323e+00,-5.434347227098961230e-01,9.666341147045578452e-01,-3.370810982555930146e-02,4.959234031922192254e-01,2.652011352624636213e-03,4.996539101314961774e-04,8.683620761802092192e-01,-2.183475458042580947e-02,1.149458260008964089e-02,-2.556787683211862012e-04,-1.047191499753633492e-03,-1.482606335883908930e-04,-1.644830032241470681e-04
2.175000000000000000e+01,3.085579758009912688e+00,1.814888437097936347e+00,1.467842568649060375e+00,-5.575034478365036295e-01,9.624392703421001949e-01,-2.873411248485685521e-02,4.887661419966524701e-01,2.673386878198178059e-03,5.772428021161073132e-04,8.724105560062045406e-01,-2.194989096433960091e-02,1.175330326538117157e-02,-2.007928059487289901e-04,-1.050275969066823351e-03,-1.421152234080611790e-04,-1.846065336530508408e-04
2.180000000000000071e+01,3.057199297082569878e+00,1.867338060086083162e+00,1.465601173944021118e+00,-5.707073544106014973e-01,9.549816704865307093e-01,-2.258291976466648976e-02,4.816806599128590216e-01,2.702330282454727759e-03,6.501468261861679740e-04,8.763424083005807441e-01,-2.188678555144975627e-02,1.200246970865763256e-02,-1.914344357666658992e-04,-1.052439517352049938e-03,-1.409473759250965438e-04,-2.004219154737957266e-04
2.185000000000000142e+01,3.029544885194702442e+00,1.920925379030437252e+00,1.463389738388550354e+00,-5.845197412848799345e-01,9.481064354821779894e-01,-1.695807856882753512e-02,4.746065790392847150e-01,2.671018906535478892e-03,6.858960311239053944e-04,8.801937231866985289e-01,-2.188664668519175668e-02,1.215826318274142691e-02,-1.693645453496603684e-04,-1.050329996132362163e-03,-1.412636123319325337e-04,-2.150782020695984973e-04
2.190000000000000213e+01,3.000075587989632364e+00,1.971165149864714694e+00,1.462251243165911152e+00,-5.980688522174227861e-01,9.395681978611182261e-01,-1.078041467694409485e-02,4.675078590247708221e-01,2.653423825128647072e-03,7.168547033994801055e-04,8.839846419544931111e-01,-2.186756359847565404e-02,1.235312390108066725e-02,-1.732545512398646998e-04,-1.048350430022817461e-03,-1.414135641404791867e-04,-2.312637839039556620e-04
2.195000000000000284e+01,2.968331923988277943e+00,2.017792813351176218e+00,1.462252431604053715e+00,-6.111063117277217849e-01,9.294830028480230988e-01,-3.856961085903439640e-03,4.604267877608864690e-01,2.646310568820349138e-03,7.365605254836263749e-04,8.876934311073598760e-01,-2.177978101631347987e-02,1.263493374272358326e-02,-2.101160376430908933e-04,-1.046265259607947118e-03,-1.418365907089212327e-04,-2.460795456228382109e-04
2.200000000000000000e+01,2.933348482951854130e+00,2.058566905480711196e+00,1.463766635978708042e+00,-6.231061761577629809e-01,9.169614444232525585e-01,4.074752222090428574e-03,4.533305347201130875e-01,2.646361934450352452e-03,7.513205923301772941e-04,8.913382402748440958e-01,-2.156917815890496692e-02,1.309944838549822327e-02,-2.897690433815539339e-04,-1.042583226872678117e-03,-1.424952319090440215e-04,-2.602625028757369653e-04
2.205000000000000071e+01,2.895765885060276545e+00,2.093571923363546361e+00,1.466805329117902623e+00,-6.348140224932429243e-01,9.019742491197264567e-01,1.236002549733136550e-02,4.462321249987569738e-01,2.617771208280916893e-03,7.439633276787307667e-04,8.949131155657301662e-01,-2.126939038245064667e-02,1.355426054183994471e-02,-3.904634674025067457e-04,-1.036842779935175964e-03,-1.477721316348674561e-04,-2.716839753073598245e-04
2.210000000000000142e+01,2.855398114742897953e+00,2.122751489507595402e+00,1.471246316690815403e+00,-6.457762557887750665e-01,8.846318563766428777e-01,2.106422521173083318e-02,4.391194970382283347e-01,2.581756603132846772e-03,7.349257208966688453e-04,8.984246555710279081e-01,-2.086545993780961755e-02,1.402375488135646463e-02,-5.051451803851341599e-04,-1.031652195477351626e-03,-1.564231234867969223e-04,-2.788977567208602453e-04
2.215000000000000213e+01,2.816100607362078456e+00,2.152821533804976539e+00,1.475605976226029847e+00,-6.569484185186771352e-01,8.672852871902013705e-01,2.900799084733833577e-02,4.319470534533818018e-01,2.535134236856929554e-03,7.564133765696347917e-04,9.018950847776843194e-01,-2.056141923349906475e-02,1.419424262538601482e-02,-5.753537637586512857e-04,-1.029717773499063934e-03,-1.692556129372897007e-04,-2.849629984752591111e-04
2.220000000000000284e+01,2.781703546380466463e+00,2.191246868756591137e+00,1.478306002430644917e+00,-6.701357336025078881e-01,8.531414319215784303e-01,3.569563512565973595e-02,4.246964762051319009e-01,2.519952922861899095e-03,7.420607948791632571e-04,9.053319845680849465e-01,-2.058798402525973195e-02,1.399469465355164186e-02,-5.763255768470239597e-04,-1.030662593651515864e-03,-1.763925750486648150e-04,-2.929487152925110550e-04
2.225000000000000000e+01,2.745329341178050608e+00,2.226861173968671004e+00,1.481547068980886284e+00,-6.824663228749296984e-01,8.380416427313550631e-01,4.241847761860419869e-02,4.174910383483981802e-01,2.467522445730559004e-03,6.925788459847973064e-04,9.086774260243831725e-01,-2.045372776382502894e-02,1.399808125772317516e-02,-5.976420121418018951e-04,-1.022778538433579852e-03,-1.828902899708435663e-04,-2.987717961724919514e-04
2.230000000000000071e+01,2.708886399032062631e+00,2.261824482212036802e+00,1.485354268929731436e+00,-6.949224643867679685e-01,8.232438809638766841e-01,4.940924856494759154e-02,4.102228760055147139e-01,2.441449607146222670e-03,6.942187510763304968e-04,9.119817703144650345e-01,-2.042684842718007349e-02,1.406112699447512222e-02,-6.266657618726041669e-04,-1.021692791210028310e-03,-1.879496567162658666e-04,-3.054567066285122250e-04
2.235000000000000142e+01,2.674218128649428650e+00,2.300506771850167276e+00,1.488707520387466232e+00,-7.087974625729810407e-01,8.098549949792706037e-01,5.574732342212525282e-02,4.029205976900692709e-01,2.396937363131772074e-03,6.519360298299071944e-04,9.152315672155147963e-01,-2.055450390396813473e-02,1.395104503468473124e-02,-6.285292682758770576e-04,-1.019304515578147840e-03,-1.947734750209908312e-04,-3.117039456711595785e-04
2.240000000000000213e+01,2.639901688900650800e+00,2.341977870848273025e+00,1.491767143472213730e+00,-7.229341362653467495e-01,7.975399157471657619e-01,6.142240853658678668e-02,3.955953024438569887e-01,2.296687118475287687e-03,6.470725821169228623e-04,9.184218329339228770e-01,-2.072666363540752801e-02,1.362451827392913324e-02,-6.006253948778448627e-04,-1.017420209551712354e-03,-2.080930244804972884e-04,-3.171175868782052194e-04
2.245000000000000284e+01,2.604286608376122469e+00,2.381551678728542232e+00,1.495281418039035692e+00,-7.366602607150852799e-01,7.844224421581976747e-01,6.727028713445991348e-02,3.882868728210094322e-01,2.215219951274992414e-03,6.585095713887490800e-04,9.215356550674493885e-01,-2.086730695398431729e-02,1.329570386188213584e-02,-5.719492854378460840e-04,-1.017472554689926971e-03,-2.213348774958198814e-04,-3.194918089042264597e-04
2.250000000000000000e+01,2.568642650889498835e+00,2.422554650124317366e+00,1.498493286974598826e+00,-7.502410733045666857e-01,7.716994071190044213e-01,7.267248234677715912e-02,3.809688433894504178e-01,2.157750796557979245e-03,6.656744919178380574e-04,9.245851185020637075e-01,-2.102820198562550813e-02,1.292738396047455642e-02,-5.294696317096331392e-04,-1.018278726322264767e-03,-2.311256979042908570e-04,-3.236341933650613745e-04
2.255000000000000071e+01,2.531628116188710642e+00,2.463020336089927209e+00,1.501855491709224832e+00,-7.625818814427767212e-01,7.591580641901189974e-01,7.802567866307472122e-02,3.736506511458624891e-01,2.144164538380900677e-03,7.064587450704459641e-04,9.275667600624478704e-01,-2.111130863337023350e-02,1.265282183259206460e-02,-4.921194767197517366e-04,-1.023120803292837822e-03,-2.376195754526341417e-04,-3.263597144794121272e-04
2.260000000000000142e+01,2.493200169997042970e+00,2.498969990672827546e+00,1.506016410753276968e+00,-7.741506099204397140e-01,7.443323246373775293e-01,8.336922532533259933e-02,3.662792360667180280e-01,2.142024290312896304e-03,7.640852697431815268e-04,9.305022026475926467e-01,-2.116653545340596923e-02,1.224308334172508929e-02,-4.466460548016379243e-04,-1.031204747673907570e-03,-2.459500879796274234e-04,-3.316596209966330669e-04
2.265000000000000213e+01,2.454431990454955415e+00,2.534961166197260862e+00,1.510274532591040719e+00,-7.856152871960085937e-01,7.296375839122586360e-01,8.869968832631720812e-02,3.589100186097576861e-01,2.130569833972429002e-03,8.271476351521338775e-04,9.333693668856481995e-01,-2.123401229906629606e-02,1.180858541466144919e-02,-3.958722670327313969e-04,-1.039087529725808094e-03,-2.551651753818998266e-04,-3.324362469090065054e-04
2.270000000000000284e+01,2.414972036672231592e+00,2.572092390951994823e+00,1.514559368447246035e+00,-7.969956864525374884e-01,7.160543595997528321e-01,9.421503720451418484e-02,3.515029895671057392e-01,2.113512594895824992e-03,8.615843585642639834e-04,9.361839771446056613e-01,-2.125328772002440733e-02,1.158145269975371233e-02,-3.635127108457573367e-04,-1.040513528087730300e-03,-2.626148882221903953e-04,-3.352207148179523399e-04
2.275000000000000000e+01,2.374671197649442345e+00,2.606583001698341118e+00,1.519263082410024612e+00,-8.077789597365876428e-01,7.010286292205666347e-01,9.947541938328421929e-02,3.440463408309621940e-01,2.092500196419682344e-03,8.636920133612158851e-04,9.389499405398880061e-01,-2.123946530543101979e-02,1.130250057169835884e-02,-3.271700343934557482e-04,-1.040117029422490610e-03,-2.691790266251161529e-04,-3.418912311726386320e-04
2.280000000000000071e+01,2.335759699946646339e+00,2.646292074187328591e+00,1.523773962013219130e+00,-8.208300102973052903e-01,6.889121383520760977e-01,1.047523149606387483e-01,3.366410620103780227e-01,2.018785495577363805e-03,8.938139008741658766e-04,9.416304588161740208e-01,-2.144398805153622037e-02,1.116546823578621478e-02,-3.011093106781609656e-04,-1.040451042448053932e-03,-2.757857444002066944e-04,-3.442820991085808338e-04
2.285000000000000142e+01,2.295798434536954868e+00,2.682645206988457431e+00,1.528957532169039624e+00,-8.330532766933749222e-01,6.753962655342646837e-01,1.100808663189166703e-01,3.291951572896626987e-01,1.959322057043880790e-03,9.267162802604213788e-04,9.442594191592937891e-01,-2.161753298655232428e-02,1.099201275926061511e-02,-2.765088777838751164e-04,-1.043118014546366495e-03,-2.836059983928861388e-04,-3.459403056706756045e-04
2.290000000000000213e+01,2.255475735985356334e+00,2.717937488644636357e+00,1.534366803594885420e+00,-8.456818964886270162e-01,6.611780458435025931e-01,1.150643081482851521e-01,3.217300352477874825e-01,1.871614947599762506e-03,9.052283708761520555e-04,9.468291620131595865e-01,-2.181896408057497697e-02,1.077652200339511597e-02,-2.484803941161233963e-04,-1.041418300972006767e-03,-2.913280815549534235e-04,-3.471830520225923289e-04
2.295000000000000284e+01,2.215713158402161209e+00,2.759501411113883584e+00,1.538928904831022182e+00,-8.595779728396831798e-01,6.493922546288376507e-01,1.194454353137380936e-01,3.142867801111000059e-01,1.822446462827207684e-03,9.191202603909154768e-04,9.493258943872932010e-01,-2.217092435238395692e-02,1.052523058683684475e-02,-1.985191807912929077e-04,-1.044041971492292321e-03,-2.940853797413521607e-04,-3.449088907973753694e-04
2.300000000000000000e+01,2.174800489003724024e+00,2.800056622699140352e+00,1.543702098732190553e+00,-8.729456794996672819e-01,6.372928805627838811e-01,1.239622527803246332e-01,3.068142759939715414e-01,1.768928709595005925e-03,9.242276241202430215e-04,9.517673122884678927e-01,-2.247719176841390942e-02,1.022808846399748429e-02,-1.440877392086073753e-04,-1.044983259676884142e-03,-2.989976360852251384e-04,-3.452147670327659077e-04
2.305000000000000071e+01,2.132775947834601116e+00,2.840114927882484430e+00,1.548597060738219566e+00,-8.859867705279450556e-01,6.248712693808400331e-01,1.283751315949141214e-01,2.993076543209260421e-01,1.689386852257565271e-03,9.175352467904350148e-04,9.541547212931660304e-01,-2.273817075910824700e-02,9.926226658394552219e-03,-8.746418052143440443e-05,-1.042174255401753444e-03,-3.039342741319691395e-04,-3.449435179215486463e-04
2.310000000000000142e+01,2.089914109115567964e+00,2.880570862012802102e+00,1.553756400591258968e+00,-8.993106522837879258e-01,6.131984344159497891e-01,1.326896693521363024e-01,2.917971266086237248e-01,1.623253510862326682e-03,9.320202364014008260e-04,9.564784018937746435e-01,-2.303632663221037713e-02,9.737798590185480982e-03,-3.903576567481340285e-05,-1.041920345677626496e-03,-3.081500928504787525e-04,-3.419431089909702091e-04
2.315000000000000213e+01,2.046299008353882343e+00,2.918880865770316468e+00,1.558799634276041512e+00,-9.119125548533871806e-01,5.995170103076830070e-01,1.364347744216020397e-01,2.842602485539452162e-01,1.581985299240594054e-03,9.115062937843851354e-04,9.587454185396865336e-01,-2.329273051974068559e-02,9.355648290458356414e-03,3.152812271434747977e-05,-1.039658120595567331e-03,-3.104380920766730122e-04,-3.389876726088604931e-04
2.320000000000000284e+01,2.002886325387914557e+00,2.959729191054549791e+00,1.563224824508577138e+00,-9.251886774343286435e-01,5.860573107697136797e-01,1.396423545848876069e-01,2.767484455836111135e-01,1.589314481635448846e-03,8.192435743577695592e-04,9.609407373956520004e-01,-2.365636947089624562e-02,8.916605874051341044e-03,1.251086919077660760e-04,-1.035293797381374101e-03,-3.043420739044562116e-04,-3.335645821330091216e-04
2.325000000000000000e+01,1.958740899432150018e+00,3.002293306520056770e+00,1.567735741636893776e+00,-9.392271083838745760e-01,5.738958148598292119e-01,1.426719638870072027e-01,2.692396459908990569e-01,1.567569426972163565e-03,7.585374354684383189e-04,9.630716382355707372e-01,-2.410075227628769717e-02,8.654172434742141498e-03,2.093179956560967830e-04,-1.034211743856682571e-03,-2.963348341034904724e-04,-3.278857507657194858e-04
2.330000000000000071e+01,1.912978746939795860e+00,3.045642165125804102e+00,1.572164146088623093e+00,-9.530929336023193921e-01,5.621073023343083896e-01,1.454609805437114545e-01,2.616726864669020047e-01,1.551440943403760778e-03,7.198255529490935230e-04,9.651551585311901604e-01,-2.450269076469091881e-02,8.400059964200507281e-03,3.008810328092413481e-04,-1.032979421011096270e-03,-2.899922509770031616e-04,-3.256954216989656550e-04
2.335000000000000142e+01,1.866106731996184598e+00,3.086254824674817154e+00,1.576915812223993463e+00,-9.656456536842397131e-01,5.489879755146391815e-01,1.484071697526415379e-01,2.540044357608972070e-01,1.560575937119835534e-03,6.810121981082935955e-04,9.672015547128317570e-01,-2.484632438323894701e-02,8.154562503491986566e-03,3.880811863502381647e-04,-1.032948044187809991e-03,-2.816744906093594401e-04,-3.286491529502022849e-04
2.340000000000000213e+01,1.817579879764145590e+00,3.123494827985238587e+00,1.582286611087252437e+00,-9.767555118195604402e-01,5.355789824558436774e-01,1.516091919966899570e-01,2.463251253400730312e-01,1.619954644228160240e-03,7.197895439745788989e-04,9.691856325163721309e-01,-2.508069034575803949e-02,8.003930880808068221e-03,4.552693736365597964e-04,-1.037004128577778423e-03,-2.728724639624031229e-04,-3.297684747913029847e-04
2.345000000000000284e+01,1.768269136882416159e+00,3.158303944704766053e+00,1.588186862928188336e+00,-9.871851124852181192e-01,5.216280952192355880e-01,1.550453084355817301e-01,2.386490761766854041e-01,1.627153121545101564e-03,7.052618284004419889e-04,9.711042546598624980e-01,-2.524397619712598351e-02,7.934475134698602827e-03,5.063493937144211048e-04,-1.035524645923238413e-03,-2.674658414778073438e-04,-3.321119293877294334e-04
2.350000000000000000e+01,1.717627819863835503e+00,3.188189884390572715e+00,1.595331565263897078e+00,-9.963097929548764276e-01,5.075737233918760083e-01,1.592780488772631009e-01,2.309313622815197253e-01,1.623085504080244799e-03,7.447729925752336923e-04,9.729684048423348219e-01,-2.530078051510338891e-02,8.048150583832553925e-03,5.195391961832927698e-04,-1.037550763991561785e-03,-2.665748866629628856e-04,-3.344365675994245141e-04
2.355000000000000071e+01,1.666747072925830020e+00,3.220485909079313203e+00,1.602760980416008785e+00,-1.007005670581303303e+00,4.946448688138307404e-01,1.636754452402487403e-01,2.232022661287206000e-01,1.582120869570013445e-03,7.642359886903144503e-04,9.747705685092833416e-01,-2.545229550496479198e-02,8.310390874243940226e-03,5.114107771448303790e-04,-1.034608057015861662e-03,-2.631871481914084846e-04,-3.391847743356936253e-04
2.360000000000000142e+01,1.615738168383645146e+00,3.252298741523550252e+00,1.610603446556296170e+00,-1.017961870404271219e+00,4.814515970856014793e-01,1.678453374967725509e-01,2.154443321225102681e-01,1.507635923567621477e-03,8.074004795432206723e-04,9.765146260526121891e-01,-2.567856155342084293e-02,8.522368826895427782e-03,5.112570250170336795e-04,-1.035365123086746421e-03,-2.638412597102360747e-04,-3.470840398218637962e-04
2.365000000000000213e+01,1.563837146793508381e+00,3.282494400306363858e+00,1.618651613721485027e+00,-1.028407293902646291e+00,4.680400133362016546e-01,1.718673459405738735e-01,2.077782671599656128e-01,1.440274212820631628e-03,8.285739873031269321e-04,9.781745400343138108e-01,-2.583515741120993858e-02,8.773037355957883851e-03,5.089592339100880393e-04,-1.032239349948437532e-03,-2.620550227146877399e-04,-3.459210014847936355e-04
2.370000000000000284e+01,1.511425163400204719e+00,3.314822467822953644e+00,1.626235562946835911e+00,-1.039418979914098928e+00,4.544495386894942812e-01,1.752242940957728090e-01,2.000655138024651225e-01,1.370958432543371158e-03,7.825959362398028857e-04,9.797812501796165918e-01,-2.605247609720774682e-02,8.897475070852547963e-03,5.341361946487368497e-04,-1.025550334134194127e-03,-2.595603867724774233e-04,-3.489851213647117444e-04
2.375000000000000000e+01,1.457576283297358444e+00,3.342690947950079927e+00,1.634714317092710312e+00,-1.048789853871809230e+00,4.408290668839537907e-01,1.791569645979909642e-01,1.922741023831840423e-01,1.320306834757950087e-03,7.966385439428959455e-04,9.813400489685689676e-01,-2.611507977119056564e-02,9.161516589631294935e-03,5.320289056327749721e-04,-1.022870336228305557e-03,-2.584213958060164865e-04,-3.548388207262727573e-04
2.380000000000000071e+01,1.402964394347956834e+00,3.370111662074537495e+00,1.643518448824517586e+00,-1.058024338614404813e+00,4.272191431524386407e-01,1.830203910435947712e-01,1.844445075067654150e-01,1.281908392178165382e-03,8.010341862218789020e-04,9.828417668707885024e-01,-2.616527966763443694e-02,9.456965892414488997e-03,5.231517827451834680e-04,-1.018656548423754271e-03,-2.572484096559932783e-04,-3.638884792364060756e-04
2.385000000000000142e+01,1.348358472543997877e+00,3.396995659092096886e+00,1.652171084942648083e+00,-1.066871743446181187e+00,4.132111178920275796e-01,1.863913675397216030e-01,1.766412320115858525e-01,1.286500779387383508e-03,8.382275604541177764e-04,9.842741068644094149e-01,-2.626748593733486958e-02,9.705845748812946816e-03,5.294183635881528904e-04,-1.019254002718751693e-03,-2.494751463289777223e-04,-3.709157903054689982e-04
2.390000000000000213e+01,1.293558840532927023e+00,3.421384921737848028e+00,1.660859182955712221e+00,-1.073970701474753486e+00,3.977578605387495081e-01,1.893791061894409822e-01,1.687968273819811238e-01,1.308350748308108845e-03,8.876742916079556362e-04,9.856495986497680883e-01,-2.630758622455849072e-02,9.735445808721134020e-03,5.600157302877269627e-04,-1.021962373952721393e-03,-2.464161143928357599e-04,-3.805473821423308685e-04
2.395000000000000284e+01,1.239683934224668160e+00,3.440127739297076825e+00,1.669924598564906049e+00,-1.078923088368812122e+00,3.797073164070246531e-01,1.925022135431530279e-01,1.609395235631749521e-01,1.356943783727313510e-03,8.383722090947307764e-04,9.869629808614227562e-01,-2.622257334703223530e-02,9.647663013271655374e-03,5.843952531814298459e-04,-1.016969302003954776e-03,-2.440532289230068692e-04,-3.898317528067914476e-04
2.400000000000000000e+01,1.184630152659119862e+00,3.461567825183312852e+00,1.679096937747722063e+00,-1.085790597056406348e+00,3.633810905483880749e-01,1.955063055345757084e-01,1.530642042751255150e-01,1.335707159848244664e-03,7.685883775644722620e-04,9.882150446779848219e-01,-2.623839060382780405e-02,9.769518954416616524e-03,5.952672718115501740e-04,-1.008911653405512561e-03,-2.401044319603731411e-04,-3.998872832465119403e-04
2.405000000000000071e+01,1.128185885746364248e+00,3.487253132744621009e+00,1.688641283484563216e+00,-1.096664726089681574e+00,3.491494578059081144e-01,1.984723961436349049e-01,1.452352626075323616e-01,1.203492269896824741e-03,7.156175081097495769e-04,9.893961582668792110e-01,-2.647433375726079841e-02,1.014527783399233295e-02,5.871657866819946728e-04,-9.985391846090234912e-04,-2.398153733741606030e-04,-4.050564026435115694e-04
2.410000000000000142e+01,1.071959425151680412e+00,3.507729216356906043e+00,1.698467260631115083e+00,-1.104611710956969528e+00,3.336747012620691066e-01,2.015278013976255223e-01,1.373477459767256104e-01,1.127955532928153360e-03,6.945195107432425080e-04,9.905220048207297179e-01,-2.659611317781010453e-02,1.045171293243884331e-02,5.810898784433904223e-04,-9.938722384181029965e-04,-2.389941442704517278e-04,-4.138555160866695215e-04
2.415000000000000213e+01,1.016304404650766990e+00,3.523567463102794228e+00,1.708337027723592305e+00,-1.109124868840271283e+00,3.158460409002865066e-01,2.042111889779228973e-01,1.294812761066196916e-01,1.124209003890408324e-03,7.145187570314124161e-04,9.915809723642656781e-01,-2.654139886793517589e-02,1.041303359265988333e-02,5.982585694047210228e-04,-9.926967028046598980e-04,-2.399956169222376690e-04,-4.204591900670687265e-04
2.420000000000000284e+01,9.609576855355319580e-01,3.536060243481021992e+00,1.718505472699794367e+00,-1.112264934914968029e+00,2.974220808633363244e-01,2.072755659096705005e-01,1.216322366483866685e-01,1.152269305253182359e-03,6.658125021392942303e-04,9.925743438035616872e-01,-2.634893219139421497e-02,1.046590565596994954e-02,5.923526724022003080e-04,-9.838112463396227626e-04,-2.381051401741069524e-04,-4.269536435564518797e-04
2.425000000000000000e+01,9.057730030801079968e-01,3.547624392862609888e+00,1.728673275156122235e+00,-1.114989108519560457e+00,2.783858221917137610e-01,2.098488436116610345e-01,1.137686104596065395e-01,1.180269052552683625e-03,6.041497409320555154e-04,9.935063891300067729e-01,-2.618165055030742192e-02,1.039235178562777050e-02,6.091561710353306670e-04,-9.752312284369713934e-04,-2.379665363002032125e-04,-4.322695830084131844e-04
2.430000000000000071e+01,8.498033547950595290e-01,3.562442628454220106e+00,1.738963757914679498e+00,-1.120140217517728631e+00,2.602935297882048582e-01,2.118714324475076682e-01,1.058898642876227036e-01,1.158099745720831764e-03,5.753356218137412915e-04,9.943770232839505008e-01,-2.624671768418650186e-02,1.042379318333361629e-02,6.288974361182199943e-04,-9.714578548264791395e-04,-2.367332882404471473e-04,-4.396990343764770265e-04
2.435000000000000142e+01,7.936530876244763943e-01,3.577868879926330070e+00,1.748804111784256099e+00,-1.125376069042713700e+00,2.415705649332577643e-01,2.132790568445926682e-01,9.798322761459249408e-02,1.190072670987876507e-03,4.949850200869744879e-04,9.951872315414294068e-01,-2.638692355560846164e-02,1.038322092476378841e-02,6.642432870033281294e-04,-9.658602215530099049e-04,-2.290450725093686130e-04,-4.471407546657234179e-04
2.440000000000000213e+01,7.364259451080458208e-01,3.592303062659186086e+00,1.758985868140903630e+00,-1.130504335985847542e+00,2.235799960552110610e-01,2.150080970295322469e-01,9.007958165266113926e-02,1.195614265562046537e-03,4.279069365599998337e-04,9.959337610360757820e-01,-2.645874519707207967e-02,1.045962000302696170e-02,6.833970377976513778e-04,-9.593709876194073420e-04,-2.236785230532224202e-04,-4.548160329081875992e-04
2.445000000000000284e+01,6.784640909755489391e-01,3.606592504829057244e+00,1.769638660519417428e+00,-1.135804943601955275e+00,2.066959017594897918e-01,2.166309871044633517e-01,8.217821076723150209e-02,1.200752211055144524e-03,5.229310767317893504e-04,9.966167901517178906e-01,-2.660674763761505454e-02,1.052748622996409374e-02,7.012795137243785400e-04,-9.661032616434830867e-04,-2.220330189721864860e-04,-4.611027951514965850e-04
2.450000000000000000e+01,6.191810885843299639e-01,3.622551981136489907e+00,1.780224303011369802e+00,-1.141986188145904579e+00,1.908897019224370106e-01,2.181065611396747483e-01,7.427114262379579113e-02,1.187321346678644205e-03,5.968949378045794842e-04,9.972371991446211670e-01,-2.679554858834949649e-02,1.066153449765250977e-02,7.229644021112919487e-04,-9.721759051220524306e-04,-2.184485776441081033e-04,-4.690830689368393315e-04
2.455000000000000071e+01,5.609989735937489508e-01,3.633788324952400561e+00,1.790861485833867617e+00,-1.145190633571001371e+00,1.739412522929034144e-01,2.195809612224459695e-01,6.636121711730415262e-02,1.207421177615713341e-03,6.748572313826871599e-04,9.977947061217187219e-01,-2.681750522198758646e-02,1.071383176106899607e-02,7.393784310075036210e-04,-9.772950194220579156e-04,-2.163827075906826238e-04,-4.770763580740246387e-04
2.460000000000000142e+01,5.032976465531339150e-01,3.642843497906164796e+00,1.801519101574716730e+00,-1.147896811309865317e+00,1.561763787694632477e-01,2.207654969939183420e-01,5.845402160110382134e-02,1.243760431593808006e-03,7.148210337345979387e-04,9.982890710858935979e-01,-2.686866763758387691e-02,1.079397190787034951e-02,7.572110968524526373e-04,-9.802603099586569904e-04,-2.120860857025730784e-04,-4.824749723939824350e-04
2.465000000000000213e+01,4.457996879611464958e-01,3.650290511623274892e+00,1.811949705120642129e+00,-1.149109204598975253e+00,1.380260432145715421e-01,2.217365148009200482e-01,5.053766018575225893e-02,1.286424692749459130e-03,7.662122965364172224e-04,9.987210335890477353e-01,-2.683007454590899746e-02,1.078949607567309538e-02,7.867266880421825434e-04,-9.823469861743520763e-04,-2.090812836769826604e-04,-4.884122714518284889e-04
2.470000000000000284e+01,3.892181088932531452e-01,3.655104567504196655e+00,1.822169373639528356e+00,-1.148696035694966477e+00,1.188240345182248470e-01,2.224355916807386202e-01,4.265276717255959277e-02,1.372341724614989768e-03,7.757159323935332133e-04,9.990887129757328733e-01,-2.673615516367981032e-02,1.072700065504699450e-02,8.261662666430374339e-04,-9.832129023383917414e-04,-2.031472020326873310e-04,-4.912318284613525392e-04
2.475000000000000000e+01,3.321814173420888916e-01,3.659166751407757268e+00,1.832447500336826574e+00,-1.147886103715488382e+00,1.002403253969246233e-01,2.229707506973391540e-01,3.471276901201408166e-02,1.437643457793325334e-03,7.824170954806808570e-04,9.993959899220606902e-01,-2.658873871842792891e-02,1.065539588426965383e-02,8.661685932456194637e-04,-9.815882091959667911e-04,-1.998606045742049356e-04,-4.990471635647736716e-04
2.480000000000000071e+01,2.742262243592131776e-01,3.663364435020838972e+00,1.843059927360462424e+00,-1.148023776940750640e+00,8.225571048486426950e-02,2.233992497731162874e-01,2.675392651731625313e-02,1.449151362013929986e-03,8.046823078389953206e-04,9.996406753742164142e-01,-2.647748315506111977e-02,1.062889547957636578e-02,8.977851829987719629e-04,-9.795213182081498413e-04,-2.002859653709026264e-04,-5.077697021690376865e-04
2.485000000000000142e+01,2.173704869332494516e-01,3.665378202248185779e+00,1.853548642163352911e+00,-1.146930046152841109e+00,6.286284721773656436e-02,2.236116072127673771e-01,1.881222208588927830e-02,1.503248262204630835e-03,7.804775682532463397e-04,9.998215997864912108e-01,-2.639114675903014851e-02,1.049676202098587773e-02,9.298852202471142529e-04,-9.772460195822190668e-04,-1.967234584205498047e-04,-5.116686994494740962e-04
2.490000000000000213e+01,1.638979149262027313e-01,3.661863836196252109e+00,1.863965758190787358e+00,-1.143158413254477201e+00,4.029472509549120174e-02,2.237825927734548581e-01,1.083879584000063678e-02,1.542612510128863476e-03,6.948756065517391368e-04,9.999398271892533385e-01,-2.628847293215708786e-02,1.014788013307839874e-02,9.711714646015903295e-04,-9.717649588742492770e-04,-1.977913113821950977e-04,-5.120874511959746167e-04
2.495000000000000284e+01,1.104215690203185218e-01,3.657944908035217768e+00,1.874354873480311046e+00,-1.139483133815271776e+00,1.846433576752327596e-02,2.236233188823831264e-01,2.942928227184767997e-03,1.630068428032815714e-03,6.465958996011146554e-04,9.999941319648392168e-01,-2.623759329857863407e-02,9.929431998492539366e-03,1.010333252737546364e-03,-9.711593126140339195e-04,-1.937910239563502381e-04,-5.073721340285199111e-04
