timestamp,p_x,p_y,p_z,q_w,q_x,q_y,q_z,v_x,v_y,v_z,ba_x,ba_y,ba_z,bg_x,bg_y,bg_z
0.000000000000000000e+00,0.000000000000000000e+00,0.000000000000000000e+00,1.500000000000000000e+00,9.999500004166652634e-01,9.999833334166664464e-03,0.000000000000000000e+00,0.000000000000000000e+00,5.999999999999999778e-01,0.000000000000000000e+00,5.000000000000000278e-02,0.000000000000000000e+00,0.000000000000000000e+00,0.000000000000000000e+00,0.000000000000000000e+00,0.000000000000000000e+00,0.000000000000000000e+00
5.000000000000000278e-02,3.001617932026847194e-02,2.486499106471027327e-05,1.502523870013747986e+00,9.999490519372294939e-01,1.009362414100729334e-02,-3.454231538343732484e-05,1.053013035161503506e-04,6.007617004256329274e-01,1.606244355001940115e-03,5.111587080935572902e-02,0.000000000000000000e+00,0.000000000000000000e+00,0.000000000000000000e+00,0.000000000000000000e+00,0.000000000000000000e+00,0.000000000000000000e+00
1.000000000000000056e-01,6.004470900052557431e-02,1.739680473488261253e-04,1.505098580344905956e+00,9.999495744807427311e-01,1.004075059501307286e-02,8.754101604917265936e-05,1.554343614264301285e-04,6.001319801736244575e-01,4.598414818492014070e-03,5.139659006279642672e-02,0.000000000000000000e+00,0.000000000000000000e+00,0.000000000000000000e+00,0.000000000000000000e+00,0.000000000000000000e+00,0.000000000000000000e+00
1.500000000000000222e-01,9.010884213997576164e-02,4.325101399061087701e-04,1.507734906140376641e+00,9.999491245476088697e-01,1.007430851120264328e-02,2.692561638575272629e-04,4.290986014754392692e-04,6.020733970294057658e-01,6.497611146647004794e-03,5.373361287796538793e-02,0.000000000000000000e+00,0.000000000000000000e+00,0.000000000000000000e+00,0.000000000000000000e+00,0.000000000000000000e+00,0.000000000000000000e+00
2.000000000000000111e-01,1.202143875554930602e-01,-4.233315446889814732e-03,1.508829899206947101e+00,9.999392463835831135e-01,1.094827339103398786e-02,9.417730580533776132e-05,1.276707571072969267e-03,6.011750731433627148e-01,-2.011752211698355011e-02,4.721006374653385906e-02,4.794197440379429904e-06,2.360887587981168084e-04,3.477311748399298011e-05,-6.283759366174971293e-04,-6.784447180163623477e-04,2.073383376326742161e-03
2.500000000000000000e-01,1.502594472863099384e-01,-5.170875997841796294e-03,1.511216229617765805e+00,9.999383508379002805e-01,1.100224913904680572e-02,3.046652048806881776e-04,1.467043481120720860e-03,6.019707844367114813e-01,-1.754759896151886558e-02,4.809333129733914941e-02,4.794197440379429904e-06,2.360887587981168084e-04,3.477311748399298011e-05,-6.283759366174971293e-04,-6.784447180163623477e-04,2.073383376326742161e-03
3.000000000000000444e-01,1.803035796700786231e-01,-6.062370918871886651e-03,1.513577337347558505e+00,9.999392195786395154e-01,1.090722463957614907e-02,3.391169480598621531e-04,1.573085763276969732e-03,6.007009103780784898e-01,-1.725219474238925271e-02,4.721604215569794732e-02,4.794197440379429904e-06,2.360887587981168084e-04,3.477311748399298011e-05,-6.283759366174971293e-04,-6.784447180163623477e-04,2.073383376326742161e-03
3.500000000000000333e-01,2.104009356541026443e-01,-6.916502389518620203e-03,1.516046141604721953e+00,9.999380456885171853e-01,1.099829553449602378e-02,2.247708264929297638e-04,1.700516992045719667e-03,6.025070864321039332e-01,-1.741139771587735252e-02,5.115195827562041969e-02,4.794197440379429904e-06,2.360887587981168084e-04,3.477311748399298011e-05,-6.283759366174971293e-04,-6.784447180163623477e-04,2.073383376326742161e-03
4.000000000000000222e-01,2.404927653191150094e-01,-7.827033392781717475e-03,1.518644059364665067e+00,9.999352438022520717e-01,1.122418099828867075e-02,2.732019925290461357e-04,1.857773861311475330e-03,6.007324019442564778e-01,-1.791271015898264832e-02,5.282550313300797551e-02,4.794197440379429904e-06,2.360887587981168084e-04,3.477311748399298011e-05,-6.283759366174971293e-04,-6.784447180163623477e-04,2.073383376326742161e-03
4.500000000000000111e-01,2.704603836622586632e-01,-8.681710793346149660e-03,1.521341492833487186e+00,9.999340284121588374e-01,1.131403132037774040e-02,3.022421882637820433e-04,1.959634754984819049e-03,5.978255855485982151e-01,-1.683873689317075262e-02,5.489447249553637553e-02,4.794197440379429904e-06,2.360887587981168084e-04,3.477311748399298011e-05,-6.283759366174971293e-04,-6.784447180163623477e-04,2.073383376326742161e-03
5.000000000000000000e-01,3.003058475421016005e-01,-9.555813656030316683e-03,1.524106263960638197e+00,9.999306111543653230e-01,1.159485973358655511e-02,3.507096191185270001e-04,2.051610825450498905e-03,5.967327450054306093e-01,-1.858845604474345867e-02,5.476016589468803153e-02,4.794197440379429904e-06,2.360887587981168084e-04,3.477311748399298011e-05,-6.283759366174971293e-04,-6.784447180163623477e-04,2.073383376326742161e-03
5.500000000000000444e-01,3.415857768984748022e-01,-9.878198054804094783e-03,1.524790667856190218e+00,9.999271920092893673e-01,1.066701036456436935e-02,3.699845504050633914e-03,4.258722055513800529e-03,6.312948642404215827e-01,-1.559386663678977505e-02,4.776791977573070086e-02,-6.709137612107853553e-04,6.115358762829399466e-04,2.098402630429316296e-02,3.086604499476927003e-03,-6.971325508310128802e-03,-5.263371158184797054e-03
6.000000000000000888e-01,3.775933932330198806e-01,-1.357328279750721726e-02,1.531936820814470357e+00,9.999291922450818104e-01,9.987972342345843857e-03,3.497826578190869201e-03,5.442068891114665123e-03,6.374566583089047445e-01,-1.688394112751046353e-02,5.856328262384757899e-02,8.100882268429723983e-04,-7.943138541643263422e-05,1.730899328096495438e-02,3.622464794631024762e-03,-8.080945933333492925e-03,-6.179626342158590219e-03
6.500000000000000222e-01,4.065060187821448179e-01,-1.477084612401713057e-02,1.537274864588738188e+00,9.999178857426651579e-01,9.801559067329898220e-03,5.137042501361003578e-03,6.462352985345924845e-03,6.432641385426870473e-01,-1.504749183866879551e-02,6.636770004164642411e-02,2.210561196210074006e-03,-2.476273869346167183e-04,6.594761926823832290e-03,4.060064343790846866e-03,-8.626245274441075167e-03,-6.167277281645898099e-03
7.000000000000000666e-01,4.352816008882489651e-01,-1.711364387079831323e-02,1.542392195054354209e+00,9.998899653369123230e-01,1.050551677220481171e-02,8.064302668916488795e-03,6.682690952091640581e-03,6.586134341670929482e-01,-2.161619319896260910e-02,7.639539114167817613e-02,2.572011673991270696e-03,8.654673123392747506e-05,-9.015056546640727933e-03,4.590751681465769785e-03,-9.110484186201981208e-03,-6.119872498275866907e-03
7.500000000000000000e-01,4.479283775329259698e-01,-1.815159324688603651e-02,1.548232612857561641e+00,9.998743043221433036e-01,1.032062572857187811e-02,1.027251593479898244e-02,6.271814510162644456e-03,6.517795818219520587e-01,-1.800159756134098871e-02,8.620458411782394581e-02,2.978900197312300650e-03,-2.126706898710366343e-04,-3.209614766282860299e-02,4.993887038828701344e-03,-9.705255176725567645e-03,-6.128582360854308714e-03
8.000000000000000444e-01,4.443256514241210597e-01,-1.937398236584557398e-02,1.553351910916965339e+00,9.998839978650269078e-01,1.005355667060550164e-02,1.045997729760172849e-02,4.637422415014857968e-03,6.127771019105445749e-01,-1.531741641999564627e-02,9.298119255854088439e-02,2.538906303241461083e-03,-1.683004909333485235e-04,-4.207597782617274185e-02,5.073642507477348074e-03,-1.020726493696191145e-02,-6.122459386825660280e-03
8.500000000000000888e-01,4.567572344077070468e-01,-1.916998756113576577e-02,1.558764899521983383e+00,9.998972681079940639e-01,9.598739205399661051e-03,1.008592791384202089e-02,3.404628313575879493e-03,5.919284443366277237e-01,-1.086490545739083463e-02,9.504885623376156667e-02,1.717049333587533470e-03,1.545596703463862783e-04,-3.781494580745917850e-02,5.096177977646867453e-03,-1.056077807172084958e-02,-5.875546476107316486e-03
9.000000000000000222e-01,4.834209444327768335e-01,-1.847137683451594015e-02,1.563294393322978371e+00,9.999055685469201427e-01,9.150712600210601788e-03,9.832917988395332640e-03,2.903820173857422915e-03,5.897879624689106315e-01,-5.277808177699694521e-03,9.154246434456589365e-02,1.559785161596432147e-03,4.154815568998992850e-04,-2.538573259769940499e-02,5.262730372607670598e-03,-1.070147733464934039e-02,-5.642017832433587378e-03
9.500000000000000666e-01,5.130995588508628913e-01,-1.620458384611951630e-02,1.567485234096539060e+00,9.999145560346687223e-01,8.709764703638812194e-03,9.303905817431316547e-03,2.908258127984764217e-03,5.899029889822333672e-01,1.551711472413447659e-03,8.742127185709658299e-02,1.972939595925356313e-03,8.443689565801753855e-04,-1.069580240411709821e-02,5.352395368019608086e-03,-1.082104226257992602e-02,-5.263315028888071803e-03
1.000000000000000000e+00,5.331627485994111515e-01,-1.208981995196945977e-02,1.571590077774051908e+00,9.999209818270318184e-01,8.247978855891320918e-03,8.938855845912693082e-03,3.177704049096751783e-03,5.789620923346228132e-01,1.017403854477141531e-02,8.536474318129631811e-02,2.429799485541725597e-03,1.432480801955727167e-03,-2.612922323239584566e-05,5.293557801134344577e-03,-1.094744329712817044e-02,-4.689297077540005923e-03
1.050000000000000044e+00,5.453481156393426010e-01,-6.439856756541129969e-03,1.575411175811583631e+00,9.999284280031457417e-01,7.803623356426992071e-03,8.153711866066504221e-03,3.969800558455476198e-03,5.561965339083742021e-01,2.058755430467731906e-02,8.312327026533801455e-02,3.418667417879633040e-03,1.958186296990774202e-03,9.597761003607714614e-03,5.078223355808492677e-03,-1.095952235432240060e-02,-4.080126171379605711e-03
1.100000000000000089e+00,5.516814012914761367e-01,-9.524906347904357751e-05,1.578036002139046934e+00,9.999285767160641658e-01,7.574514638056350883e-03,7.420381793719046416e-03,5.514175243800512397e-03,5.289558704110399745e-01,2.652020091918478803e-02,7.921766385448598957e-02,5.153040830470599631e-03,2.573192527589266733e-03,1.733990073593353817e-02,4.875588938454150471e-03,-1.101956713956502715e-02,-3.642464892910719093e-03
1.150000000000000133e+00,5.616118774305238759e-01,5.831040332276146709e-03,1.580808791689082282e+00,9.999182792948243526e-01,7.641479603229894488e-03,7.000786529799729423e-03,7.485419795526094752e-03,5.091704039947561045e-01,3.120031955101847110e-02,7.650612558387392959e-02,6.675212388151923609e-03,2.986205274972641467e-03,2.183961979411286683e-02,4.702487808380262889e-03,-1.101715546208848623e-02,-3.315634891849725176e-03
1.200000000000000178e+00,5.657983502342773807e-01,1.086014607889784940e-02,1.583650445123245820e+00,9.999146617825450667e-01,7.718027067259074746e-03,6.437175238182125774e-03,8.346495398690789366e-03,4.834299573827912089e-01,3.780848265483839621e-02,7.398969803218352626e-02,8.683536875176575687e-03,3.161967637129078999e-03,2.668974952871919562e-02,4.338466903946786371e-03,-1.119009652483663256e-02,-3.176333432024823402e-03
1.250000000000000000e+00,5.689743045301682844e-01,1.601902375094245781e-02,1.585734250198699291e+00,9.999005048830706954e-01,7.733652729147880676e-03,6.535891993444857030e-03,9.821052178626037826e-03,4.662608279818026835e-01,4.020179369820671422e-02,7.138495961566151959e-02,9.786632624540648334e-03,3.435444511004236926e-03,2.971615857200763516e-02,3.998437238248719015e-03,-1.130656606940979095e-02,-3.085316810176740639e-03
1.300000000000000044e+00,5.763923696502395444e-01,2.008326263870300124e-02,1.587762924799636099e+00,9.998951496035034525e-01,7.565232180887115042e-03,6.718603189091303454e-03,1.035941275478455791e-02,4.551360107683415923e-01,4.469172094696922948e-02,6.879965955010097778e-02,1.126250281799869718e-02,3.569155785945818046e-03,3.338947920187732010e-02,3.723406699191771172e-03,-1.145794912454917158e-02,-3.061198727736472863e-03
1.350000000000000089e+00,5.874156735598412560e-01,2.220590499421436215e-02,1.590508779321430533e+00,9.998954792483987219e-01,7.666311341263422341e-03,6.616764634262163429e-03,1.031875354917026651e-02,4.431906223352243268e-01,4.273029164624227855e-02,6.371963164012095504e-02,1.228584760220317526e-02,3.839640584262401114e-03,3.721869597692679943e-02,3.499440863037085302e-03,-1.161090039935922316e-02,-2.966276713347374989e-03
1.400000000000000133e+00,6.028285144231306791e-01,2.329293192486913550e-02,1.593272229008573238e+00,9.998987644900075855e-01,7.736607335670318310e-03,6.844271819641184647e-03,9.785786710773508937e-03,4.356929019230157962e-01,4.104197543636545903e-02,5.974641367266794040e-02,1.366807663616413475e-02,4.049120966609965483e-03,3.999654680744003238e-02,3.263936516103246779e-03,-1.172713284809561232e-02,-2.830607853778675971e-03
1.450000000000000178e+00,6.103943046571551623e-01,2.528902680284905030e-02,1.594816096402196459e+00,9.999003222023447046e-01,7.909872916288682165e-03,7.176552829691883011e-03,9.234536240559350004e-03,4.269274578076805438e-01,4.092133593738608160e-02,5.552843376383774510e-02,1.416790810101964219e-02,4.540403841370088331e-03,4.341157041182056031e-02,3.099646210768039045e-03,-1.190639554324131148e-02,-2.688845989936472242e-03
1.500000000000000000e+00,6.179100533955634855e-01,2.792316954892238440e-02,1.596381174264374092e+00,9.998972007313629007e-01,8.084268793642157558e-03,7.390041000083199911e-03,9.253100111522442536e-03,4.172040975783134487e-01,4.096638234604871309e-02,5.337906064714829923e-02,1.477728815127841815e-02,4.918340465310068466e-03,4.583761670845856034e-02,2.961663285575687459e-03,-1.202510359669273221e-02,-2.607717996616670548e-03
1.550000000000000044e+00,6.258146345603777805e-01,3.175439423675691791e-02,1.597506400382081138e+00,9.998901570955448515e-01,7.871710012005993934e-03,7.671848030597809218e-03,9.942468140716014674e-03,4.075007046475933592e-01,4.310045924689818314e-02,5.053276349053256733e-02,1.461503914793430350e-02,5.330099930891995900e-03,4.744608775097472475e-02,3.006716191784230413e-03,-1.205013258059241948e-02,-2.521725343069347505e-03
1.600000000000000089e+00,6.380746116399045320e-01,3.461461380079718791e-02,1.599414751170311844e+00,9.998885701901166767e-01,7.821849399547178838e-03,7.638087911376044946e-03,1.016491456890080726e-02,3.988591743259008449e-01,4.710686551258337629e-02,4.821804441296539956e-02,1.481939930259018601e-02,5.478490193363165679e-03,4.863972327193830103e-02,3.063495650034399418e-03,-1.203544289927134005e-02,-2.456213906369491672e-03
1.650000000000000133e+00,6.427318767141015909e-01,3.664491048421965325e-02,1.600449125330334788e+00,9.998897592589763850e-01,7.875227722775718017e-03,7.309378593389973498e-03,1.024807796217946931e-02,3.810330268280345267e-01,4.915422480068339789e-02,4.530105008621543305e-02,1.513956143705007598e-02,5.551265223475741924e-03,5.093444556528677059e-02,3.110165596272351611e-03,-1.203301218287789777e-02,-2.409742037716589708e-03
1.700000000000000178e+00,6.588928162196491245e-01,4.034779072606618083e-02,1.602859026099615392e+00,9.998829505637620851e-01,7.819001883486035101e-03,7.155437698188459907e-03,1.103395182147287774e-02,3.728012266647507400e-01,5.179718381790494874e-02,4.438411110315378105e-02,1.559144845818876031e-02,5.561222477395939834e-03,5.108759160069246269e-02,3.187462613116514003e-03,-1.197641473952196570e-02,-2.346045112648205162e-03
1.750000000000000000e+00,6.613548904899615444e-01,4.102932043060412287e-02,1.604052725783856159e+00,9.998911263981624664e-01,7.834426131759102130e-03,6.681677694446757493e-03,1.056940398448931277e-02,3.514335035093980042e-01,5.355650062631225200e-02,4.095318702699538016e-02,1.646908279200596029e-02,5.363503601955614195e-03,5.282621046719813973e-02,3.310359857293084743e-03,-1.198798623858968182e-02,-2.314604865768849027e-03
1.800000000000000044e+00,6.618052773667791877e-01,4.325675604916274369e-02,1.604735554144415044e+00,9.998914773936685707e-01,7.624414706559916842e-03,6.365707295209837441e-03,1.088023467213990354e-02,3.328435197710594151e-01,5.380332153698141884e-02,3.620332013569535490e-02,1.721220375313805770e-02,5.426539208379464047e-03,5.439789039247189262e-02,3.363806706039169838e-03,-1.202712846395878436e-02,-2.193351157166548507e-03
1.850000000000000089e+00,6.696654575803362430e-01,4.593259393983752104e-02,1.605779166158728843e+00,9.998858695548958897e-01,7.565869128485874957e-03,6.418160448470904521e-03,1.139353787188198894e-02,3.228862907598665233e-01,5.589473912504394626e-02,3.443213172156808083e-02,1.757736451953223825e-02,5.243572442201954904e-03,5.461212329326280840e-02,3.447989295212448933e-03,-1.202871102940174936e-02,-2.221615327694095084e-03
1.900000000000000133e+00,6.778879220835204444e-01,4.812312677282831741e-02,1.606680243092939442e+00,9.998860578217042550e-01,7.414870351777780137e-03,6.695124202919189478e-03,1.131664187580458739e-02,3.122759505820935089e-01,5.531522092084396880e-02,3.242541311725341546e-02,1.827196752616207925e-02,5.169165175867171391e-03,5.483587927376836618e-02,3.376782529805982119e-03,-1.199458242168692686e-02,-2.141947273205062254e-03
1.950000000000000178e+00,6.873542023720004002e-01,5.152222813686655606e-02,1.607442837170724781e+00,9.998811866001872106e-01,7.239080032749186343e-03,6.799156677197075969e-03,1.178897246412747603e-02,3.086390164273861703e-01,5.619951423975864252e-02,3.004496152004134182e-02,1.783227177059142424e-02,5.155827666241271333e-03,5.465411521826624847e-02,3.358224348041152253e-03,-1.195011525001111498e-02,-2.113305353457666565e-03
2.000000000000000000e+00,7.166368342362212651e-01,5.730145567360249437e-02,1.610540024916949697e+00,9.998633036193733670e-01,7.171286590972766190e-03,7.434542389451360631e-03,1.291024025502370345e-02,3.202014804211518184e-01,5.766594047072361173e-02,3.254221427016969898e-02,1.701093997246476766e-02,5.304834260287698104e-03,5.249385815283847539e-02,3.395190633366854810e-03,-1.188432691221022464e-02,-2.054269184316493985e-03
2.050000000000000266e+00,7.340790096096009298e-01,6.235517047783087352e-02,1.611981760894769522e+00,9.998432835639565752e-01,7.261162233865525728e-03,7.945245032590331560e-03,1.405549417242547491e-02,3.245317713426992823e-01,5.933501233592185925e-02,3.210282053753930886e-02,1.778500810997129741e-02,5.391016811646732673e-03,5.098480082436512156e-02,3.405953378458575001e-03,-1.177882519646722935e-02,-1.997428021409479535e-03
2.100000000000000089e+00,7.503392703449075496e-01,6.791847252551035108e-02,1.613256289066555382e+00,9.998207018993157114e-01,7.154161240294149189e-03,8.486003466422982477e-03,1.534176572873501183e-02,3.248444571810392145e-01,5.889735343395693240e-02,3.205420842476381510e-02,1.908116523641423257e-02,5.661437052717834505e-03,4.968354909832421729e-02,3.358109890490334429e-03,-1.168141725907262223e-02,-1.921089066901875272e-03
2.149999999999999911e+00,7.639347032886523170e-01,7.410735620353096909e-02,1.614146241038806995e+00,9.997899406899205532e-01,7.130894070690759270e-03,9.029248265095230624e-03,1.696164852734333497e-02,3.284783237758557295e-01,6.092890897012390172e-02,3.413711866092017377e-02,2.009822988141089783e-02,6.200564343795560152e-03,4.824796420081492454e-02,3.315234862784434845e-03,-1.158641385898444807e-02,-1.797036618896304767e-03
2.200000000000000178e+00,7.735769437015513894e-01,7.975505061138914165e-02,1.614746943732570106e+00,9.997616411872555231e-01,7.262464321783838883e-03,9.239320248727500920e-03,1.839979303909494018e-02,3.277206485499040145e-01,5.951835577183794967e-02,3.127501737944164695e-02,2.081588379524171306e-02,6.945306232522868196e-03,4.783208581822930711e-02,3.311573704913079678e-03,-1.150799808997144541e-02,-1.679982990992534564e-03
2.250000000000000000e+00,7.765599928159980792e-01,8.410717213321633468e-02,1.614252625884859960e+00,9.997375252862115147e-01,7.463355564784722104e-03,9.450379728502723495e-03,1.949023297199066820e-02,3.212912791819985125e-01,5.775758513747671075e-02,3.031696920096471626e-02,2.115655012497023521e-02,7.451573178712036019e-03,4.759178943861110123e-02,3.307413947759694876e-03,-1.140399517840144997e-02,-1.573549164861687711e-03
2.300000000000000266e+00,7.687626929325859226e-01,8.519604733821167786e-02,1.612543637893321113e+00,9.997361770046372387e-01,7.550698561137938851e-03,9.286390721228873768e-03,1.960424155034150642e-02,3.097535812506831410e-01,5.293939922705949430e-02,2.634096441449890191e-02,2.090404155062616093e-02,7.659275644208899010e-03,4.817063917851808347e-02,3.293946198080792941e-03,-1.132512019811646349e-02,-1.507668299134655183e-03
2.350000000000000089e+00,7.613961816307327490e-01,8.515637805680842387e-02,1.610763003289167106e+00,9.997424882165720783e-01,7.599653791764948360e-03,9.436898866077986225e-03,1.918716906095957464e-02,2.984386255684184364e-01,5.011366248180255251e-02,2.473038230982515726e-02,2.081916622239899164e-02,7.681264841175857415e-03,4.848522338950514432e-02,3.287035540547801182e-03,-1.125027118699433587e-02,-1.451039754717188806e-03
2.400000000000000355e+00,7.707936365465313244e-01,8.707939801075219310e-02,1.611021380278999660e+00,9.997409083745645297e-01,7.621074719137216173e-03,9.657078209678912617e-03,1.915140159304411921e-02,2.992559236208754414e-01,4.906158820790727793e-02,2.396933240945952823e-02,2.042229410105991447e-02,7.580740271897100195e-03,4.805098572959601300e-02,3.362278170149695777e-03,-1.118354011493634739e-02,-1.411692374074795643e-03
2.450000000000000178e+00,7.886272372312458367e-01,8.989774935291325320e-02,1.612049092818786500e+00,9.997379994550115168e-01,7.466685782734988619e-03,1.005577326498490603e-02,1.915887452739595959e-02,3.030424039573980655e-01,5.117927744474511098e-02,2.334086957538684254e-02,2.026167968725570839e-02,7.648511092548866339e-03,4.736697138269133772e-02,3.420597647741975555e-03,-1.110361127026095705e-02,-1.421413759635425803e-03
2.500000000000000000e+00,8.115345404216639524e-01,9.324835416361648699e-02,1.613691346958881390e+00,9.997364164688606891e-01,7.219752994377312549e-03,1.031090783458804387e-02,1.920046698201698793e-02,3.099950114032315462e-01,5.120121296253377779e-02,2.448074861369941430e-02,2.003438995225448674e-02,7.852864950648040521e-03,4.668175471073063992e-02,3.549824663238520996e-03,-1.104010061107723109e-02,-1.463780743142224002e-03
2.550000000000000266e+00,8.243791021818912546e-01,9.507450887698176700e-02,1.614313642245363889e+00,9.997342464253050620e-01,7.207175199669805556e-03,1.044469102680990052e-02,1.924581979088481332e-02,3.083664635042039359e-01,5.078571557311965801e-02,2.340920154466999067e-02,2.103341626026242195e-02,7.871199659944268234e-03,4.654288908183514678e-02,3.628691644365718196e-03,-1.096844622918742747e-02,-1.458406094053686913e-03
2.600000000000000089e+00,8.315172145479846622e-01,9.592969960063345292e-02,1.614185699466956780e+00,9.997336605133851917e-01,7.145495848978888030e-03,1.061307161192100862e-02,1.920709859765126412e-02,3.012023962260571563e-01,4.925515115053964027e-02,2.098252642973838858e-02,2.124414628213776302e-02,7.768449054846165991e-03,4.665690214960487719e-02,3.611083878068341736e-03,-1.086978610580984286e-02,-1.424391494341700499e-03
2.650000000000000355e+00,8.445698150259451920e-01,9.787863153188387788e-02,1.614716413863643618e+00,9.997372548855557595e-01,6.997538181295357394e-03,1.068689908310140740e-02,1.903275705939831003e-02,2.999584048865285291e-01,4.794551402488688580e-02,1.846770528644562162e-02,2.088567470057871994e-02,7.812701297608986087e-03,4.661296408319063472e-02,3.628483857799948750e-03,-1.079441151182207806e-02,-1.387619874927542834e-03
2.700000000000000178e+00,8.674349124991378446e-01,1.007071309911822671e-01,1.616336196350032894e+00,9.997402749794304100e-01,6.730726284642404508e-03,1.098357781363565149e-02,1.880002463151917227e-02,3.005634540139865418e-01,4.912958018200665883e-02,1.712030603297461095e-02,2.063245005361108789e-02,7.745025418033103792e-03,4.650410952131308479e-02,3.661453164276430410e-03,-1.067898662382522207e-02,-1.381455409535203675e-03
2.750000000000000000e+00,8.902873902686166963e-01,1.027432459730107939e-01,1.617910815335186214e+00,9.997473861159731356e-01,6.717825967515049165e-03,1.105491641720120037e-02,1.837997800755545447e-02,3.028338964864150107e-01,4.975654830017099683e-02,1.758887970161875092e-02,2.090510072889887813e-02,7.679385454700611742e-03,4.636807282150255671e-02,3.685328488517485880e-03,-1.054386440051940238e-02,-1.405035419618011570e-03
2.800000000000000266e+00,9.066032354414431671e-01,1.041449136716068175e-01,1.618749506176182074e+00,9.997493764841566266e-01,6.540340587153936971e-03,1.116044190689479548e-02,1.827163651638146272e-02,3.000062792237778164e-01,4.822119540231022128e-02,1.636665443405225032e-02,2.277996922956804920e-02,7.514586833015799751e-03,4.618515024989042206e-02,3.709921614564321013e-03,-1.042136222639758469e-02,-1.387796860741836048e-03
2.850000000000000089e+00,9.320585545245591019e-01,1.078074405236684880e-01,1.620526862986999328e+00,9.997451546563129732e-01,6.483785639499852968e-03,1.141149597650614918e-02,1.836747191596965756e-02,3.017318485524480565e-01,5.333036227667482809e-02,1.547283258341946785e-02,2.505893023319513344e-02,7.483693677384078979e-03,4.557413727839738221e-02,3.782478853002311722e-03,-1.031336025589045698e-02,-1.363258629931655454e-03
2.900000000000000355e+00,9.397541441624611691e-01,1.092200276448529739e-01,1.620046180130763736e+00,9.997434205005800711e-01,6.395685275648666131e-03,1.160677592335094578e-02,1.837038726647488227e-02,2.966553051714815314e-01,5.401892601891083306e-02,1.429818050767092674e-02,2.858546854738016132e-02,7.394247050387386597e-03,4.497380771534909699e-02,3.823864996788782760e-03,-1.021061351825649187e-02,-1.334398186702419027e-03
2.950000000000000178e+00,9.468808311897015662e-01,1.110305399014061833e-01,1.619365782678072518e+00,9.997396869730860169e-01,6.400479231206101724e-03,1.198295095281804931e-02,1.833033123075918439e-02,2.937812359736999279e-01,5.446724635514806762e-02,1.436065450303364820e-02,3.205663137370240445e-02,7.338107558908346650e-03,4.425323259802486225e-02,3.869547589702562046e-03,-1.009121238255274340e-02,-1.309270408698081853e-03
3.000000000000000000e+00,9.518756967252465229e-01,1.128459666609130663e-01,1.618340548970901960e+00,9.997335954179530360e-01,6.349422942183053330e-03,1.225702900949222733e-02,1.849833129918303579e-02,2.908837253378905308e-01,5.401621895790704314e-02,1.340625526708909797e-02,3.526131061912896741e-02,7.576992264999390762e-03,4.347002135999672445e-02,3.921473656900215619e-03,-9.960549135879620888e-03,-1.264477617440655857e-03
3.050000000000000266e+00,9.570251706140657788e-01,1.148925647195539468e-01,1.617534427879031123e+00,9.997281248066683945e-01,6.047890889897509191e-03,1.267975961577011250e-02,1.860976040717747526e-02,2.874327428388653849e-01,5.230968412389299521e-02,1.412337064584143556e-02,3.890020505875065038e-02,7.753598951778272949e-03,4.267880122713321733e-02,3.997712791132979060e-03,-9.854042699305924288e-03,-1.230405601140841920e-03
3.100000000000000089e+00,9.639002187279643863e-01,1.172939626668038221e-01,1.617079716242907805e+00,9.997192278290240042e-01,5.976478726518379657e-03,1.304694311647397985e-02,1.885535696524537688e-02,2.808485421136112659e-01,5.417211027965002784e-02,1.417299278820603053e-02,4.370685926962260270e-02,8.089462799493572429e-03,4.181517903744588066e-02,4.100650696603504869e-03,-9.732844884578588374e-03,-1.207010714618910168e-03
3.150000000000000355e+00,9.608442303343589508e-01,1.187519651322994779e-01,1.615397804765050571e+00,9.997095297772580214e-01,5.885257685853396287e-03,1.323672045310457339e-02,1.926159510920952278e-02,2.755962715251110140e-01,5.276895832639764972e-02,1.523383583054588493e-02,4.746374977618111890e-02,8.767105792594905370e-03,4.114545922168832970e-02,4.218113259590672640e-03,-9.634201844363620912e-03,-1.178067591860637413e-03
3.200000000000000178e+00,9.591734267207281395e-01,1.201135170760910670e-01,1.613650665968761944e+00,9.996976590936040852e-01,5.657069668183989722e-03,1.377240017073102368e-02,1.956805966555567877e-02,2.759173876826835903e-01,5.091164666979340614e-02,1.536815297036987424e-02,5.057306508069433354e-02,9.339322195491243581e-03,4.017820886985346007e-02,4.317033504245692578e-03,-9.550389683998230725e-03,-1.167034655330918174e-03
3.250000000000000000e+00,9.530436903795830306e-01,1.202413319334428299e-01,1.611325960849246064e+00,9.996937297400311229e-01,5.544314002203705807e-03,1.412933144041850740e-02,1.954659289383616980e-02,2.719168537159615262e-01,4.912764760137786763e-02,1.602247854344405337e-02,5.352249865127989975e-02,1.007235664762059883e-02,3.933973662025302964e-02,4.405788873203102599e-03,-9.460439514944990469e-03,-1.162232673707659343e-03
3.300000000000000266e+00,9.491713216308976797e-01,1.200703385946165630e-01,1.609663404793469921e+00,9.996931154910033701e-01,5.223411265323634443e-03,1.434205340757862060e-02,1.951144071304856606e-02,2.694927630529154738e-01,4.743654770858453384e-02,1.513926709936760928e-02,5.612169932255475779e-02,1.039800468690870415e-02,3.881979931960514302e-02,4.478866737243047610e-03,-9.394436305810091592e-03,-1.186000097338623912e-03
3.350000000000000089e+00,9.454186308251023574e-01,1.197235223736506232e-01,1.607949097332596722e+00,9.996883334881119243e-01,5.214960560756121480e-03,1.451939081729486207e-02,1.962720979675402350e-02,2.647050179316370322e-01,4.431976198150849866e-02,1.537948345542881727e-02,5.773622164721416150e-02,1.079660810733852096e-02,3.852017456163667197e-02,4.534882401831909389e-03,-9.326496255241931849e-03,-1.214207108477756859e-03
3.400000000000000355e+00,9.532851718561990984e-01,1.214623797893977508e-01,1.607388100546347509e+00,9.996784064501392786e-01,4.940502924800444819e-03,1.527752358181805326e-02,1.962835656307729618e-02,2.659363698694496292e-01,4.236611025490846782e-02,1.674367112828595641e-02,6.054606368908625746e-02,1.153224694488157349e-02,3.770995682493288870e-02,4.621008683096291571e-03,-9.252468105310190927e-03,-1.245478809250052553e-03
3.450000000000000178e+00,9.578871487043360000e-01,1.227388824338176698e-01,1.606770024724527346e+00,9.996728971897157479e-01,4.751724581003787320e-03,1.552143815018542858e-02,1.976372170356882271e-02,2.670542295496061147e-01,4.198292612473573937e-02,1.743125971207058755e-02,6.274586474102211708e-02,1.236006455504319590e-02,3.697336523147501386e-02,4.707420166721573533e-03,-9.205394162918538459e-03,-1.262790582316522222e-03
3.500000000000000000e+00,9.607559835984064156e-01,1.238503928105288143e-01,1.606196894187112090e+00,9.996620319026962020e-01,4.730398052941007722e-03,1.575476092202227063e-02,2.013039529476014569e-02,2.642821696976164203e-01,4.232082111485964415e-02,1.762414797975254271e-02,6.552658926148989538e-02,1.276946785067870939e-02,3.648295914836582887e-02,4.772510589806050127e-03,-9.156426344306863030e-03,-1.278266726805198398e-03
3.550000000000000266e+00,9.563921033827158524e-01,1.241527978097240331e-01,1.605050864911156117e+00,9.996504165616248994e-01,4.789419251250460162e-03,1.615727838669554078e-02,2.037273880803707263e-02,2.585411520973396882e-01,4.171139508057086775e-02,1.848167699057044408e-02,6.988116661877834257e-02,1.303646491126000430e-02,3.584303802655067206e-02,4.870099573564225758e-03,-9.105477196029028789e-03,-1.285265298015722188e-03
3.600000000000000089e+00,9.462800479303337120e-01,1.234420571093611252e-01,1.603329437664259727e+00,9.996388001676521640e-01,4.608787802684388181e-03,1.647126293750702727e-02,2.072982806513963897e-02,2.479342179004486169e-01,3.916447157762738274e-02,1.535163526116213768e-02,7.372324627236544192e-02,1.311481784267170582e-02,3.546718592390662311e-02,4.963396770707893466e-03,-9.043126423045201590e-03,-1.300167483126303362e-03
3.650000000000000355e+00,9.351394797418137728e-01,1.221241842677235623e-01,1.601702135550474138e+00,9.996308142318574008e-01,4.328224816725784532e-03,1.676704364719952545e-02,2.093723848606695095e-02,2.369838611084236768e-01,3.775384173076157257e-02,1.623319633393282418e-02,7.753172848505825165e-02,1.334793767050035385e-02,3.503421244644983751e-02,5.058761450363070782e-03,-8.988557023867430051e-03,-1.313788970965104521e-03
3.700000000000000178e+00,9.222034009538905286e-01,1.220947208944759554e-01,1.600257493445683243e+00,9.996102400110403741e-01,4.159484608371810145e-03,1.710561559340106896e-02,2.166713335985575445e-02,2.276520477429824774e-01,3.489947573759493576e-02,1.654023023003828308e-02,8.153656191663277708e-02,1.338459799791916899e-02,3.458226579350084234e-02,5.155169052690180588e-03,-8.945152654262033057e-03,-1.312102877309431152e-03
3.750000000000000000e+00,9.016545048804022189e-01,1.208248055152242317e-01,1.598072136060574078e+00,9.995947411708335784e-01,3.997967626487911735e-03,1.750179663805200361e-02,2.209200744414618195e-02,2.187112539127316346e-01,3.254435532080020288e-02,1.824917807548408905e-02,8.591521290879641781e-02,1.385869749126817686e-02,3.378449146466960124e-02,5.261998796531474828e-03,-8.906960906212143744e-03,-1.304000551934606780e-03
3.800000000000000266e+00,8.769721002692512091e-01,1.179920759931293028e-01,1.595468873406050925e+00,9.995906547059298930e-01,3.589227472906676014e-03,1.803733311534989892e-02,2.191563562400039578e-02,2.096500392552480552e-01,3.173932726281781386e-02,2.046408501384110179e-02,9.028568272379883242e-02,1.484367953239796797e-02,3.282190540958209585e-02,5.389862975470159981e-03,-8.885677460738440267e-03,-1.299001656107761369e-03
3.850000000000000089e+00,8.390766922028199959e-01,1.125797240224107737e-01,1.592041522570249779e+00,9.995957977562700547e-01,3.301349805817737487e-03,1.842525498689350297e-02,2.139748060247846986e-02,1.965340973563396987e-01,2.962742866580389198e-02,2.228700610920746061e-02,9.496658125281150220e-02,1.587363917046940784e-02,3.192258814342290724e-02,5.530129360452613885e-03,-8.867124105244312063e-03,-1.305484031479267311e-03
3.900000000000000355e+00,7.947245608523056948e-01,1.067547229358342814e-01,1.588366171132405524e+00,9.995959604079949212e-01,3.183461187657648378e-03,1.872318605028333235e-02,2.114766689286574214e-02,1.807093689737343245e-01,2.835295007799168085e-02,2.404586437647683247e-02,9.865804688419423096e-02,1.702840807586933000e-02,3.110583296882094353e-02,5.674716220338269987e-03,-8.860360178027841885e-03,-1.298613545184060334e-03
3.950000000000000178e+00,7.475581274110962848e-01,1.021858192539287780e-01,1.584648091585787011e+00,9.995895928861067148e-01,2.599150093849599257e-03,1.907155834577216671e-02,2.121711278287209679e-02,1.658889912565856828e-01,2.814384036512668219e-02,2.541014071311414532e-02,1.000216003601783754e-01,1.803501521503382554e-02,3.039278959973265928e-02,5.815693536455056843e-03,-8.863005796059104241e-03,-1.307000037256301995e-03
4.000000000000000000e+00,7.103583390192864666e-01,9.627574026265969809e-02,1.581585416908148467e+00,9.996009713597031610e-01,2.272580782145766729e-03,1.936896294251376494e-02,2.043469373047356388e-02,1.552749610195313656e-01,2.683167273965235411e-02,2.655879217518634233e-02,1.010617059107422472e-01,1.939132847704629070e-02,2.974863570010051125e-02,5.935960972847348360e-03,-8.861974660943332943e-03,-1.333673248395342553e-03
4.049999999999999822e+00,6.932947096769496165e-01,9.167482132440385456e-02,1.580342610172223550e+00,9.996159358767563452e-01,2.032843922347518997e-03,1.956667885974945620e-02,1.951905134025281804e-02,1.512516697190776638e-01,2.483674713085102376e-02,2.678881385361749773e-02,1.012664587828229629e-01,2.029861669103419364e-02,2.937270343062788752e-02,6.001698243148200981e-03,-8.853150424847140709e-03,-1.356262221599611713e-03
4.100000000000000533e+00,6.893326219948471278e-01,8.940190367160899543e-02,1.580506888588089964e+00,9.996253609201364299e-01,1.965990482404972664e-03,1.960038843694822397e-02,1.900256455930815838e-02,1.488603676714361501e-01,2.348064107716756402e-02,2.598349881999782035e-02,1.011613245520334159e-01,2.058561471901078008e-02,2.930332878819661216e-02,6.011873698066100627e-03,-8.852095082832066655e-03,-1.368277913715571295e-03
4.150000000000000355e+00,6.878224423638019669e-01,8.736029474717026122e-02,1.580888927413276024e+00,9.996340966796709582e-01,1.880295977774023566e-03,1.978579011233253318e-02,1.834829016788950412e-02,1.459564891182285329e-01,2.354449735536686544e-02,2.630269594457216795e-02,1.007369347195541248e-01,2.095638213611698136e-02,2.925887821298828184e-02,6.016883488161541352e-03,-8.837467271440547015e-03,-1.365235022334312367e-03
4.200000000000000178e+00,6.952829771306987539e-01,8.729213854271181128e-02,1.582107219249854868e+00,9.996332425477011396e-01,1.626757811760427483e-03,1.985773281136901658e-02,1.834133310811953202e-02,1.431992734627705599e-01,2.215033248024105700e-02,2.703256792345659285e-02,1.009150204254744831e-01,2.096037967546402966e-02,2.951796366494247384e-02,5.994087941771009641e-03,-8.789794970557486889e-03,-1.350167066068911834e-03
4.250000000000000000e+00,7.026687731986718255e-01,8.765473851294415530e-02,1.583406347898721922e+00,9.996373935455019621e-01,1.542096863765126226e-03,1.985687648497789712e-02,1.812202579951932568e-02,1.410772756095313718e-01,2.076099795843480006e-02,2.548137564373949629e-02,1.007393159778790653e-01,2.099150907175401787e-02,2.972367641290030865e-02,6.006050121856124774e-03,-8.760349209172150695e-03,-1.345724050416313667e-03
4.299999999999999822e+00,7.130424646480798545e-01,8.876377673962747294e-02,1.585129945495232340e+00,9.996379845611186310e-01,1.396778541539356539e-03,1.975307485571205918e-02,1.821441368903305505e-02,1.369470358171641644e-01,1.802387845793530091e-02,2.607379023051180009e-02,9.914262881749788536e-02,2.036570646894294775e-02,3.005518949005898249e-02,6.000550685001519377e-03,-8.732541327797277084e-03,-1.335676298749532325e-03
4.350000000000000533e+00,7.189020339115949065e-01,8.897727510779937510e-02,1.586230093691512577e+00,9.996297316399593846e-01,1.332422052168904169e-03,1.988878051746019796e-02,1.852189737651375318e-02,1.360369574246681479e-01,1.604668950129751678e-02,2.540446301609501287e-02,9.851240925662876902e-02,2.005143795993910572e-02,3.025178073228103684e-02,5.998876561992755492e-03,-8.706926703937726067e-03,-1.331110127541510922e-03
4.400000000000000355e+00,7.221393775300967155e-01,8.889302587186811988e-02,1.587076279248704092e+00,9.996239542447937776e-01,1.315228591179053727e-03,2.002788822114226139e-02,1.868432410221702172e-02,1.358425663102118264e-01,1.372257416219290448e-02,2.665467589522409544e-02,9.749399661398169825e-02,1.961406717699482743e-02,3.039446092333108682e-02,5.999545922775010275e-03,-8.693143464412023125e-03,-1.332125107212979356e-03
4.450000000000000178e+00,7.205518656735040439e-01,8.735212997500628462e-02,1.587216012012771627e+00,9.996202194972630961e-01,1.308673056101525116e-03,2.035877652701186674e-02,1.852631548362877745e-02,1.341959660714953095e-01,1.149265858328247375e-02,2.499567415642864332e-02,9.912272355186663164e-02,2.004513534338250164e-02,3.039149114727099366e-02,6.009250068663567722e-03,-8.681325147927538427e-03,-1.331275166982158606e-03
4.500000000000000000e+00,7.238194663708843457e-01,8.694540078124898819e-02,1.588136115499136691e+00,9.996208033429205830e-01,1.093672536700391988e-03,2.051904671631023594e-02,1.833090631393945180e-02,1.357612195876591044e-01,1.082747904999604473e-02,2.639630769604673147e-02,9.864791369156745982e-02,2.016756926368836952e-02,3.037158344759719256e-02,6.032593508397289701e-03,-8.680666229049784424e-03,-1.338648537651116778e-03
4.549999999999999822e+00,7.226786858904054034e-01,8.589633697623617892e-02,1.588505631839810084e+00,9.996184500594773592e-01,8.077931062481653315e-04,2.083453203575705640e-02,1.811695465128752847e-02,1.383171877810520922e-01,1.167751794628835681e-02,2.689111289339287877e-02,9.797073090998464906e-02,2.052620210141107432e-02,3.020220988373021470e-02,6.069701440403980908e-03,-8.678663558686705928e-03,-1.370823542256816669e-03
4.600000000000000533e+00,7.209029424611594905e-01,8.466057151472115849e-02,1.588897636547416115e+00,9.996211543064281724e-01,6.364393754668962178e-04,2.071856346477478350e-02,1.810756571054187788e-02,1.420223156485050098e-01,1.170356693569857796e-02,2.555335060480584675e-02,9.566033714811843225e-02,2.012595145416183270e-02,3.016681389750698605e-02,6.111286392563953195e-03,-8.670968639501074743e-03,-1.403420068080052938e-03
4.650000000000000355e+00,7.206779608416757910e-01,8.292244171206368530e-02,1.589323492382023639e+00,9.996203201396294258e-01,6.235159783225137625e-04,2.091191417504289357e-02,1.793094078137003750e-02,1.427219440095460756e-01,9.942221040534599333e-03,2.712429380374574081e-02,9.444505837324487785e-02,1.993295643540892587e-02,3.016190070699902026e-02,6.148724203188786486e-03,-8.664261858934412669e-03,-1.435659006422576600e-03
4.700000000000000178e+00,7.250381659957023661e-01,8.160386027123991970e-02,1.590131235773032392e+00,9.996185052331278964e-01,4.087446506939543408e-04,2.107004833513297787e-02,1.785301057113231754e-02,1.416912314110500004e-01,7.158075938651907791e-03,2.641416476940108143e-02,9.327348195201945469e-02,1.957489437989600595e-02,3.026520029469964915e-02,6.150445611851478381e-03,-8.625200872512853167e-03,-1.432612807897709443e-03
4.750000000000000000e+00,7.307425373256581924e-01,8.028238440828040778e-02,1.591080688765968310e+00,9.996254088256911752e-01,4.489976703647114114e-04,2.092061904445444501e-02,1.763995833210450781e-02,1.421651960202507115e-01,4.064654090415975064e-03,2.430169304856493254e-02,9.127266676709287763e-02,1.911909825221948939e-02,3.035232531709644924e-02,6.142062816293466197e-03,-8.581936181752222725e-03,-1.470336660422386739e-03
4.800000000000000711e+00,7.424732562816920289e-01,8.008333955001807614e-02,1.592639812277324873e+00,9.996206302686038159e-01,4.445509352982475871e-04,2.107859122047432698e-02,1.772261007936385205e-02,1.412760547978909043e-01,1.702483877158411521e-03,2.545614222682979211e-02,8.927023868885101965e-02,1.861584005676402906e-02,3.045788914338656145e-02,6.138228099709240777e-03,-8.522008005360862115e-03,-1.491699577201881319e-03
4.850000000000000533e+00,7.525949818461143970e-01,7.976762672379340835e-02,1.593841528418767028e+00,9.996190786709611142e-01,4.058514677979860991e-04,2.120534419987976649e-02,1.765973439691070207e-02,1.452218889875345753e-01,4.611960687478497325e-05,2.567257026084483404e-02,8.940223163414216800e-02,1.911968605254335193e-02,3.037649073155503088e-02,6.162476360104149689e-03,-8.469579625627205940e-03,-1.508225824335092348e-03
4.900000000000000355e+00,7.645750631778837070e-01,7.976090707840988170e-02,1.595255212609652196e+00,9.996173905238192603e-01,-8.644430264954840876e-05,2.138100897315210747e-02,1.754757946335613536e-02,1.506149622963151580e-01,-4.328981327103493572e-04,2.644332855809447200e-02,8.994436108603480473e-02,1.996454705984952380e-02,3.020781703177513600e-02,6.201872156639739141e-03,-8.420571277816743527e-03,-1.563161915744305450e-03
4.950000000000000178e+00,7.756437200530960085e-01,7.959618418991543098e-02,1.596710979002489816e+00,9.996145167049201863e-01,-2.891991023549874622e-04,2.155184029576657015e-02,1.750007247224549464e-02,1.573854339093386234e-01,1.676192569203694555e-04,2.761045364852251355e-02,8.905599789835623448e-02,2.045209820761871924e-02,2.999970694697383367e-02,6.242643267116905828e-03,-8.378896860698047816e-03,-1.618458542684527443e-03
5.000000000000000000e+00,7.835853641996212149e-01,7.865255971135146074e-02,1.597818461156587988e+00,9.996126291086174787e-01,-2.679523361054880716e-04,2.161638991138449886e-02,1.752859421922796368e-02,1.590768780490216250e-01,-5.441764087015161545e-05,2.789787757843141536e-02,8.766866910585885408e-02,2.040918055650131971e-02,2.993537259469093367e-02,6.267959869850817274e-03,-8.324824866137931975e-03,-1.656629268263548485e-03
5.050000000000000711e+00,7.954192337914069988e-01,7.790066080024152240e-02,1.599401124019075970e+00,9.996159920534329890e-01,-5.079442351890627516e-04,2.160405195288409366e-02,1.734575921953500702e-02,1.634122052740320241e-01,-1.091773428785332853e-03,2.745756055291609377e-02,8.504999386647209281e-02,2.010734803557800640e-02,2.979788507750768395e-02,6.300454605128569252e-03,-8.263955207893702165e-03,-1.734067897481698060e-03
5.100000000000000533e+00,8.062615589999253540e-01,7.601789811977928413e-02,1.600842547906311308e+00,9.996245263485820098e-01,-7.326485119259574857e-04,2.138884347060147212e-02,1.711101760624754442e-02,1.665776602333819967e-01,-1.175531841891105283e-03,2.758432588761374274e-02,8.245459210543593098e-02,1.946264099531122907e-02,2.972640902158691159e-02,6.345539410434248954e-03,-8.210976457674587503e-03,-1.805969259673272185e-03
5.150000000000000355e+00,8.073992796323848919e-01,7.243662512930912345e-02,1.600751738146184877e+00,9.996291642930631438e-01,-8.553974444807415289e-04,2.168704181495642938e-02,1.644610614341751945e-02,1.671150891571575037e-01,-8.324965789304336009e-04,3.020185177441062768e-02,8.224298824142209363e-02,1.978747937367416471e-02,2.963847638795863090e-02,6.403153542434691751e-03,-8.138585281796895110e-03,-1.864904320289787008e-03
5.200000000000000178e+00,8.070075144243791243e-01,6.964681775910110118e-02,1.600695355463145342e+00,9.996301725527584336e-01,-1.106783127745626866e-03,2.184805247529428979e-02,1.615412505483158206e-02,1.678202391986247655e-01,-1.447237155964145117e-03,2.754939957191127747e-02,8.171955617285094065e-02,2.006152755989647901e-02,2.954692495170720482e-02,6.488233871440166056e-03,-8.088864438307363791e-03,-1.900796651517316178e-03
5.250000000000000000e+00,8.022961289605674562e-01,6.680237578745366889e-02,1.600340962106496789e+00,9.996340040186980636e-01,-1.370951183018091378e-03,2.185373865269128399e-02,1.588686908422393476e-02,1.686262167263402612e-01,-2.631903862736663033e-03,2.976042010704303339e-02,7.925669162645422594e-02,1.957037871603058143e-02,2.949903364739898948e-02,6.571422720543007578e-03,-8.038069393144848390e-03,-1.940162309483706941e-03
5.300000000000000711e+00,7.970910988622552651e-01,6.388185756074685195e-02,1.599884212121969851e+00,9.996366903807089033e-01,-1.755635552966080875e-03,2.192475678156698138e-02,1.557915365406225758e-02,1.695127632586813926e-01,-2.586716711615717496e-03,3.120762990046148377e-02,7.781132557614793555e-02,1.960905332727596109e-02,2.947106330728255230e-02,6.666556059706111280e-03,-7.988131380410639498e-03,-1.972525503794595163e-03
5.350000000000000533e+00,7.914805322173426028e-01,6.098341350585945175e-02,1.599330591523685285e+00,9.996397648220868293e-01,-2.153747070054975836e-03,2.193979126520152756e-02,1.530841334823591221e-02,1.704326285218470960e-01,-8.613511257679657036e-04,3.255812118141365730e-02,7.686512753450945590e-02,2.022990718380066402e-02,2.945968157061670811e-02,6.748666763109714695e-03,-7.934942502389968552e-03,-2.015719601248179733e-03
5.400000000000000355e+00,7.896699081333916626e-01,5.924108685961457926e-02,1.599140033314003562e+00,9.996372505180757262e-01,-2.472489384051754831e-03,2.197715625882333199e-02,1.537071161927710400e-02,1.702872318253568495e-01,-9.980583967680498568e-04,3.194055781798014332e-02,7.522815383926913235e-02,2.054692762351959662e-02,2.945988699792243329e-02,6.806432675939713337e-03,-7.857184980656151466e-03,-2.085809949276426663e-03
5.450000000000000178e+00,7.920567922376856584e-01,5.836899482099512648e-02,1.599438607966712222e+00,9.996295140016870917e-01,-2.720990246170714843e-03,2.209113591543719612e-02,1.566565232592945917e-02,1.698457335182277372e-01,-1.011352219721661522e-04,3.114005856500421526e-02,7.305917852032089987e-02,2.053389768355047204e-02,2.950180669578972986e-02,6.841036319167100727e-03,-7.770163619089235675e-03,-2.155612486905975501e-03
5.500000000000000000e+00,7.967684076650757286e-01,5.796074646908180167e-02,1.599632057432438303e+00,9.996194335838280987e-01,-3.211309538822152559e-03,2.217262885802194494e-02,1.609503097595349486e-02,1.702711632704720646e-01,8.836738386696924713e-04,2.911506390869940744e-02,7.284285545083722668e-02,2.153855406946326989e-02,2.945890545881983680e-02,6.861412255990762335e-03,-7.673518103651097953e-03,-2.229044182850621267e-03
5.550000000000000711e+00,8.036774155677720577e-01,5.749345889767489004e-02,1.599919411021033744e+00,9.996080912426381637e-01,-3.496343130952238917e-03,2.245309145475063786e-02,1.634925659120198271e-02,1.709840598737301098e-01,1.351594930177608782e-03,2.938681543734869561e-02,7.501661218908531326e-02,2.409053175758475024e-02,2.932703200484615066e-02,6.877193603387223193e-03,-7.598992053655355058e-03,-2.322937576826025058e-03
5.600000000000000533e+00,8.113748924056742862e-01,5.632235929182811268e-02,1.600572697718188442e+00,9.996040099700150838e-01,-3.718001404465107965e-03,2.257003571987824253e-02,1.638881341115999701e-02,1.707905335538938141e-01,-9.782918993166444307e-04,3.065445973932082527e-02,7.603160175706996649e-02,2.557245792811160129e-02,2.929732537446328930e-02,6.878207865246050920e-03,-7.527735577434165395e-03,-2.382287656943776148e-03
5.650000000000000355e+00,8.199000039046460131e-01,5.564716225304285752e-02,1.601383904061902008e+00,9.995960214711395730e-01,-3.732327176935897484e-03,2.271211804544601490e-02,1.667403031072797401e-02,1.711210462300281343e-01,-1.463309316908138064e-03,3.048368135589442710e-02,7.689426729270373850e-02,2.686510639496535527e-02,2.923756801690813659e-02,6.879185773781463717e-03,-7.456907406791944345e-03,-2.475675813038142117e-03
5.700000000000000178e+00,8.275251626267851046e-01,5.416644115342931359e-02,1.602159565256094043e+00,9.995889803708981614e-01,-3.928311629438999489e-03,2.278632696788712372e-02,1.694762496997551104e-02,1.713260268615144355e-01,-3.055653716671461947e-03,3.261865267530796031e-02,7.747583512369655978e-02,2.790993486547234392e-02,2.920246242542441292e-02,6.876752135745948201e-03,-7.386958329261306480e-03,-2.557383711926084803e-03
5.750000000000000000e+00,8.329700667981216888e-01,5.268981727225260925e-02,1.602941568747862311e+00,9.995876834337787953e-01,-4.025348302378791918e-03,2.280210990860141035e-02,1.698009076101174991e-02,1.734260055474483309e-01,-3.224991302471154429e-03,3.339338738219047031e-02,7.660583204318967276e-02,2.888932228399870850e-02,2.916692051869751445e-02,6.874519423073190139e-03,-7.320202493334937617e-03,-2.642875703202024647e-03
5.800000000000000711e+00,8.434052085555312495e-01,5.343667355544054476e-02,1.604554884945925908e+00,9.995839076777957022e-01,-4.207016194105215462e-03,2.245984758671996234e-02,1.760306145849829459e-02,1.752709137141618967e-01,-2.184411337807774627e-03,3.109693053924637504e-02,7.346721319037077813e-02,2.829760922934169629e-02,2.917226714990351494e-02,6.871272825998289181e-03,-7.252659381244171491e-03,-2.738162087300832943e-03
5.850000000000000533e+00,8.509699240767285566e-01,5.486948572668162716e-02,1.605590039983500805e+00,9.995639008761559863e-01,-4.474428888689879411e-03,2.247797899983680972e-02,1.862063402371735149e-02,1.773255773039220384e-01,-1.134822986050304733e-03,3.196846706924879461e-02,7.101661596599631587e-02,2.813284106445289659e-02,2.916613311666886588e-02,6.891254949496744553e-03,-7.175121492972016957e-03,-2.821736592394921781e-03
5.900000000000000355e+00,8.626959222480357070e-01,5.743655893546156105e-02,1.607222236345382083e+00,9.995501633641781236e-01,-4.711880051735140365e-03,2.229428856498922792e-02,1.949958467259882422e-02,1.797588782230465088e-01,-1.042615101985933795e-03,3.343456164596197294e-02,6.896361513202435567e-02,2.773957639520915203e-02,2.918049570071292592e-02,6.906987547182438097e-03,-7.110495877662053807e-03,-2.888001875355926482e-03
5.950000000000000178e+00,8.696056795455985311e-01,5.956348938761076017e-02,1.608087999211972319e+00,9.995264072382630260e-01,-4.807188831019210476e-03,2.234962837751433909e-02,2.059966699487998307e-02,1.784842391043423571e-01,-1.297251104384523294e-03,3.383257849099746695e-02,6.760332285656642237e-02,2.822410317089818835e-02,2.919222987500118272e-02,6.931366130382184652e-03,-7.034794347336358923e-03,-2.953164206799519659e-03
6.000000000000000000e+00,8.753344647436247516e-01,6.172374278830248390e-02,1.608933892575268976e+00,9.995092181032991796e-01,-5.012215628079571411e-03,2.201976432341248499e-02,2.171014970401223890e-02,1.776904674257065164e-01,-8.249721938724736189e-04,3.383532009297852278e-02,6.641149169679333442e-02,2.878826199011412165e-02,2.929330477903481847e-02,6.952860404945531043e-03,-6.979058377543620288e-03,-2.991727260284955062e-03
6.050000000000000711e+00,8.822715926815635212e-01,6.427730910781818963e-02,1.609698551100408270e+00,9.994876309446756313e-01,-5.168555167262198040e-03,2.212430955064396965e-02,2.254498953182611579e-02,1.758485050391531135e-01,-6.041213297563019068e-04,3.285875560730221884e-02,6.588741926284839845e-02,3.003057701440314115e-02,2.936471078285140049e-02,6.973326207794615893e-03,-6.909827310306259317e-03,-3.028820604431462123e-03
6.100000000000000533e+00,8.881607566948016563e-01,6.694161874742404761e-02,1.610529254101956242e+00,9.994678996598899134e-01,-5.535926792966148514e-03,2.206728900952107872e-02,2.337318591380939739e-02,1.763393210810198786e-01,1.268565870547867878e-04,3.396002591200921600e-02,6.434206240863218906e-02,3.195660656443662095e-02,2.935660941162264448e-02,7.006327622716915920e-03,-6.836556366452389844e-03,-3.069150223420273691e-03
6.150000000000000355e+00,8.874609535034844177e-01,6.812453040762965484e-02,1.610558393352423012e+00,9.994507982656312128e-01,-5.830441802198575371e-03,2.192812533445790898e-02,2.415088225924351406e-02,1.749870659668404382e-01,3.703415609859750206e-03,3.228329904900950620e-02,6.255785360922512528e-02,3.267095211045389913e-02,2.943781558299251103e-02,7.051704435941648884e-03,-6.774651698921100272e-03,-3.114043328593147850e-03
6.200000000000000178e+00,8.932395284335598040e-01,6.975924868678640145e-02,1.611582267944934532e+00,9.994346432278959913e-01,-6.049894437943782038e-03,2.177435969208849423e-02,2.489317081485561273e-02,1.757275850738344303e-01,3.238286868882403469e-03,3.175042944892103591e-02,6.017245648701742555e-02,3.292966352416484832e-02,2.947509490792021153e-02,7.083864171730557338e-03,-6.722650993913351081e-03,-3.142268064324077459e-03
6.250000000000000000e+00,9.013925414005707903e-01,7.147969217230823458e-02,1.612869649655633841e+00,9.994195654984908694e-01,-6.193851211598174096e-03,2.175429385922397416e-02,2.547388868357046074e-02,1.784970618944904941e-01,1.551081828667851296e-03,3.133007882300200414e-02,5.805837920147399744e-02,3.275320345397435967e-02,2.948617276320869562e-02,7.120007912003420945e-03,-6.673612924200031382e-03,-3.168116261751563467e-03
6.300000000000000711e+00,9.074803136912040769e-01,7.298879126662748129e-02,1.613687576313937777e+00,9.994046934595987031e-01,-6.458101657087751343e-03,2.182553732663350052e-02,2.592677253952067190e-02,1.822179792623696282e-01,1.779208447998237687e-03,3.152086411151958090e-02,5.719268669988054193e-02,3.455854561707256967e-02,2.938549381481569966e-02,7.158959208606843067e-03,-6.612519335047086291e-03,-3.204725674189608936e-03
6.350000000000000533e+00,9.165517678966454973e-01,7.409255496427234744e-02,1.614924761430391653e+00,9.993974555118919634e-01,-6.706927270516664305e-03,2.178489924689613194e-02,2.617558419112134271e-02,1.859911122591768329e-01,1.164763090247051885e-03,3.022760146360994535e-02,5.644971939294859270e-02,3.622372682221825652e-02,2.927276033280248879e-02,7.187086151479523885e-03,-6.558543105111194066e-03,-3.230797444940278727e-03
6.400000000000000355e+00,9.250072250571970134e-01,7.514461896832688725e-02,1.615959433350876662e+00,9.993808707626081755e-01,-7.001475425221928041e-03,2.180417638554206505e-02,2.671015514348934819e-02,1.901380587217070262e-01,2.004600060539098953e-03,2.984535481056426257e-02,5.579275440528404240e-02,3.744526964542815861e-02,2.918268077056607873e-02,7.223693387889073940e-03,-6.503265641004390453e-03,-3.251307337706293640e-03
6.450000000000000178e+00,9.383011356171535589e-01,7.648573267042009516e-02,1.617525810250744156e+00,9.993682936059121724e-01,-7.129632769188771167e-03,2.183502200978739566e-02,2.711851554963544755e-02,1.962042395541606088e-01,-6.851241978318644513e-04,3.053603189164035003e-02,5.561788106006234494e-02,3.869913140561164616e-02,2.906298427803897036e-02,7.247317464990545716e-03,-6.445058878719826106e-03,-3.267175992370737001e-03
6.500000000000000000e+00,9.594623775262801635e-01,7.927425678351317229e-02,1.620086989505880481e+00,9.993464018444183639e-01,-7.510815686499767302e-03,2.192033834992074964e-02,2.774627064963602896e-02,2.021516513850636632e-01,-1.404453051358621300e-03,3.127382127619268704e-02,5.635278123086995272e-02,4.049611121502525585e-02,2.886728137964066077e-02,7.273090931976072121e-03,-6.379866295878130686e-03,-3.279533198582557357e-03
6.550000000000000711e+00,9.827852000098460383e-01,8.177171369341661167e-02,1.622772553470155366e+00,9.993205990271339934e-01,-7.722670208105799142e-03,2.227636433262464646e-02,2.832780113293723728e-02,2.086280935989645036e-01,-2.686177612141079241e-03,3.209438174094618457e-02,5.795774792846253992e-02,4.269443894776375759e-02,2.864482888781780950e-02,7.295757261581564505e-03,-6.301693105069132786e-03,-3.290631552643940184e-03
6.600000000000000533e+00,1.003211436690286007e+00,8.411138826437218607e-02,1.624972029290807862e+00,9.993093824248765467e-01,-7.871968325662647911e-03,2.225096107392046316e-02,2.869991365106534104e-02,2.128235038337907559e-01,-2.534224807277911037e-03,3.206988993854871517e-02,5.920614764107621358e-02,4.415412072838092311e-02,2.847253370404628781e-02,7.329897376933907846e-03,-6.221332585677787942e-03,-3.305046863042669734e-03
6.650000000000000355e+00,1.020105058010075449e+00,8.543518710363075253e-02,1.626630967945764006e+00,9.992952586301512286e-01,-8.539410263778603877e-03,2.236999556257664862e-02,2.890757427001465832e-02,2.174831872165178537e-01,-3.368286792504607361e-04,3.413230209547422900e-02,6.145658318339312920e-02,4.675642643483356869e-02,2.828371172019403940e-02,7.365848418761744391e-03,-6.140690501077837940e-03,-3.321138347711996737e-03
6.700000000000000178e+00,1.032300250818277920e+00,8.501233479215507260e-02,1.627734097405192593e+00,9.992975262034806683e-01,-8.628521544188850340e-03,2.238852482850015729e-02,2.878813463163369668e-02,2.208293942218204908e-01,5.701407886269778619e-04,3.389049608570296468e-02,6.315399520251985255e-02,4.834779788893830976e-02,2.819968990767340866e-02,7.393435081312376388e-03,-6.070362499966364470e-03,-3.323529442535532504e-03
6.750000000000000000e+00,1.046293697192899552e+00,8.457069773398176449e-02,1.629151821843743519e+00,9.993013969050877909e-01,-8.897902196729078408e-03,2.226076662580029134e-02,2.867060775897735739e-02,2.247607081660971950e-01,-4.950360681419910952e-04,3.443886181244201067e-02,6.431692790760852596e-02,4.982648296233643109e-02,2.811741733641324667e-02,7.415612614397222579e-03,-5.999007520589572963e-03,-3.317425742201696517e-03
6.800000000000000711e+00,1.058779484881374966e+00,8.495885725882129647e-02,1.630603695034032574e+00,9.993018354214631138e-01,-9.344301719718907037e-03,2.218191033175271124e-02,2.857426469220339729e-02,2.285863774151114525e-01,1.311395314344130942e-03,3.657550309387818527e-02,6.470729308274754399e-02,5.107105870092666644e-02,2.802550385808166497e-02,7.446171926281128749e-03,-5.936007531386542496e-03,-3.328952594119276385e-03
6.850000000000000533e+00,1.070525348889108441e+00,8.470294348732379519e-02,1.632052104706220419e+00,9.993056073339733336e-01,-9.447457489541099748e-03,2.210298521048551998e-02,2.846940011041647345e-02,2.318983856580787983e-01,1.693446110962282041e-03,3.793104578258073983e-02,6.454078138412570886e-02,5.290814080104241229e-02,2.791643248478667752e-02,7.461778242370160907e-03,-5.863792540896479132e-03,-3.335012666463973031e-03
6.900000000000000355e+00,1.081066678884225141e+00,8.456828513976157036e-02,1.633435823129629538e+00,9.993070188017004751e-01,-9.714257970740779874e-03,2.211603204819326263e-02,2.831954258421524873e-02,2.370652284611774185e-01,5.194522646599225579e-03,3.997569126072247903e-02,6.441515849615796208e-02,5.439845830604313898e-02,2.783933229025247966e-02,7.480474590173053634e-03,-5.807529843288665970e-03,-3.342928611877624308e-03
6.950000000000000178e+00,1.091181866275456880e+00,8.562993287405779030e-02,1.634983279970328329e+00,9.993032499283364123e-01,-1.009702484488379445e-02,2.202605865986014683e-02,2.838868633556623083e-02,2.410786788463414321e-01,6.278654859749039155e-03,4.301512560553267389e-02,6.433121283719038519e-02,5.658228834516162292e-02,2.773333723287446304e-02,7.509031566413124949e-03,-5.756164021091934001e-03,-3.354421114657992094e-03
7.000000000000000000e+00,1.100104338053927933e+00,8.672630625703735274e-02,1.636591998735465792e+00,9.993035792455073896e-01,-1.038746471500659463e-02,2.191170783443167555e-02,2.836078531512809670e-02,2.435776491655891884e-01,8.510114362334602472e-03,4.441146553289031240e-02,6.320898461410311142e-02,5.779154982189285000e-02,2.767917044348845723e-02,7.527725545647043909e-03,-5.717981593506941962e-03,-3.373167099445918780e-03
7.050000000000000711e+00,1.109709648012733085e+00,8.813266504673900048e-02,1.638138153509444583e+00,9.992959710215770786e-01,-1.067833617835964484e-02,2.182029414188424443e-02,2.859038649733223331e-02,2.489207740975703520e-01,9.791090195771744858e-03,4.546963144701712117e-02,6.242862273433777420e-02,5.854244152401977264e-02,2.764356661328174966e-02,7.546583411649774101e-03,-5.674792118621857680e-03,-3.393653401429978615e-03
7.100000000000000533e+00,1.120381188481006873e+00,8.941478177014011708e-02,1.639932354318091923e+00,9.992943838591986649e-01,-1.072360366522520647e-02,2.167134231138161810e-02,2.874180986505121480e-02,2.541883993312492596e-01,1.069540295863779210e-02,4.648499162238283605e-02,6.119339434406108336e-02,5.822767683323020610e-02,2.763997401956827873e-02,7.560004904986483698e-03,-5.636837944176923722e-03,-3.405294552000253348e-03
7.150000000000000355e+00,1.133043867019149831e+00,9.069422912907021406e-02,1.641948287822698971e+00,9.992885062168004318e-01,-1.068707106073773540e-02,2.162062331678042681e-02,2.899683607796435525e-02,2.577737758278738078e-01,1.196515370873224397e-02,4.535575961785726085e-02,6.029241796641542084e-02,5.799605666817087696e-02,2.762227762810932213e-02,7.574277825081715543e-03,-5.599729361705330088e-03,-3.409091860705772224e-03
7.200000000000000178e+00,1.148742347192549973e+00,9.166238806715221177e-02,1.644314233794079927e+00,9.992787468584745092e-01,-1.096500793049827623e-02,2.154802627705913048e-02,2.928202932865048985e-02,2.661928604043037327e-01,1.157040066453025005e-02,4.516923695092622121e-02,5.942434239159399834e-02,5.775263220027684191e-02,2.756817684039948244e-02,7.573416658913523919e-03,-5.551708236093861291e-03,-3.403103348570489951e-03
7.250000000000000000e+00,1.165687164784281027e+00,9.221223022030756999e-02,1.646913400643653436e+00,9.992739976064732854e-01,-1.094674849779299873e-02,2.155999654298542539e-02,2.944168734924263592e-02,2.731354515945350059e-01,1.013196054184281776e-02,4.559744976968815866e-02,5.823892789778492562e-02,5.582420701977101191e-02,2.756641815313623164e-02,7.571210777386424423e-03,-5.516892813592165663e-03,-3.381663523583739762e-03
7.300000000000000711e+00,1.181767015938071985e+00,9.261358052011892106e-02,1.649248556209380823e+00,9.992753475855091772e-01,-1.111378043971193545e-02,2.150279175318143068e-02,2.937504960024809458e-02,2.804969850941181342e-01,9.257299874795796649e-03,4.455308081885788613e-02,5.775893937349215607e-02,5.513810564803187791e-02,2.752646934674349635e-02,7.582177839560114846e-03,-5.475256913743388638e-03,-3.376928630520653878e-03
7.350000000000000533e+00,1.200917364320197800e+00,9.346717353906541792e-02,1.652019320777504019e+00,9.992759172278464774e-01,-1.107214417008670591e-02,2.141844634780674939e-02,2.943295819262783941e-02,2.890050018700798806e-01,7.993266658820875198e-03,4.427533720904516107e-02,5.727977976964354623e-02,5.423860517366333595e-02,2.748927241820261005e-02,7.585044314105861100e-03,-5.445495851628922614e-03,-3.363925248357478061e-03
7.400000000000000355e+00,1.220070993970422624e+00,9.409518528261605341e-02,1.654701647184278146e+00,9.992752917540922430e-01,-1.121580315983810097e-02,2.135639604757897173e-02,2.944488745287590983e-02,2.972005141629770475e-01,5.871738716869761079e-03,4.328907521362961724e-02,5.680371900989426154e-02,5.332853629391056532e-02,2.743774089114177708e-02,7.587163675823591601e-03,-5.412021803143948415e-03,-3.363052989044820924e-03
7.450000000000000178e+00,1.245374461880422556e+00,9.573351479915102880e-02,1.658212928310190515e+00,9.992630280532934783e-01,-1.131015429212019370e-02,2.133839592829774728e-02,2.983544929875377866e-02,3.075942715419777707e-01,4.928093653890068537e-03,4.516555907904905298e-02,5.634658696807719885e-02,5.244528935624764854e-02,2.732858636884806514e-02,7.586236021030821723e-03,-5.373049796501954203e-03,-3.368401399384123029e-03
7.500000000000000000e+00,1.265240530637589789e+00,9.607606267496993091e-02,1.660965866321223450e+00,9.992602704798382307e-01,-1.152382199699093432e-02,2.122106098931794346e-02,2.992958298456601524e-02,3.147517000142329158e-01,4.716307907509770768e-03,4.738909204214769577e-02,5.590892590870607387e-02,5.132103365604991085e-02,2.728518324437158998e-02,7.577579121869649874e-03,-5.342175922752515245e-03,-3.384719602539363464e-03
7.550000000000000711e+00,1.282242416330026336e+00,9.579314531540046584e-02,1.663322401325839861e+00,9.992573888657190206e-01,-1.166567763024305496e-02,2.116199274818970910e-02,3.001254447090598299e-02,3.240056375584940973e-01,3.601905390814347761e-03,4.879674868544849053e-02,5.514153014595126606e-02,4.937838883060446243e-02,2.729916491032443465e-02,7.576519305215028907e-03,-5.317800258609765678e-03,-3.397419845567071269e-03
7.600000000000000533e+00,1.300748038287757868e+00,9.652546664206398952e-02,1.665956266792026685e+00,9.992451313602468410e-01,-1.198539188391159645e-02,2.131415435957050367e-02,3.018649794475219972e-02,3.335423690565827992e-01,1.754501211496745788e-03,5.070175032855031572e-02,5.473094633129688830e-02,4.936914359584913814e-02,2.721833618436093546e-02,7.580550364877786107e-03,-5.281427575818559497e-03,-3.422218403079046144e-03
7.650000000000000355e+00,1.321440423655202645e+00,9.823078977961823000e-02,1.668938618882623626e+00,9.992370935624254047e-01,-1.208451520232880702e-02,2.114132854591774593e-02,3.053259845730268984e-02,3.447392642599570456e-01,4.512191615403363283e-03,4.966210337791892443e-02,5.355588344840649800e-02,4.906006062330313389e-02,2.712232984424745377e-02,7.578562217581813303e-03,-5.242472960834731847e-03,-3.448589934158158982e-03
7.700000000000000178e+00,1.343779532127108434e+00,9.971017510326435351e-02,1.672061463522189539e+00,9.992268855782238113e-01,-1.216841460421113144e-02,2.116198008303084299e-02,3.081771280657632714e-02,3.529286703797881453e-01,5.895868475736714201e-03,5.134254807081442551e-02,5.328279928291781292e-02,5.006883422107232667e-02,2.699768567142700817e-02,7.572620264521531808e-03,-5.201726935773758227e-03,-3.471070307578985430e-03
7.750000000000000000e+00,1.367436718346065838e+00,1.019310319945804510e-01,1.675395261384826417e+00,9.992113027317856000e-01,-1.241912701907037231e-02,2.108914888452202707e-02,3.126956309989872146e-02,3.609600452711491103e-01,7.718165860607258122e-03,5.253417431180817943e-02,5.366508272055488249e-02,5.191975112303878065e-02,2.685500571512992180e-02,7.574136416791210462e-03,-5.163871724251917553e-03,-3.492944877412765270e-03
7.800000000000000711e+00,1.390861521798170575e+00,1.047659618403410653e-01,1.678696560795414294e+00,9.991986248020264805e-01,-1.270108889082028833e-02,2.122760172527977246e-02,3.146711711802382266e-02,3.710197931119000314e-01,8.262507964890869125e-03,5.393564401476287629e-02,5.404776102463493964e-02,5.428622543697693426e-02,2.668785489816792242e-02,7.588556739181003506e-03,-5.116286363193788683e-03,-3.519725526729934866e-03
7.850000000000000533e+00,1.412423365249683371e+00,1.078568871712125704e-01,1.681680966102576003e+00,9.991866257802801687e-01,-1.299804642837095771e-02,2.103443203047064558e-02,3.185420411844670091e-02,3.802918893865119276e-01,1.061565071202020226e-02,5.550999203457351872e-02,5.420624229947015871e-02,5.650872633058317412e-02,2.654575626912651989e-02,7.614324689032475613e-03,-5.067664414179464533e-03,-3.545530730312890753e-03
7.900000000000000355e+00,1.430673509551674494e+00,1.097970781714014410e-01,1.684109666322305410e+00,9.991738656822783948e-01,-1.326253235460310605e-02,2.108875448194658109e-02,3.210850054853905261e-02,3.885871347536288267e-01,1.344770420644928952e-02,5.667747905515694434e-02,5.453254546513915807e-02,5.878774199775846365e-02,2.643461478598011297e-02,7.632991920953303630e-03,-5.015263046312517896e-03,-3.564491459524254946e-03
7.950000000000000178e+00,1.449377640000082845e+00,1.116638135723520137e-01,1.686600365674230773e+00,9.991592959673025742e-01,-1.367593485927793423e-02,2.114098075198472468e-02,3.235319181616291839e-02,3.954607001070002403e-01,1.514902746969977280e-02,5.728247402090917706e-02,5.487094879887696036e-02,6.098505356847576386e-02,2.633246610532705492e-02,7.658772341420384475e-03,-4.967361040991828854e-03,-3.585465948910661338e-03
8.000000000000000000e+00,1.470157616494818242e+00,1.137560196638618126e-01,1.689516735764656996e+00,9.991611355652850746e-01,-1.375913807593819906e-02,2.114302260381400317e-02,3.225963252226800998e-02,4.034313483705072034e-01,1.602107228817287871e-02,5.931237813659564345e-02,5.543125728732568175e-02,6.492291052506608817e-02,2.618143409828435283e-02,7.680984903843909514e-03,-4.917132259381964965e-03,-3.602113075382156349e-03
8.050000000000000711e+00,1.490983401463424229e+00,1.154900828949772945e-01,1.692383732537440011e+00,9.991540952287408794e-01,-1.417649990024848553e-02,2.099145618170450076e-02,3.239567263672885056e-02,4.134792467986949660e-01,1.668713722528623877e-02,5.871657467584594225e-02,5.578440170231892259e-02,6.797612985294658461e-02,2.607753341732919894e-02,7.703257985485838580e-03,-4.879757728360336645e-03,-3.610383557383546431e-03
8.099999999999999645e+00,1.514839316616262144e+00,1.168500810939903101e-01,1.695787193374584723e+00,9.991392620415115999e-01,-1.478237279266808243e-02,2.113790707945850320e-02,3.248700334076012192e-02,4.234138658855236548e-01,1.574913517181118772e-02,6.054688996594682904e-02,5.734397852369248899e-02,7.464744426147693068e-02,2.587990920504176784e-02,7.723495496509996672e-03,-4.839014734985588005e-03,-3.609707220213849519e-03
8.150000000000000355e+00,1.539604337017303148e+00,1.172152513351649022e-01,1.699300166992615102e+00,9.991317791596738829e-01,-1.514481666615657800e-02,2.131430306777884823e-02,3.243490228300432293e-02,4.324865859965611459e-01,1.666706018372371423e-02,6.133133800539261604e-02,5.895598114573483844e-02,8.056130088697568969e-02,2.570976057717368202e-02,7.726467437143920772e-03,-4.804314205870273587e-03,-3.610345443987632297e-03
8.200000000000001066e+00,1.562830812667847624e+00,1.167679378518995947e-01,1.702445037633798952e+00,9.991273667064332065e-01,-1.568906355426574056e-02,2.134452245689038782e-02,3.229194549955059779e-02,4.412105430074373946e-01,1.325900565522788316e-02,6.005707816732876181e-02,6.031434147132072598e-02,8.567487511723884119e-02,2.555303447514594567e-02,7.727445753810982705e-03,-4.759532377029110535e-03,-3.613728176602669200e-03
8.250000000000000000e+00,1.586489790739201267e+00,1.158581482055446032e-01,1.705546273325735385e+00,9.991323284450379649e-01,-1.585891866575388914e-02,2.136256173952763571e-02,3.204256404650680790e-02,4.505572121729057855e-01,1.129600342449000802e-02,6.019953646738186726e-02,6.157469875795550801e-02,9.096224886682145738e-02,2.538636371090399746e-02,7.722606362336339667e-03,-4.708751607721362552e-03,-3.620774676228121890e-03
8.300000000000000711e+00,1.608096961394463342e+00,1.151775148731291609e-01,1.708389079504470276e+00,9.991334121009903813e-01,-1.612656475187423596e-02,2.138372379383020327e-02,3.186055695441046554e-02,4.599019960792191108e-01,1.031354027839705839e-02,6.312636191478751546e-02,6.221479745062739181e-02,9.557616311500821693e-02,2.523922411874317262e-02,7.720618442820710928e-03,-4.655006233593488897e-03,-3.636517068431919554e-03
8.349999999999999645e+00,1.628426638622389788e+00,1.143690655588193023e-01,1.711130864909731875e+00,9.991362926687051838e-01,-1.649922853408796602e-02,2.135350180138137835e-02,3.159860900156427621e-02,4.674435265770459091e-01,8.749748987815537601e-03,6.498143101306262659e-02,6.228481535808809422e-02,9.957608449762742064e-02,2.510946758155133476e-02,7.719026842954610119e-03,-4.597234573380896104e-03,-3.652874604727608231e-03
8.400000000000000355e+00,1.650204540112071072e+00,1.144071177236502257e-01,1.714226195020881027e+00,9.991366293050792935e-01,-1.680252545456771551e-02,2.135065708720813860e-02,3.142961280667658230e-02,4.766131518071533013e-01,8.528991694148198646e-03,6.597526228515562807e-02,6.224668876958667357e-02,1.038574699712572769e-01,2.495928310809486517e-02,7.717435980008030376e-03,-4.539657210848013422e-03,-3.664822492756298310e-03
8.450000000000001066e+00,1.669621881033238608e+00,1.142496941896698759e-01,1.716927963020036696e+00,9.991322914713646197e-01,-1.715206611656447042e-02,2.142916613324727382e-02,3.132509546588658350e-02,4.858251393610298341e-01,1.132009119279674472e-02,6.680612823334496075e-02,6.216964135446817474e-02,1.083295205707080905e-01,2.481282641708540751e-02,7.725006112351024724e-03,-4.475670313275245324e-03,-3.666350648387433232e-03
8.500000000000000000e+00,1.689632266943787986e+00,1.147207575046731709e-01,1.719821712546157455e+00,9.991286581026961322e-01,-1.776244289131360607e-02,2.127340339358025495e-02,3.120676991443955064e-02,4.938150031835178977e-01,1.172986204210343768e-02,6.919240925629537020e-02,6.206174357610163422e-02,1.133029669483971991e-01,2.465286240897924044e-02,7.735933030650741886e-03,-4.413367675335563151e-03,-3.671682411380108261e-03
8.550000000000000711e+00,1.710128076646330264e+00,1.152177535689918458e-01,1.722792471026657557e+00,9.991144695367070172e-01,-1.828411663524452321e-02,2.132279848802081171e-02,3.132580575009093898e-02,5.031154618615202301e-01,1.131437282567111791e-02,6.984396075687834826e-02,6.151516205891523204e-02,1.175711703927313084e-01,2.450061905893505948e-02,7.740998461508935037e-03,-4.347387622398771710e-03,-3.663777856900177991e-03
8.599999999999999645e+00,1.731205682627444231e+00,1.159439351509951449e-01,1.725863984895136483e+00,9.991145621439868618e-01,-1.864762941468157617e-02,2.116830870824698563e-02,3.121314363332194572e-02,5.127947621301105485e-01,1.190673702955205408e-02,7.203064395572952860e-02,6.072501712698410298e-02,1.214653147906943065e-01,2.434389807978722120e-02,7.748923444197779696e-03,-4.276147400211904523e-03,-3.656100890720112486e-03
8.650000000000000355e+00,1.753289243854847967e+00,1.172091248250651530e-01,1.728967313066891220e+00,9.991135303226393871e-01,-1.883411278380980880e-02,2.094697222957499563e-02,3.128344732110838189e-02,5.223654486404221142e-01,1.435933616127919692e-02,7.132423970277593228e-02,5.925346862840186885e-02,1.235854921024208269e-01,2.422108845252117851e-02,7.756610685848280666e-03,-4.207662909518329608e-03,-3.651247040913982531e-03
8.700000000000001066e+00,1.781016818521915512e+00,1.194034771894392916e-01,1.733018532251411781e+00,9.991073856561277777e-01,-1.910276942155723218e-02,2.078728405360493262e-02,3.142300032586001213e-02,5.326062651780445467e-01,1.736327668984878614e-02,7.260451366810960483e-02,5.795445090198242388e-02,1.270894245784147947e-01,2.403715866632334663e-02,7.757459426429190105e-03,-4.142152069956136877e-03,-3.645715670778165978e-03
8.750000000000000000e+00,1.805512248721746538e+00,1.207505913963855398e-01,1.736826281136965688e+00,9.991013277678261195e-01,-1.974178206861770812e-02,2.072709335446708268e-02,3.125998231600852356e-02,5.415252348059254039e-01,1.944750395451798342e-02,7.492988014248180839e-02,5.723226865893272369e-02,1.341734964682533560e-01,2.380466648708187000e-02,7.764865813803546388e-03,-4.068742524051923576e-03,-3.641258548499364065e-03
8.800000000000000711e+00,1.828981761444534282e+00,1.215436808720357642e-01,1.740297650659354156e+00,9.991119031382449389e-01,-2.004060228112791373e-02,2.037416113718272179e-02,3.096244217822894523e-02,5.494747630790490778e-01,1.985358106442884629e-02,7.531660105654076898e-02,5.595567504208601162e-02,1.381109323379648701e-01,2.366063759896688129e-02,7.770387198290147450e-03,-4.004902435714827354e-03,-3.634425608084427151e-03
8.849999999999999645e+00,1.855080642295935611e+00,1.227050744877366956e-01,1.744074556039471258e+00,9.991218405424862059e-01,-2.026869798887605961e-02,2.002133413744882490e-02,3.072252939110253073e-02,5.587907259180602271e-01,2.115918074762004539e-02,7.563670680274041380e-02,5.433872780922534285e-02,1.410298146131978292e-01,2.352310104786043549e-02,7.774427528476822620e-03,-3.944215784551515815e-03,-3.633731932099998167e-03
8.900000000000000355e+00,1.880272379711559472e+00,1.219494216896148675e-01,1.747615187348933175e+00,9.991333826389630079e-01,-2.041950252802069918e-02,1.953988066849247571e-02,3.055684336433968362e-02,5.669992280029492182e-01,2.167760424510268430e-02,7.776163717668208020e-02,5.259249179170953636e-02,1.423162464032428909e-01,2.342825994456501637e-02,7.769218114234499074e-03,-3.891188553734253614e-03,-3.627831581958335886e-03
8.950000000000001066e+00,1.907520211134111410e+00,1.201867706622105902e-01,1.751531731337590658e+00,9.991508037537127906e-01,-2.046779810097426253e-02,1.914003953046378159e-02,3.020595116826739479e-02,5.750100341856829722e-01,2.113780840695964752e-02,7.837156852788706995e-02,5.070742902625673121e-02,1.427491545019506647e-01,2.334834312862092698e-02,7.755231822191854113e-03,-3.848727473115356925e-03,-3.607145982570883567e-03
9.000000000000000000e+00,1.934864110951369121e+00,1.176091987321803423e-01,1.755411191499091306e+00,9.991666286553801957e-01,-2.074068952501423313e-02,1.909256665537518299e-02,2.951856835923257968e-02,5.844290128339717505e-01,1.919551863651626847e-02,7.682213443986900259e-02,4.893295238530288860e-02,1.440718939099742968e-01,2.326373495969221578e-02,7.734467290469604177e-03,-3.811502778044436636e-03,-3.598324815464946837e-03
9.050000000000000711e+00,1.959440550724282470e+00,1.152940698353190491e-01,1.759010107432067649e+00,9.991787708260980727e-01,-2.084330782430023413e-02,1.908167365473575558e-02,2.903842592020730584e-02,5.947720097091068192e-01,1.843798085983479329e-02,7.854717141078958187e-02,4.708568847026349535e-02,1.472099198559561062e-01,2.315083474164485178e-02,7.716189267738414806e-03,-3.762943905417891199e-03,-3.585052737382769025e-03
9.099999999999999645e+00,1.983386726360247154e+00,1.125341117177055816e-01,1.762661829284601023e+00,9.991926296283429876e-01,-2.119103528681292106e-02,1.896166678748428813e-02,2.838105199795367892e-02,6.020379985851302962e-01,1.749653066676046947e-02,7.986793731152626308e-02,4.532497064693786354e-02,1.521521913409542015e-01,2.300422085897346411e-02,7.702818662687873491e-03,-3.710506451273703869e-03,-3.576259184417434050e-03
9.150000000000000355e+00,2.008050458364609714e+00,1.102682396620404820e-01,1.766390483669654898e+00,9.992026509484237540e-01,-2.152314856453098335e-02,1.871126747902319629e-02,2.794109666494952460e-02,6.121818141693916582e-01,1.670632622858997732e-02,8.149464192387474715e-02,4.366162826817070186e-02,1.561863918531671280e-01,2.288069523628840155e-02,7.688654839772382336e-03,-3.664973410190258685e-03,-3.570533779968451237e-03
9.200000000000001066e+00,2.035067912718881544e+00,1.074360672846811221e-01,1.770868926396601317e+00,9.992176805499279890e-01,-2.177109312290918808e-02,1.855841090326864826e-02,2.730625872215445768e-02,6.230024518020149671e-01,1.503048544857115906e-02,8.388919838352587588e-02,4.210047858389635855e-02,1.636042136276147640e-01,2.269268098690830487e-02,7.674061401877012821e-03,-3.625153620653843740e-03,-3.564962293135022844e-03
9.250000000000000000e+00,2.058501905136162602e+00,1.027522141257685706e-01,1.774714666550278430e+00,9.992371515182096875e-01,-2.206587473041214664e-02,1.826513749576210571e-02,2.654424514686964595e-02,6.327377953807885591e-01,1.318981658263735507e-02,8.607314574314622879e-02,4.029209267386992671e-02,1.690923327464444736e-01,2.255447674824634374e-02,7.661771840489712063e-03,-3.583442575468998460e-03,-3.552237791323782732e-03
9.300000000000000711e+00,2.078808899484931860e+00,9.657997458131425961e-02,1.778433423655464196e+00,9.992544221517297709e-01,-2.249555003960801436e-02,1.813179449318117614e-02,2.560835932044727356e-02,6.427579908972548273e-01,1.181087442063175758e-02,8.726347996730707268e-02,3.816573322533299562e-02,1.771203425106209761e-01,2.238272742608564750e-02,7.644277556764402480e-03,-3.540501684909844703e-03,-3.547496699483984432e-03
9.349999999999999645e+00,2.096309094798375128e+00,8.951169675433456874e-02,1.782101398464947195e+00,9.992720598316234826e-01,-2.303883863909565038e-02,1.790756352171278196e-02,2.457400095104634100e-02,6.470381642487004203e-01,9.646541762106343107e-03,8.912426972927228741e-02,3.561929282871185987e-02,1.867711286149821293e-01,2.218536328016315270e-02,7.630462266657110637e-03,-3.495358172131689169e-03,-3.544127716261398931e-03
9.400000000000000355e+00,2.106677095834168068e+00,7.952555644863847084e-02,1.784853737693209430e+00,9.993013397805109443e-01,-2.356817982865407057e-02,1.753540021152955389e-02,2.310590729362376264e-02,6.476859467171631746e-01,7.267265017378212767e-03,9.243463500874309069e-02,3.218117036406980408e-02,1.953207713389426836e-01,2.202288173038830649e-02,7.610812476914093939e-03,-3.444501406902241054e-03,-3.554389197191682500e-03
9.450000000000001066e+00,2.112921324669793322e+00,6.685912709372533735e-02,1.786921010075437355e+00,9.993409653611260435e-01,-2.379357281128035781e-02,1.700110618736503168e-02,2.150495832065221422e-02,6.455120096729732859e-01,2.473701529277081389e-03,9.346904243952275371e-02,2.772879460729564538e-02,2.005770103665551196e-01,2.190818613661588837e-02,7.584770298982986166e-03,-3.387931513025678205e-03,-3.550866522739188919e-03
9.500000000000000000e+00,2.116924501130223124e+00,5.555186275588420985e-02,1.788580551293893039e+00,9.993748138340665665e-01,-2.403537918429440173e-02,1.653241671220705838e-02,1.997401359882106445e-02,6.442742108580135074e-01,-1.235332569840380187e-03,9.528781347026528403e-02,2.290631993987909260e-02,2.032489482542791381e-01,2.183666600154287804e-02,7.566439813854863167e-03,-3.325658556213589509e-03,-3.551678709284141790e-03
9.550000000000000711e+00,2.124388382946417408e+00,4.628669843964482861e-02,1.790865069295298762e+00,9.994042509160375731e-01,-2.409744204886759417e-02,1.610973138020409257e-02,1.873320828136564031e-02,6.476767109521293087e-01,-2.513546181450458140e-03,9.695201141570287950e-02,1.791726924566887369e-02,2.052174530160832677e-01,2.175340965846108907e-02,7.549285780545383732e-03,-3.262652368288036786e-03,-3.552765738580650461e-03
9.600000000000001421e+00,2.130568657471217708e+00,3.697902951765911356e-02,1.792986047560611862e+00,9.994285411831960175e-01,-2.429647096219022043e-02,1.565073984499869286e-02,1.753074184158050566e-02,6.480236112579378371e-01,-4.596773542843050203e-03,9.799887755561401126e-02,1.279969980337654183e-02,2.062097881856913284e-01,2.168864015397658010e-02,7.532550103216265232e-03,-3.199873357334250944e-03,-3.549997623406484035e-03
9.650000000000000355e+00,2.135607301593555274e+00,2.678203364861587304e-02,1.794586817372753274e+00,9.994488678198847342e-01,-2.449195759295187680e-02,1.537324058579736356e-02,1.630239555117145994e-02,6.470745848147622103e-01,-6.227901919477301686e-03,9.770906077390195676e-02,8.421954232467887547e-03,2.061419069887619748e-01,2.167083507437977258e-02,7.518177733626802556e-03,-3.142745608035031352e-03,-3.541083269907223299e-03
9.700000000000001066e+00,2.135881873945064235e+00,1.385793010315997803e-02,1.795653440527638089e+00,9.994834492923865277e-01,-2.443056291281159656e-02,1.485593271674397371e-02,1.467254066180101631e-02,6.439946496959156885e-01,-8.023835710157582041e-03,9.646318115589619380e-02,3.127194856536948814e-03,2.057345676427791148e-01,2.164915191137050179e-02,7.500401565162869051e-03,-3.080242713598391711e-03,-3.517791249452104085e-03
9.750000000000000000e+00,2.131073573396025989e+00,-6.927468721948989300e-04,1.796706765726573618e+00,9.995162537797400715e-01,-2.447795573996119564e-02,1.438153842289145203e-02,1.269879779734393692e-02,6.405889188264695111e-01,-1.299767766989881959e-02,9.653974178926960636e-02,-3.566967289150867193e-03,2.079300708971601186e-01,2.156949779209917442e-02,7.479529889912696870e-03,-3.011809942813942209e-03,-3.488865243178233908e-03
9.800000000000000711e+00,2.129831706055441032e+00,-1.297330372147920824e-02,1.798944538795043124e+00,9.995375873917867748e-01,-2.476577679088485390e-02,1.381359070589004666e-02,1.097508099106175167e-02,6.387585866164652293e-01,-1.525013734893218738e-02,9.569995224263457001e-02,-1.107376958914058421e-02,2.130932759144882893e-01,2.140827443050071985e-02,7.461186981010484512e-03,-2.944033385942527482e-03,-3.463718191258202163e-03
9.850000000000001421e+00,2.125579549127129209e+00,-2.620355857157315865e-02,1.800482634844449148e+00,9.995581100675955399e-01,-2.500297493763721166e-02,1.322946333481373263e-02,9.133298540902275858e-03,6.365392311061729425e-01,-1.854830804674038880e-02,9.665205520407640916e-02,-1.836638946813952747e-02,2.165781404154708545e-01,2.129488813782728224e-02,7.449172949975880510e-03,-2.878164806136440049e-03,-3.433902279227415023e-03
9.900000000000000355e+00,2.119082544050566952e+00,-4.013858076695814986e-02,1.802112422314149587e+00,9.995730041571697644e-01,-2.529617010404154945e-02,1.273219896220887000e-02,7.197516784605293219e-03,6.329659679500577729e-01,-1.988918212373794875e-02,9.643501323602005071e-02,-2.626933612504597088e-02,2.215071346698394839e-01,2.115153028656411791e-02,7.440914098907638885e-03,-2.812273019300041716e-03,-3.404543238023783301e-03
9.950000000000001066e+00,2.114415455899804286e+00,-5.213412656733747846e-02,1.805113539940362388e+00,9.995825594125765656e-01,-2.569245695749932182e-02,1.203987349025677049e-02,5.444815885643310843e-03,6.309506584043282906e-01,-2.128203706593770686e-02,9.741870782741850199e-02,-3.632440542192327121e-02,2.288480814175753442e-01,2.091033505636600079e-02,7.430456394752389844e-03,-2.737555187238998201e-03,-3.377459021663700538e-03
1.000000000000000000e+01,2.105991000287835480e+00,-6.675954338821527001e-02,1.807789838700457397e+00,9.995909545046705036e-01,-2.603068584933711238e-02,1.133747649849306885e-02,3.433466659356241082e-03,6.271895393776640848e-01,-2.461242852856871874e-02,9.851805007107827805e-02,-4.680676904018302859e-02,2.354894449333578832e-01,2.067620161662472172e-02,7.421808215810648222e-03,-2.665056731536399014e-03,-3.351557605717865422e-03
1.005000000000000071e+01,2.092249642914961516e+00,-8.390971459210655459e-02,1.808642424439985019e+00,9.996008603243844437e-01,-2.618285125544761449e-02,1.054054073562338094e-02,1.214635701012422306e-03,6.229009588471271508e-01,-2.819116513730182683e-02,9.920189305117799172e-02,-5.557092803815547738e-02,2.373819157642775013e-01,2.056422852070803262e-02,7.418547579588419955e-03,-2.592896896837562030e-03,-3.324320764395691241e-03
1.010000000000000142e+01,2.078181071262749313e+00,-1.000236481141388578e-01,1.809867780406365423e+00,9.996025333928929557e-01,-2.641151745597620712e-02,9.833138907033148191e-03,-7.185815319132246581e-04,6.164405391487123298e-01,-3.169310588658159900e-02,1.001244246328932136e-01,-6.530227420885950651e-02,2.396231108854203762e-01,2.041053820170116162e-02,7.419939902510105240e-03,-2.511487842568712464e-03,-3.311014260831518854e-03
1.015000000000000036e+01,2.060532807427045920e+00,-1.204506149097606116e-01,1.810242211606351015e+00,9.996000091929340137e-01,-2.659776244451107080e-02,9.079457000932530941e-03,-3.153429085941555649e-03,6.108737900696321610e-01,-3.595726396311233614e-02,1.000376549087893946e-01,-7.452499065651729815e-02,2.400889172543425876e-01,2.030164289746720294e-02,7.417229839461984310e-03,-2.434911456107876834e-03,-3.297171293560836013e-03
1.020000000000000107e+01,2.046800755909301106e+00,-1.396016067172574093e-01,1.810588404809217566e+00,9.995992837315769153e-01,-2.648162712403983460e-02,8.454276728597193147e-03,-5.340467505564026190e-03,6.065566782905625898e-01,-3.751204859243838924e-02,1.000274949996695500e-01,-8.223601276264916327e-02,2.389794562667686140e-01,2.023762921348459115e-02,7.424842990691491590e-03,-2.365324937987363808e-03,-3.273642920045075067e-03
1.025000000000000000e+01,2.036126566829483231e+00,-1.562340712971654610e-01,1.811670786307645331e+00,9.995926948418117908e-01,-2.649227381926937824e-02,7.670460287372642648e-03,-7.332658845826458063e-03,6.015074431750753181e-01,-3.714592135946818974e-02,9.995292046146650455e-02,-9.007109678250865836e-02,2.386904613787002027e-01,2.014472422524144282e-02,7.432763640121660756e-03,-2.297166599300656635e-03,-3.252208628436708843e-03
1.030000000000000071e+01,2.035588568134243825e+00,-1.743373091700638755e-01,1.813598940126632586e+00,9.995782053459164596e-01,-2.657486613176978166e-02,7.098334780122864292e-03,-9.316733916163279575e-03,6.020753870627439941e-01,-4.190043086715825038e-02,9.941967288291930771e-02,-9.635408542028611745e-02,2.371259143391226121e-01,2.006372861855500872e-02,7.434966824596800014e-03,-2.244945231468931188e-03,-3.222274956845861023e-03
1.035000000000000142e+01,2.033657846000234581e+00,-1.938431418693288277e-01,1.815749991928300666e+00,9.995601394621654867e-01,-2.644348858422939166e-02,6.516444561323458777e-03,-1.173905703842040814e-02,5.995499940943391781e-01,-4.370517922373028108e-02,1.009343383225557722e-01,-1.034806898909613471e-01,2.362643240404830036e-01,1.995228443552695893e-02,7.435376431288933004e-03,-2.189777846652875368e-03,-3.190243057917089252e-03
1.040000000000000036e+01,2.042589188822822255e+00,-2.057043398047657956e-01,1.820382827274181992e+00,9.995346062464093295e-01,-2.682880242105123436e-02,5.991469443039128089e-03,-1.322454424170621708e-02,6.034689428981673265e-01,-4.311518130986598946e-02,1.014183601493726383e-01,-1.108767216072805151e-01,2.389097769785809011e-01,1.977335824999702785e-02,7.437072335906584966e-03,-2.147507139497646829e-03,-3.135662404480764852e-03
1.045000000000000107e+01,2.029992403429339731e+00,-2.287955119481074329e-01,1.822286121936669945e+00,9.994947077392284385e-01,-2.692746700407452204e-02,5.515959843404693273e-03,-1.596292294740471462e-02,5.998114872261347541e-01,-5.176450083831247301e-02,1.024896293649980028e-01,-1.201026004081535564e-01,2.411605549318985853e-01,1.962111920534017478e-02,7.427322666422651529e-03,-2.090919821360936841e-03,-3.094436079902610024e-03
1.050000000000000000e+01,2.020748746983644928e+00,-2.473682746617979766e-01,1.824006125113168508e+00,9.994603865996719572e-01,-2.684844361021118328e-02,4.878422564613798737e-03,-1.828380942322577890e-02,5.956851895355141924e-01,-5.390337483680347763e-02,1.053895258924330836e-01,-1.275299366429534786e-01,2.417688433699426986e-01,1.952947693290335573e-02,7.419077993550334503e-03,-2.035987580246794142e-03,-3.056530001065246860e-03
1.055000000000000071e+01,2.016475217146158627e+00,-2.636827327813154320e-01,1.826996277356027543e+00,9.994161384437766360e-01,-2.713851178923330429e-02,4.334012338973415243e-03,-2.030023972865911339e-02,5.935861510231552618e-01,-5.601512516299292366e-02,1.072249223177649258e-01,-1.357247088585038231e-01,2.432849731484863776e-01,1.938512581688652328e-02,7.414133097939799334e-03,-1.977592756299182374e-03,-3.026123337546239144e-03
1.060000000000000142e+01,2.011283022372401863e+00,-2.819361567295232684e-01,1.829360673061281028e+00,9.993736747730750380e-01,-2.709485014059842198e-02,3.788984584365392896e-03,-2.244484043690581423e-02,5.928517965647410737e-01,-5.705492871488593992e-02,1.072633672128885801e-01,-1.428769691601477487e-01,2.432665732038067075e-01,1.928450230690747710e-02,7.410375201769726222e-03,-1.922934455563690562e-03,-2.990407743852789742e-03
1.065000000000000036e+01,2.008660740011301460e+00,-2.974049788543901562e-01,1.831847667426946602e+00,9.993257953612302291e-01,-2.723825155053649985e-02,3.198247790064390628e-03,-2.440908824982794198e-02,5.912302002510210208e-01,-5.712694830307772642e-02,1.087641593218770381e-01,-1.492163640575073780e-01,2.425980940398892172e-01,1.920848350626853940e-02,7.405514882243760012e-03,-1.871897636327436894e-03,-2.968724350877020857e-03
1.070000000000000107e+01,2.008955822238504663e+00,-3.093006841802984352e-01,1.835843274027373795e+00,9.992825238284581690e-01,-2.755513019501429350e-02,2.899541370644789437e-03,-2.582140644509019201e-02,5.907939844865583989e-01,-5.734767311012111540e-02,1.101277785708733581e-01,-1.570040336867728481e-01,2.448491417431298833e-01,1.906103473176425089e-02,7.400658861451009547e-03,-1.818344679695906062e-03,-2.949830537389303269e-03
1.075000000000000000e+01,2.018025674123803626e+00,-3.205278675461180615e-01,1.840313259235548449e+00,9.992507172387503633e-01,-2.763695285359963130e-02,2.438527102160960042e-03,-2.698622834674703139e-02,5.951400920274845241e-01,-5.726790295785790658e-02,1.099683081003897389e-01,-1.632055867531456983e-01,2.452712494413777644e-01,1.893159438087903962e-02,7.394348532490500718e-03,-1.769296083943702313e-03,-2.929636446097847683e-03
1.080000000000000071e+01,2.029046903789331946e+00,-3.339156978828903277e-01,1.846306080852910592e+00,9.992052502067394482e-01,-2.797898047241553776e-02,1.890405357780496585e-03,-2.832791871272549028e-02,5.989907358865709242e-01,-5.988185401160202315e-02,1.116967374842490757e-01,-1.715038387736429470e-01,2.479336099425989703e-01,1.871185357229075003e-02,7.381069977672609188e-03,-1.721045447270154330e-03,-2.900191768751211874e-03
1.085000000000000142e+01,2.050614087770306071e+00,-3.446074976878650276e-01,1.852753830659222167e+00,9.991687294442564982e-01,-2.809378730870171204e-02,1.438328908908812799e-03,-2.950458312454515633e-02,6.040650929025649374e-01,-6.105911067502496625e-02,1.134735308710881213e-01,-1.773291623830764996e-01,2.491124075764186985e-01,1.853646790213718185e-02,7.365452723199163512e-03,-1.680209867641785024e-03,-2.878927054501877279e-03
1.090000000000000036e+01,2.078275267891880773e+00,-3.507095325627947457e-01,1.860440715353325780e+00,9.991358789676367813e-01,-2.846990706294989446e-02,1.088914445436082838e-03,-3.026175832176948230e-02,6.144045675117306704e-01,-5.803403874234817211e-02,1.158976333289943317e-01,-1.833264823608257155e-01,2.518483189416225732e-01,1.833608228427732745e-02,7.350389078173960068e-03,-1.639062951030211554e-03,-2.857946591085198246e-03
1.095000000000000107e+01,2.109493249284786209e+00,-3.592067306979279673e-01,1.869010698175065155e+00,9.991000139028177740e-01,-2.871066849964991341e-02,7.316303730340971423e-04,-3.121417067118588060e-02,6.256513234625813435e-01,-5.685193507018897890e-02,1.197271277362738917e-01,-1.897415019014335735e-01,2.553889966248954480e-01,1.810735265577540984e-02,7.332627742501628305e-03,-1.600591225758244080e-03,-2.833002553343129393e-03
1.100000000000000000e+01,2.142705299261320029e+00,-3.657321716312323390e-01,1.876630544523398392e+00,9.990725665723693139e-01,-2.890817421955297478e-02,4.959625052937049550e-04,-3.190733782351503484e-02,6.390070180740896610e-01,-5.667176713904906182e-02,1.213054382515335733e-01,-1.934318460979646548e-01,2.565794465767026744e-01,1.797062965706519577e-02,7.313593636956122572e-03,-1.571171876489751767e-03,-2.812260855834291043e-03
1.105000000000000071e+01,2.176843977627548998e+00,-3.711727144744526030e-01,1.884514009787576105e+00,9.990511186546300326e-01,-2.902937414795048535e-02,2.345712226413025983e-04,-3.246694823743451891e-02,6.492999793597346025e-01,-5.347568478672980186e-02,1.249684910862939036e-01,-1.972196129280471832e-01,2.580457201007296808e-01,1.782674771321949084e-02,7.297851519508608172e-03,-1.540864212887527564e-03,-2.800425886225646737e-03
1.110000000000000142e+01,2.218131296944354958e+00,-3.788712405133310979e-01,1.894426242439985586e+00,9.990214145677269730e-01,-2.917615691899861155e-02,-1.450756065089641887e-04,-3.324069878332890082e-02,6.637272177566095888e-01,-5.054854262019230909e-02,1.268826929395803216e-01,-2.026321766160891769e-01,2.615926981060536782e-01,1.759273909095003877e-02,7.282475297454704156e-03,-1.508759582315907441e-03,-2.776610622898331975e-03
1.115000000000000036e+01,2.265366283931543379e+00,-3.877864288037218832e-01,1.904881554766646223e+00,9.989925147440175124e-01,-2.920940364023159874e-02,-3.762457425295054792e-04,-3.406794187424772025e-02,6.795846103872673627e-01,-5.249832297845053591e-02,1.278033856766802590e-01,-2.074039815074382453e-01,2.651019036685860475e-01,1.736026357494770828e-02,7.269323131117854699e-03,-1.480408699296548733e-03,-2.756332217383796086e-03
1.120000000000000107e+01,2.317653452084436960e+00,-3.973264648693793921e-01,1.915678991738959391e+00,9.989527562229154611e-01,-2.950219382419317846e-02,-6.555296732741303133e-04,-3.496543543340700777e-02,6.966809853164629418e-01,-5.353480581385426651e-02,1.309776494006182346e-01,-2.116210978032101453e-01,2.676692888717554508e-01,1.712038937993804952e-02,7.263234902911920934e-03,-1.446751771516524088e-03,-2.736087443753101867e-03
1.125000000000000000e+01,2.363637166166746795e+00,-4.058515569276952006e-01,1.926324352339330526e+00,9.989204578804860013e-01,-2.976265777364238765e-02,-8.240064127310346362e-04,-3.565703357713816135e-02,7.109610042604533886e-01,-5.615921798111962043e-02,1.374546411808064417e-01,-2.165998725692806215e-01,2.716668656304160323e-01,1.688774896887297594e-02,7.257254226577398645e-03,-1.413905740558755184e-03,-2.720698459374956170e-03
1.130000000000000071e+01,2.411874779291836468e+00,-4.181379448704137802e-01,1.937941034441562405e+00,9.988730978671253036e-01,-2.995927282289216273e-02,-1.019607885276446616e-03,-3.679587923961168822e-02,7.263904156842381221e-01,-5.751818124215887090e-02,1.399333234721088781e-01,-2.223792483533534592e-01,2.764822533396523729e-01,1.661289247502063110e-02,7.255584109090584474e-03,-1.377909549175062491e-03,-2.698284550935888502e-03
1.135000000000000142e+01,2.467598170187469631e+00,-4.336234847651422863e-01,1.951251126094959432e+00,9.988113094698212180e-01,-3.040211664720954277e-02,-1.366859519129888382e-03,-3.807638472341685204e-02,7.440064520121656422e-01,-6.038898203085992650e-02,1.449958994646388666e-01,-2.287528586732461011e-01,2.823943246567234278e-01,1.629024441985266886e-02,7.249146122756720302e-03,-1.347405544646711065e-03,-2.665284802923334560e-03
1.140000000000000036e+01,2.515908493633165488e+00,-4.450919405996249245e-01,1.963048734444101662e+00,9.987590244180881704e-01,-3.066968121469937358e-02,-1.709460486427230629e-03,-3.920280018650278836e-02,7.596501626506850791e-01,-5.978772965237712927e-02,1.481663130597552502e-01,-2.342081958069947289e-01,2.873238121139939372e-01,1.604528171029697900e-02,7.241883415361067763e-03,-1.317165157746859111e-03,-2.636191607290372472e-03
1.145000000000000107e+01,2.564100443728639434e+00,-4.550774634157429555e-01,1.974595475933504263e+00,9.987105201419423928e-01,-3.094226680107529243e-02,-2.032377405658460524e-03,-4.019629989318503765e-02,7.754374676393948063e-01,-6.195251105689416476e-02,1.534834251666935823e-01,-2.391925789077538611e-01,2.914068171077535685e-01,1.582271974084003760e-02,7.227685739812891690e-03,-1.284381340335575715e-03,-2.611376178181172396e-03
1.150000000000000000e+01,2.616786498470958122e+00,-4.672016808511007535e-01,1.985784282580087545e+00,9.986657233060970418e-01,-3.104004317333433974e-02,-2.213990087609573124e-03,-4.121149185845774526e-02,7.925817678984663495e-01,-6.462901094594322715e-02,1.572200723791133681e-01,-2.426370438896232884e-01,2.933907833541262167e-01,1.563873403869886838e-02,7.211267461002209000e-03,-1.251498961171092781e-03,-2.591737586355995649e-03
1.155000000000000071e+01,2.668159906121669422e+00,-4.786883558238076430e-01,1.996434072864997855e+00,9.986188423672829328e-01,-3.125532456909411311e-02,-2.387690409955383914e-03,-4.216409953520324633e-02,8.067674976009442389e-01,-6.575136085846046419e-02,1.601094772842033831e-01,-2.454256936718129112e-01,2.944146613856027384e-01,1.548022335324983519e-02,7.192571942889493947e-03,-1.214839919418371841e-03,-2.574036604946056822e-03
1.160000000000000142e+01,2.719498161431745498e+00,-4.897859042585759881e-01,2.006483996229004418e+00,9.985883893816038803e-01,-3.097953419574715761e-02,-2.638436680287556402e-03,-4.306432055835729411e-02,8.214510780588808458e-01,-6.653391233491168233e-02,1.627255240697453031e-01,-2.472276312160007761e-01,2.944582229911689719e-01,1.536730588220947512e-02,7.173000280574709855e-03,-1.183707713815719629e-03,-2.558493683018376024e-03
1.165000000000000036e+01,2.774217491473740083e+00,-5.018382547893495138e-01,2.016725736072327635e+00,9.985490927095234115e-01,-3.100049442777420491e-02,-2.825621104449537509e-03,-4.393967068146240051e-02,8.386436144070802401e-01,-6.807299409089062614e-02,1.661966492291983566e-01,-2.485447920439697311e-01,2.941697232824296293e-01,1.526645147846131777e-02,7.152635151105915176e-03,-1.157386029265295531e-03,-2.544022324025749758e-03
1.170000000000000107e+01,2.832386548280452665e+00,-5.153776250757929889e-01,2.027394300350617851e+00,9.985166128834591648e-01,-3.078101517572158843e-02,-2.945299778155637330e-03,-4.481548961813257292e-02,8.569982129156539230e-01,-6.849624997924436132e-02,1.687791791458399249e-01,-2.496722300223599422e-01,2.935148979376691059e-01,1.515938475056258228e-02,7.134448861223878502e-03,-1.130024725493520383e-03,-2.523077792089679743e-03
1.175000000000000000e+01,2.887123999546731490e+00,-5.263634645816803737e-01,2.037895534988559021e+00,9.984820817896268297e-01,-3.077741904502967474e-02,-2.936646831960632552e-03,-4.558134407149520839e-02,8.749829987684462074e-01,-7.081360961432139889e-02,1.698231773498603270e-01,-2.514303325550499846e-01,2.934139613181089845e-01,1.504957622422956054e-02,7.113805119372417288e-03,-1.100275954281357011e-03,-2.506516422381270884e-03
1.180000000000000071e+01,2.951334937097970013e+00,-5.421267420419703109e-01,2.051522918589661071e+00,9.984444445885970465e-01,-3.077310690015283220e-02,-3.263008271678783604e-03,-4.637951852810373587e-02,8.937522233677779315e-01,-7.600797197387697268e-02,1.734704737571536315e-01,-2.554734362139193249e-01,2.962050308280854694e-01,1.483039483503338814e-02,7.091646004249812368e-03,-1.074587669392985815e-03,-2.480772667047368742e-03
1.185000000000000142e+01,3.013085940641500926e+00,-5.561124970065430828e-01,2.063984334631836504e+00,9.983968645709642153e-01,-3.074461104942293951e-02,-3.476801453453731445e-03,-4.739600782703961429e-02,9.097025063266854783e-01,-7.881517906672379226e-02,1.757451380143592867e-01,-2.584525554766333721e-01,2.975705910203672033e-01,1.466505825836457097e-02,7.065375832049029109e-03,-1.049575002268247296e-03,-2.461645055801381897e-03
1.190000000000000036e+01,3.075523179913247862e+00,-5.687868350014716468e-01,2.077319478114060924e+00,9.983474871319879540e-01,-3.091807218105803445e-02,-3.642908434306367602e-03,-4.830214247827106788e-02,9.286022175451619232e-01,-8.213024780510762290e-02,1.801074751949803820e-01,-2.622947422522933780e-01,3.001455213756707430e-01,1.447332494592352102e-02,7.038327738598497071e-03,-1.024772343488294848e-03,-2.446541791663502975e-03
1.195000000000000107e+01,3.138709691749696162e+00,-5.830812924032695577e-01,2.091362057663432861e+00,9.983099535368398225e-01,-3.101481945645341229e-02,-3.890714375678040737e-03,-4.899163178547149416e-02,9.470367480933318260e-01,-8.727831879442377039e-02,1.822377539706408756e-01,-2.671251076466311103e-01,3.035023616240368760e-01,1.424987319813992084e-02,7.009642468225693417e-03,-9.909951348941207702e-04,-2.431811746070849933e-03
1.200000000000000000e+01,3.201627269924124164e+00,-5.982408004411123859e-01,2.104301475095493146e+00,9.982769530850182926e-01,-3.099302273731704277e-02,-4.258816160273188288e-03,-4.964292462989426669e-02,9.636115971564950256e-01,-9.265226972015550011e-02,1.877061967230728434e-01,-2.705051116869274241e-01,3.047860186173319552e-01,1.408457005661324646e-02,6.973226198472957590e-03,-9.603475544360356693e-04,-2.417230114707872787e-03
1.205000000000000071e+01,3.269322906809382978e+00,-6.155657181378657583e-01,2.117936604676976309e+00,9.982317609558772897e-01,-3.095439568651535758e-02,-4.545714294301431493e-03,-5.054219314756353693e-02,9.802660397165193773e-01,-9.813217023407878881e-02,1.901250162547602762e-01,-2.737720641593969773e-01,3.057873499837857056e-01,1.391713879876939168e-02,6.928559586427876678e-03,-9.368887850433039967e-04,-2.398953815481782471e-03
1.210000000000000142e+01,3.334268740527222441e+00,-6.313045375644822377e-01,2.131287080782846122e+00,9.982077540025797724e-01,-3.059940695971770028e-02,-4.813975430442245067e-03,-5.120333761966783942e-02,9.977147613514447677e-01,-1.014938195357294182e-01,1.912973654628357667e-01,-2.773805583534740271e-01,3.068858618613640732e-01,1.375357667835151905e-02,6.883647748476676154e-03,-9.070964996708006430e-04,-2.383459066285799864e-03
1.215000000000000036e+01,3.401534788813100452e+00,-6.483421820603650909e-01,2.143864910740788776e+00,9.981799387220126052e-01,-3.034255481951958835e-02,-5.148449852369062739e-03,-5.186166950707598450e-02,1.014838600575954874e+00,-1.082530875975349777e-01,1.935932441704109608e-01,-2.797129401992066167e-01,3.062244500767388744e-01,1.363228157732339005e-02,6.833018212973201305e-03,-8.785757753181288546e-04,-2.359911289282191644e-03
1.220000000000000107e+01,3.461214733909753871e+00,-6.632909929664783100e-01,2.155049426455182271e+00,9.981590831790476681e-01,-3.014903178630207181e-02,-5.312178640943703359e-03,-5.235705594853826833e-02,1.029372519666837738e+00,-1.139424280368843828e-01,1.949900437504916151e-01,-2.819712268330254457e-01,3.051698371545281674e-01,1.355794313065189494e-02,6.766692662383891159e-03,-8.497739477276734224e-04,-2.330344480339334532e-03
1.225000000000000000e+01,3.520991412216452954e+00,-6.811119540607603051e-01,2.165648993557158786e+00,9.981466789198217837e-01,-2.963023358173955124e-02,-5.561317255930908060e-03,-5.286140718521063070e-02,1.042463989452068196e+00,-1.204855382778228928e-01,1.981897126576611379e-01,-2.837512261709843608e-01,3.024397771234880739e-01,1.349000535538481642e-02,6.713367914350126461e-03,-8.143492226021277220e-04,-2.295214105830069816e-03
1.230000000000000071e+01,3.577161286293724984e+00,-6.974741052324310298e-01,2.175396055949348817e+00,9.981233304512399096e-01,-2.928977095121489821e-02,-5.757413557284143599e-03,-5.346754824826699393e-02,1.054307245912637914e+00,-1.270874637902007498e-01,1.993528435409791522e-01,-2.850843605345377285e-01,2.991364809823447435e-01,1.345050710117591010e-02,6.660876918574946612e-03,-7.806511295021110108e-04,-2.265814111607164592e-03
1.235000000000000142e+01,3.629083379473534876e+00,-7.139753835191426923e-01,2.184675847819293359e+00,9.980927204318618129e-01,-2.908160131192469994e-02,-6.071072422349338069e-03,-5.411399048030156311e-02,1.066975157500004157e+00,-1.335949230887380212e-01,1.999958241220855804e-01,-2.867922358249312409e-01,2.959719138037087971e-01,1.340981529780008695e-02,6.614103842511083117e-03,-7.425533428686004449e-04,-2.241374425236471873e-03
1.240000000000000036e+01,3.680363417964358508e+00,-7.292480929119493638e-01,2.194341503113998559e+00,9.980649412223545625e-01,-2.887986453627400252e-02,-6.321697231534860115e-03,-5.470249236823792466e-02,1.080048649224045310e+00,-1.386647051611591408e-01,2.011090645958155676e-01,-2.890268796324317879e-01,2.933129635308172611e-01,1.335030136419725587e-02,6.567808096934388967e-03,-7.025419843012944369e-04,-2.225155498482052005e-03
1.245000000000000107e+01,3.731020398414193195e+00,-7.485482529973574994e-01,2.204253479451890207e+00,9.980374262255993223e-01,-2.866686245829041385e-02,-6.591969025556275452e-03,-5.528157734856200406e-02,1.089369709404974129e+00,-1.443231915480883698e-01,2.027073399278139509e-01,-2.920058364861408129e-01,2.909488577030474588e-01,1.327352234622146410e-02,6.516008179969843064e-03,-6.645944165795993888e-04,-2.221126080004528960e-03
1.250000000000000000e+01,3.779808404827909918e+00,-7.656452321358206969e-01,2.213340409100075235e+00,9.980101773181869751e-01,-2.831629863661241225e-02,-6.813837371180299710e-03,-5.592356230715433280e-02,1.101098457266240560e+00,-1.495494113302825723e-01,2.057904645667596177e-01,-2.940298156214056213e-01,2.878738451690571742e-01,1.322891865287157548e-02,6.473476044449130717e-03,-6.287278429441549472e-04,-2.214909659411607931e-03
1.255000000000000071e+01,3.833124724746442613e+00,-7.826373687153912462e-01,2.223529474602292222e+00,9.979896470790938778e-01,-2.792199309973743965e-02,-7.110760825331238939e-03,-5.644877062229888831e-02,1.114417001616239355e+00,-1.563760655615818451e-01,2.083733616456773241e-01,-2.960541149192310040e-01,2.854834116228158192e-01,1.316981708350349438e-02,6.435777026859557277e-03,-5.998908466541833439e-04,-2.207166077385322531e-03
1.260000000000000142e+01,3.883595365237391128e+00,-7.986207921951480326e-01,2.232306176829013999e+00,9.979717145775126586e-01,-2.751962640879384442e-02,-7.393989405821759127e-03,-5.692500317265416360e-02,1.126408725625567930e+00,-1.603395426944700108e-01,2.095334537288422450e-01,-2.966983575064021661e-01,2.821581054271662392e-01,1.316925161827201506e-02,6.402840870611488204e-03,-5.789370146968842975e-04,-2.189941125455066410e-03
1.265000000000000036e+01,3.930825612478036746e+00,-8.125139362469762094e-01,2.240305408464307924e+00,9.979460457918037930e-01,-2.739251876298438859e-02,-7.368981520507029113e-03,-5.743725024470555662e-02,1.137609948673237614e+00,-1.623369020893553616e-01,2.109261458708952819e-01,-2.969803667113471990e-01,2.785610439005838934e-01,1.318954391657378364e-02,6.373194026331173781e-03,-5.558490834042780285e-04,-2.170638334267310354e-03
1.270000000000000107e+01,3.979881676545139690e+00,-8.280071360155192295e-01,2.248374771204504352e+00,9.979147058387470848e-01,-2.733813418026714848e-02,-7.474948846244267725e-03,-5.799130477972219699e-02,1.148537413277606944e+00,-1.634171299278807665e-01,2.125310193259009051e-01,-2.969932762813446425e-01,2.749406776881808123e-01,1.321476449992250828e-02,6.338465082151140649e-03,-5.362230939843619110e-04,-2.153937429789410090e-03
1.275000000000000000e+01,4.021698292011105735e+00,-8.454215967123279718e-01,2.255039487711494761e+00,9.978838855622284010e-01,-2.693695710306794056e-02,-7.609683140403936639e-03,-5.868768184005427463e-02,1.157246295682946124e+00,-1.672774146812058271e-01,2.115146185122884492e-01,-2.969787740828704337e-01,2.705905740386447822e-01,1.326044178779471269e-02,6.305570331214959898e-03,-5.120367647150435688e-04,-2.144215728054155688e-03
1.280000000000000071e+01,4.058957688162472266e+00,-8.619750334381469647e-01,2.258363258536888907e+00,9.978517659882917279e-01,-2.647849609929106562e-02,-7.668343254332056491e-03,-5.943011753396635483e-02,1.167635244589582566e+00,-1.713917015732352722e-01,2.098533379512611541e-01,-2.942395976272042524e-01,2.638212034110177795e-01,1.341009224414531180e-02,6.269506924723350187e-03,-4.898599701034676498e-04,-2.140463764578958740e-03
1.285000000000000142e+01,4.094075694509834662e+00,-8.788137010703990226e-01,2.258494169083784975e+00,9.978418777740074574e-01,-2.587846387136746862e-02,-7.665863370259816921e-03,-5.985922323994432442e-02,1.171964824147561313e+00,-1.744353205072252944e-01,2.040436689416048610e-01,-2.888703131227717269e-01,2.543508805926037453e-01,1.365451582132501222e-02,6.222421941108387949e-03,-4.688249375230109481e-04,-2.128787463658739481e-03
1.290000000000000036e+01,4.123745595685535115e+00,-8.981417835202398781e-01,2.256176505559353895e+00,9.978152435199107995e-01,-2.521386468588135074e-02,-7.473706366525250354e-03,-6.060647275704093839e-02,1.176734839843806890e+00,-1.790996292875843277e-01,1.996230970771087909e-01,-2.824477108709937401e-01,2.433367870311158865e-01,1.393611670456543390e-02,6.178727977696095268e-03,-4.388037867118356299e-04,-2.127749827665969574e-03
1.295000000000000107e+01,4.151323179357087056e+00,-9.158266894175726147e-01,2.251921422865532207e+00,9.978064586352758392e-01,-2.445415078404340053e-02,-7.435499593471003171e-03,-6.106536629674940569e-02,1.180632495171720420e+00,-1.837385886699958726e-01,1.944009985369736515e-01,-2.747416264644973460e-01,2.312784228086296745e-01,1.426747472907489642e-02,6.125861175382437546e-03,-4.079821114344746964e-04,-2.125325809776596863e-03
1.300000000000000000e+01,4.183576172263521187e+00,-9.341217249637689957e-01,2.248982716489073219e+00,9.978004771279541663e-01,-2.357275580316401872e-02,-7.234960854357249359e-03,-6.153201092526655591e-02,1.184444614048943523e+00,-1.903137599846151662e-01,1.914628625871346301e-01,-2.681396514327363256e-01,2.200227205291278021e-01,1.454365440776590919e-02,6.073621480164452871e-03,-3.686161291657324675e-04,-2.114166247756850848e-03
1.305000000000000071e+01,4.241155614222043901e+00,-9.476354698499234175e-01,2.257071003095489026e+00,9.977741467228731231e-01,-2.353160736836365854e-02,-7.506578372129078282e-03,-6.194083360148415485e-02,1.200897223666752112e+00,-1.910869809373118844e-01,1.897100559657032282e-01,-2.684077766004615562e-01,2.168435661150606708e-01,1.454015842595647416e-02,6.048081304224505253e-03,-3.476060625025975855e-04,-2.107878320792639943e-03
1.310000000000000142e+01,4.303739071192180354e+00,-9.668621765582608996e-01,2.265775404423227446e+00,9.977440075490369153e-01,-2.334082366430480227e-02,-7.579881236386558016e-03,-6.248717269249388917e-02,1.214960144996990232e+00,-1.918014509965744463e-01,1.915438810629322697e-01,-2.686684982612553285e-01,2.137276744735437939e-01,1.452307717605260534e-02,6.018230035956350157e-03,-3.302064447637866615e-04,-2.103720544362660313e-03
1.315000000000000036e+01,4.370647635970304812e+00,-9.885956905571265940e-01,2.276793522469197750e+00,9.977122590942842928e-01,-2.324994800299092987e-02,-7.558596337843945419e-03,-6.302821266892606744e-02,1.231181616540258261e+00,-1.980178548152026208e-01,1.939290693354652484e-01,-2.707802834024615746e-01,2.118373507869648897e-01,1.443669998897651255e-02,5.980344382302331570e-03,-3.098219042466203443e-04,-2.101819577833154585e-03
1.320000000000000107e+01,4.441406049387286004e+00,-1.010544605449687383e+00,2.289889129505358945e+00,9.976717476249371552e-01,-2.314446230208570821e-02,-7.803106469947843418e-03,-6.367518657349696687e-02,1.247797774971986406e+00,-2.012774794618433227e-01,1.957952917530313419e-01,-2.745917997359578200e-01,2.110356646198413011e-01,1.428821533933951823e-02,5.937398603208428501e-03,-2.816091175017658519e-04,-2.101379425543101198e-03
1.325000000000000000e+01,4.511069945371366963e+00,-1.032110328759569207e+00,2.301528705930811824e+00,9.976362343629913143e-01,-2.284488350273793447e-02,-8.193411456053126957e-03,-6.428781527232678428e-02,1.261910419492962898e+00,-2.071866739307143546e-01,2.001986795965887689e-01,-2.769747295190679859e-01,2.092906682420752063e-01,1.419259194294905137e-02,5.898864719646783328e-03,-2.569060810334650364e-04,-2.095138688092509048e-03
1.330000000000000071e+01,4.583467036670342942e+00,-1.051513651586150067e+00,2.315712057429244908e+00,9.976032253795281690e-01,-2.292194850328966443e-02,-8.350523858739664768e-03,-6.475073544338680320e-02,1.278982810232345724e+00,-2.081967442767446996e-01,2.020666401666428025e-01,-2.815207994985388096e-01,2.088468193519678606e-01,1.402414416297411565e-02,5.860845295189765804e-03,-2.255694161505475154e-04,-2.079911739898527255e-03
1.335000000000000142e+01,4.657816148999989636e+00,-1.072497652937781432e+00,2.330648381564754068e+00,9.975706261343928460e-01,-2.263992038504964929e-02,-8.709893209185493382e-03,-6.530250867369909173e-02,1.293957337179833189e+00,-2.121269012512660423e-01,2.037649477155472066e-01,-2.864951397680166600e-01,2.087056282194524048e-01,1.383513341700135131e-02,5.823724343684322062e-03,-1.938228577693733138e-04,-2.069809517068602490e-03
1.340000000000000036e+01,4.725863403186554734e+00,-1.095803210413610618e+00,2.343040246309227470e+00,9.975318087105897735e-01,-2.227191331565652951e-02,-9.043944342290867466e-03,-6.597317302186349319e-02,1.310131842216886167e+00,-2.184958547530693740e-01,2.064109865236256336e-01,-2.900325973098379362e-01,2.070719913784092314e-01,1.371311502772269708e-02,5.788620784405985875e-03,-1.638922803180549101e-04,-2.050365924115658735e-03
1.345000000000000107e+01,4.791283784719423622e+00,-1.117311437955627706e+00,2.355328497173974078e+00,9.975040053389734318e-01,-2.216893546308990395e-02,-9.282320249762471276e-03,-6.639379612523747809e-02,1.322282977063866882e+00,-2.243550147264823380e-01,2.076496928423847421e-01,-2.939912657421239195e-01,2.052691937623214169e-01,1.358257759257758268e-02,5.749535474499778073e-03,-1.273103747901996340e-04,-2.035383791668217077e-03
1.350000000000000000e+01,4.846101052499109052e+00,-1.137992713929324440e+00,2.362894451622874925e+00,9.974736459843074332e-01,-2.186541034517223633e-02,-9.534621731457852689e-03,-6.691278193027003218e-02,1.332934957425495170e+00,-2.295817718136382024e-01,2.094247976911512987e-01,-2.950956900911093084e-01,2.010445549736720738e-01,1.356813940654609182e-02,5.709583166987932876e-03,-8.976413437605180643e-05,-2.024928728310992302e-03
1.355000000000000071e+01,4.897310841064567377e+00,-1.159417491641623110e+00,2.369405272770561677e+00,9.974359913482573337e-01,-2.145678154989437078e-02,-9.772743308522456249e-03,-6.756880328128443691e-02,1.344078683909867067e+00,-2.354122755196617900e-01,2.104847615566045049e-01,-2.957770000480982597e-01,1.963963550460548768e-01,1.356954170015532701e-02,5.675884813305592108e-03,-4.613138004907388595e-05,-2.022003885341060528e-03
1.360000000000000142e+01,4.941538977891231532e+00,-1.179927936776555164e+00,2.371844676554438092e+00,9.974120663308841950e-01,-2.115425696876615039e-02,-1.002696577302174610e-02,-6.797887397597894565e-02,1.352152344294232478e+00,-2.388309389699370400e-01,2.080363891598750181e-01,-2.936577855073577159e-01,1.900979547967136529e-01,1.368026480267272964e-02,5.640878088874199010e-03,-7.306268278056034780e-06,-2.014778242523859123e-03
1.365000000000000036e+01,4.979634362692573646e+00,-1.201451021089273041e+00,2.369639274399426565e+00,9.973738601574917428e-01,-2.057246696908109421e-02,-9.990119495583862572e-03,-6.871938729219163877e-02,1.357454539305368080e+00,-2.431971036022193278e-01,2.042783426548741288e-01,-2.883109501073987668e-01,1.817944487723431313e-01,1.390760925348305706e-02,5.604019728165447224e-03,2.706806563651399097e-05,-2.008009773653503076e-03
1.370000000000000107e+01,5.004811165932046890e+00,-1.223141303387725420e+00,2.362003676465892266e+00,9.973431204423345298e-01,-1.976113153746382814e-02,-9.884841799776274834e-03,-6.941532748103755590e-02,1.360003226435177792e+00,-2.480244152688837189e-01,2.010076568581123935e-01,-2.800452032573530481e-01,1.719494262368476689e-01,1.425590951970677998e-02,5.568781418265553347e-03,6.347374694413250237e-05,-2.009748639873144057e-03
1.375000000000000000e+01,5.023120579608176151e+00,-1.248935915516273143e+00,2.350473995128857130e+00,9.973099391810594794e-01,-1.883486497302715515e-02,-9.659150461454912504e-03,-7.017716070405251305e-02,1.361189679970492783e+00,-2.545734776498732588e-01,1.930689103400348439e-01,-2.700684451165360489e-01,1.598386209625592413e-01,1.466083028729309352e-02,5.531604992625913618e-03,1.097595014530982331e-04,-2.013722676607258410e-03
1.380000000000000071e+01,5.036384828399274483e+00,-1.277253263340711431e+00,2.337039231175079390e+00,9.972800012322174945e-01,-1.769707004522708821e-02,-9.498196712493354663e-03,-7.091683236928471301e-02,1.357326636571226874e+00,-2.624358909384770233e-01,1.838634362649167187e-01,-2.597735802880695166e-01,1.471800481797133908e-01,1.507817176762131159e-02,5.493604527440252953e-03,1.625963403087807887e-04,-2.020720772741673322e-03
1.385000000000000142e+01,5.038456995986003051e+00,-1.303532341519430204e+00,2.318826286419668037e+00,9.972460095633477462e-01,-1.674874682133765599e-02,-9.330980132390927217e-03,-7.164362288203353357e-02,1.350674639392249521e+00,-2.674373178452293942e-01,1.749090861968513877e-01,-2.474389401502414265e-01,1.329075859345629218e-01,1.557793789600480858e-02,5.458490215629648555e-03,2.211162075125552233e-04,-2.031257074739941954e-03
1.390000000000000036e+01,5.038611279143796473e+00,-1.329317700245055800e+00,2.300683631480472613e+00,9.972065182898083302e-01,-1.585745381129746723e-02,-9.249967369514671897e-03,-7.240261834080126413e-02,1.344770091670281165e+00,-2.717900023293751133e-01,1.669479569642325356e-01,-2.357586894262046207e-01,1.194953172465530733e-01,1.605984152897305117e-02,5.428541218882927677e-03,2.755497541959762747e-04,-2.041780356104909433e-03
1.395000000000000107e+01,5.047287642153381881e+00,-1.351553330283118193e+00,2.286926369831927985e+00,9.971725762892386102e-01,-1.511734663942414930e-02,-9.174328498254632688e-03,-7.303526972546986462e-02,1.340404665168283715e+00,-2.747028258222489749e-01,1.591751675348767048e-01,-2.269453166954006618e-01,1.083454205081512134e-01,1.643487203024056320e-02,5.395658002958622287e-03,3.275910981689282423e-04,-2.043160379921573396e-03
1.400000000000000000e+01,5.064819247437446492e+00,-1.373095075906855644e+00,2.276151634632583853e+00,9.971430853114842119e-01,-1.463681246717976094e-02,-9.121474824685699145e-03,-7.354066788735054427e-02,1.339412625309651883e+00,-2.747392939907453702e-01,1.528776245221250274e-01,-2.195280716812523236e-01,9.895003148644314350e-02,1.674864543189604274e-02,5.363903024891278869e-03,3.709417318374003169e-04,-2.047699246442135843e-03
1.405000000000000071e+01,5.094679006131902277e+00,-1.396409696713481585e+00,2.271037862207812452e+00,9.970974026876557872e-01,-1.418838377050166306e-02,-9.137309835969095739e-03,-7.424263524736490760e-02,1.340663630488863944e+00,-2.773741181553314172e-01,1.501926910981855601e-01,-2.153470089505451768e-01,9.210803249130776471e-02,1.693826796280072100e-02,5.336386893268288585e-03,4.064586982943539303e-04,-2.052151985914746433e-03
1.410000000000000142e+01,5.144354089093194915e+00,-1.411089898869440251e+00,2.272082767624540089e+00,9.970773663872527504e-01,-1.406598219289310545e-02,-9.307006618133859682e-03,-7.451344315638269711e-02,1.347110902893229545e+00,-2.754573387606583101e-01,1.493748640875695033e-01,-2.133916322410581989e-01,8.816880692653671081e-02,1.702682139774381806e-02,5.309776498988941738e-03,4.339901188504692174e-04,-2.063994604711401164e-03
1.415000000000000036e+01,5.199974258620357226e+00,-1.425459073863240000e+00,2.275278038986738860e+00,9.970775409860712646e-01,-1.366634910147660614e-02,-9.542295535738837958e-03,-7.455570239300564339e-02,1.354355444240855855e+00,-2.756599775633665206e-01,1.501798594063599446e-01,-2.125816303477053304e-01,8.493321652021024182e-02,1.707307255912651756e-02,5.275478138333124581e-03,4.611498965819429648e-04,-2.073855469435210638e-03
1.420000000000000107e+01,5.263988163440521006e+00,-1.437289663701794007e+00,2.281216156797766903e+00,9.970753668564510397e-01,-1.333555797603327812e-02,-9.599655025176748180e-03,-7.463727168740022511e-02,1.362304554243074062e+00,-2.753938612975670996e-01,1.493637968111611314e-01,-2.126731114635058983e-01,8.315722062643172985e-02,1.708068588710391286e-02,5.247050209309598798e-03,4.819844724697107874e-04,-2.085748975694203932e-03
1.425000000000000000e+01,5.327184640715762143e+00,-1.445023624407562712e+00,2.286047066097276037e+00,9.970739884633765815e-01,-1.315346983774343462e-02,-9.655008506365869020e-03,-7.468084474417657770e-02,1.370492889682526583e+00,-2.715625826657546704e-01,1.489601295686004967e-01,-2.118029957562359844e-01,8.169877307291727175e-02,1.712864218137498742e-02,5.217723909048601651e-03,4.986470738321134490e-04,-2.093159559901710317e-03
1.430000000000000071e+01,5.390851036790900608e+00,-1.452805093493293676e+00,2.290655281871908144e+00,9.970870513605110119e-01,-1.304602525784501720e-02,-9.771545512427462846e-03,-7.450993311278640563e-02,1.380811329465084114e+00,-2.693662527748498237e-01,1.498037221434366240e-01,-2.108133357530710406e-01,8.012057110043493968e-02,1.718360196043381208e-02,5.185777072169513342e-03,5.161470547291935112e-04,-2.097136698583616180e-03
1.435000000000000142e+01,5.456617884701338461e+00,-1.462487862764642044e+00,2.295575638629979487e+00,9.971059053470521238e-01,-1.299713026632621886e-02,-9.860328846966302449e-03,-7.425403720946884001e-02,1.392386252894993071e+00,-2.670816813806887735e-01,1.501717112182852087e-01,-2.098701514130868195e-01,7.855463550098594483e-02,1.723489053449626246e-02,5.149869248936820437e-03,5.314582388789727612e-04,-2.092832914806544518e-03
1.440000000000000036e+01,5.522024690890326326e+00,-1.473754277102345966e+00,2.299242310051206939e+00,9.971237552532375981e-01,-1.272314525422068264e-02,-1.009835142343070390e-02,-7.402946428990517247e-02,1.402772130858202404e+00,-2.667263874912352284e-01,1.507266069612007431e-01,-2.081518061892267402e-01,7.645512588698819001e-02,1.731414917525819774e-02,5.112636413046013455e-03,5.460385368542894228e-04,-2.088216013516917564e-03
1.445000000000000107e+01,5.590061032777843941e+00,-1.486047274091266246e+00,2.303150833532503938e+00,9.971267807030533836e-01,-1.232698513762773250e-02,-1.017859071925518617e-02,-7.404474953129085157e-02,1.412583159570249824e+00,-2.659137252571845966e-01,1.510103625869037569e-01,-2.063907139295914350e-01,7.440848182641585096e-02,1.739028156210194881e-02,5.074913699458614633e-03,5.588349016242893583e-04,-2.082079273715318774e-03
1.450000000000000000e+01,5.664796568674093535e+00,-1.500355956190052575e+00,2.309524049023247816e+00,9.971284679156023900e-01,-1.216363684899439412e-02,-1.012541057850109387e-02,-7.405633309519316088e-02,1.426670775250903800e+00,-2.665080807129414642e-01,1.527392363479984916e-01,-2.057472290439577856e-01,7.301372631706275207e-02,1.742146384763775674e-02,5.038205847490436796e-03,5.662851796465044087e-04,-2.070537911763477984e-03
1.455000000000000071e+01,5.746993525074476139e+00,-1.518754261276650031e+00,2.319525363112878491e+00,9.971131310880411158e-01,-1.183770858338821681e-02,-1.022232536438645589e-02,-7.430192818118702691e-02,1.443121149407490478e+00,-2.667159790448893619e-01,1.548805930258944641e-01,-2.068957915038673323e-01,7.256718304159459620e-02,1.737698196879361792e-02,5.008573895040164051e-03,5.714028280482198784e-04,-2.058662374464293940e-03
1.460000000000000142e+01,5.843899410468825550e+00,-1.541191897837706604e+00,2.335304578467761516e+00,9.970761201507046811e-01,-1.176509048608290371e-02,-1.052412812083936867e-02,-7.476654330894315359e-02,1.462869383932469347e+00,-2.695160756429776927e-01,1.595762600435614298e-01,-2.107859645992903319e-01,7.330611823413044070e-02,1.722534750725817840e-02,4.970694309341450352e-03,5.712570475838996392e-04,-2.050287830843601413e-03
1.465000000000000036e+01,5.935880942454282660e+00,-1.560691435880962263e+00,2.349239129557474826e+00,9.970563491823263291e-01,-1.144424424833865965e-02,-1.049767155444114065e-02,-7.508305215380099706e-02,1.480398156908746543e+00,-2.730278749596384280e-01,1.606979033725476624e-01,-2.137242168096544492e-01,7.369228367976360383e-02,1.711301508384828821e-02,4.932715336343089507e-03,5.741491478160121783e-04,-2.041922054819244031e-03
1.470000000000000107e+01,6.025001393569527686e+00,-1.579677774910692944e+00,2.361712357974006249e+00,9.970434409162475253e-01,-1.154480965472720957e-02,-1.056750577825244647e-02,-7.522913077759077471e-02,1.496319931667353442e+00,-2.751778600474530379e-01,1.640344351027750724e-01,-2.158342893507077531e-01,7.393819073794825891e-02,1.703567298255133020e-02,4.896199868300181272e-03,5.760351824637455253e-04,-2.036486516847128142e-03
1.475000000000000000e+01,6.115059614365684126e+00,-1.598670078010042239e+00,2.373950064166575835e+00,9.970312892326352872e-01,-1.144171532157405025e-02,-1.064929620613273148e-02,-7.539421683341039626e-02,1.514023275293210569e+00,-2.779730643061434914e-01,1.654116456307856697e-01,-2.176245172058804689e-01,7.388874267970900467e-02,1.696172247647123252e-02,4.860332355282583928e-03,5.807802550471978043e-04,-2.028634239617081031e-03
1.480000000000000071e+01,6.205831830664914506e+00,-1.619608462296167062e+00,2.386120944868861393e+00,9.970174418705712860e-01,-1.110656880384350981e-02,-1.077111621768598280e-02,-7.560983924524972144e-02,1.532332355573399418e+00,-2.808436366074990587e-01,1.662117909147468042e-01,-2.193062786020813781e-01,7.386183449323183159e-02,1.688951874807674211e-02,4.829055666120158664e-03,5.859918756591456787e-04,-2.018861412866211971e-03
1.485000000000000142e+01,6.295978014897471553e+00,-1.641464943113092767e+00,2.397089594061928786e+00,9.969950258608579752e-01,-1.087522205333385505e-02,-1.075235424313906833e-02,-7.594099572844476009e-02,1.550142685726346725e+00,-2.858481781292999124e-01,1.679853625176183085e-01,-2.201768630144879946e-01,7.376359083515811321e-02,1.685177561674702090e-02,4.799696565666014027e-03,5.858862990651407966e-04,-2.013086338791823023e-03
1.490000000000000036e+01,6.383032528440775621e+00,-1.657120085952282107e+00,2.408092472258317240e+00,9.969768697644167954e-01,-1.070628445793657055e-02,-1.092534812976324494e-02,-7.617830003415849982e-02,1.565749557305690542e+00,-2.864842773808936038e-01,1.699024635480677614e-01,-2.214525278047730084e-01,7.355945911129420367e-02,1.680494722438885882e-02,4.763426867051260942e-03,5.926572743813632391e-04,-2.019563297246880582e-03
1.495000000000000107e+01,6.471695650452113036e+00,-1.673889592136495574e+00,2.418429946391579932e+00,9.969763629261870763e-01,-1.042320672392895060e-02,-1.099348146231581697e-02,-7.621438114555352528e-02,1.579481554243349573e+00,-2.897413410333143924e-01,1.691409676725367239e-01,-2.221695357132938142e-01,7.331375350604607544e-02,1.677840316230409801e-02,4.725436165315149983e-03,5.978092032473292673e-04,-2.028502083369039272e-03
1.500000000000000000e+01,6.565441430387523702e+00,-1.690216659757877604e+00,2.430458895861657531e+00,9.969885466409520447e-01,-1.033494393582724130e-02,-1.101619976289532413e-02,-7.606359275888580074e-02,1.596485048031782039e+00,-2.915862001091959477e-01,1.689573683345395316e-01,-2.236624702654928243e-01,7.323176526949476406e-02,1.671762822176299859e-02,4.683644632252502785e-03,6.079257945150766049e-04,-2.034674669237875825e-03
1.505000000000000071e+01,6.649030759563853366e+00,-1.702728937418159116e+00,2.438031150331833707e+00,9.969779011788264533e-01,-1.013312394295731896e-02,-1.113818585967155106e-02,-7.621236891721908102e-02,1.609761519847772382e+00,-2.911320241758943439e-01,1.696876742940074678e-01,-2.232136651241675984e-01,7.242125870628368656e-02,1.674184030043149654e-02,4.642065985397916816e-03,6.204960913361989155e-04,-2.041114399089468193e-03
1.510000000000000142e+01,6.731825310766835102e+00,-1.716154599068104636e+00,2.444615188980251652e+00,9.969848842776961595e-01,-9.732641266646137670e-03,-1.117085407830351908e-02,-7.616842019449315826e-02,1.623600678980777756e+00,-2.901950143867257914e-01,1.704900815270101733e-01,-2.220986026741026964e-01,7.154892412354400821e-02,1.678414398595465956e-02,4.604709037192300687e-03,6.329064178045318853e-04,-2.044857870435852921e-03
1.515000000000000036e+01,6.808229985186633471e+00,-1.728166700251029475e+00,2.447947959857454059e+00,9.969839714625460259e-01,-9.421046560147564378e-03,-1.121671614014516094e-02,-7.621279293866853322e-02,1.635987641251135161e+00,-2.894574665148370585e-01,1.686373982556836904e-01,-2.195425964280928177e-01,7.033591556473997586e-02,1.689362396105129754e-02,4.571032801514709684e-03,6.421339628653325226e-04,-2.044255524582434813e-03
1.520000000000000107e+01,6.883477451566044181e+00,-1.742682070470020772e+00,2.449817242183172095e+00,9.969685331346097579e-01,-9.089235659594761818e-03,-1.119989585073259686e-02,-7.645712568153095745e-02,1.647041270977258387e+00,-2.903422305098805611e-01,1.670439987991453046e-01,-2.160838121368734155e-01,6.928343983673647399e-02,1.703377252201210279e-02,4.549155464970252444e-03,6.451078532681116728e-04,-2.041697204233954704e-03
1.525000000000000000e+01,6.955379584791383074e+00,-1.754230446337313287e+00,2.451932255062790222e+00,9.969562944343712818e-01,-9.057107780952033949e-03,-1.118458453387372042e-02,-7.662258710808510231e-02,1.658412709692859366e+00,-2.887958546938184656e-01,1.656394703984126193e-01,-2.132456008358672717e-01,6.809497592530333598e-02,1.714895706622551058e-02,4.529122705214765066e-03,6.554788685198539378e-04,-2.042009294713474123e-03
1.530000000000000071e+01,7.006971224351386418e+00,-1.761323701344234660e+00,2.443676007181491361e+00,9.969445380457286898e-01,-8.795112931447591695e-03,-1.098671255849643924e-02,-7.683440763400654905e-02,1.664936153066087554e+00,-2.854063335242599253e-01,1.608008511987247258e-01,-2.057770921013113707e-01,6.572720299647701048e-02,1.745880824987538701e-02,4.511312306423570506e-03,6.676149068786861552e-04,-2.040419812111085324e-03
1.535000000000000142e+01,7.054344725549076323e+00,-1.764283864929015788e+00,2.433494089836772289e+00,9.969524168479239057e-01,-8.604043055653072883e-03,-1.096229594415016294e-02,-7.675726058043359779e-02,1.667532645090875620e+00,-2.826031130705375372e-01,1.554056119004316727e-01,-1.977814759704153436e-01,6.311811101312835015e-02,1.779333559702483622e-02,4.484758313387645842e-03,6.829334841289037838e-04,-2.037153464786791400e-03
1.540000000000000036e+01,7.086530322523100445e+00,-1.759708640647906108e+00,2.418303563882429508e+00,9.969751965408810701e-01,-8.378721278342923795e-03,-1.073959347097367539e-02,-7.651742052689444740e-02,1.666727012199137548e+00,-2.769716086223137919e-01,1.498108744780480839e-01,-1.882874385903620940e-01,5.978865905073168369e-02,1.819902187071720245e-02,4.454993224340228659e-03,7.067335936442510234e-04,-2.034491420339788401e-03
1.545000000000000107e+01,7.096017186855299030e+00,-1.748543356147917560e+00,2.394850383677713968e+00,9.970105996533566994e-01,-8.086714925548547581e-03,-1.048917346096151469e-02,-7.612126155465909205e-02,1.660398681183794523e+00,-2.657756825402387557e-01,1.415976368137100427e-01,-1.760356072721739606e-01,5.539597114283202617e-02,1.873105979769220525e-02,4.434403155413065185e-03,7.350207589489948703e-04,-2.030974624505052766e-03
1.550000000000000000e+01,7.091094203299973309e+00,-1.730842143552082657e+00,2.367132944107450676e+00,9.970508016697900988e-01,-7.738290057148856926e-03,-1.025410342801829494e-02,-7.566155641742949856e-02,1.646527897023055464e+00,-2.550546592551547476e-01,1.339401861829422613e-01,-1.627867186985592629e-01,5.034888422317751466e-02,1.931063045171036580e-02,4.416544200028716359e-03,7.732554246275185131e-04,-2.029012562462561078e-03
1.555000000000000071e+01,7.087532229679631257e+00,-1.711166094090211809e+00,2.341691789387669864e+00,9.971001081938588584e-01,-7.380034885868078272e-03,-1.009791504520353086e-02,-7.506624698636638060e-02,1.634030526466897948e+00,-2.431229435159511232e-01,1.254424100634377315e-01,-1.511276480970820679e-01,4.552615711739510518e-02,1.982830422985551802e-02,4.396412633060228954e-03,8.141475352952414922e-04,-2.027982797509447592e-03
1.560000000000000142e+01,7.099473892368738603e+00,-1.693120264945765951e+00,2.322478892849700216e+00,9.971569940833662216e-01,-7.064592750385521695e-03,-9.957039660844631615e-03,-7.435642568796024809e-02,1.623999393535284108e+00,-2.297982613687499232e-01,1.211214781114605676e-01,-1.419812587468018694e-01,4.197534426585931844e-02,2.024443969589830722e-02,4.373982237195335639e-03,8.415135786968545471e-04,-2.031942024160103728e-03
1.565000000000000036e+01,7.128707683935427752e+00,-1.683331653469422484e+00,2.309536587133620422e+00,9.971905311907414138e-01,-6.690932878526036770e-03,-9.885527418403861760e-03,-7.394966036705009904e-02,1.621720976049079388e+00,-2.213407632598560493e-01,1.154928632826662804e-01,-1.352986811449940208e-01,3.923137660251510561e-02,2.054581611878280104e-02,4.354949282683357945e-03,8.662287698860171624e-04,-2.033308271943614059e-03
1.570000000000000107e+01,7.172409469490029110e+00,-1.680832946286038743e+00,2.301155594151627959e+00,9.972155586150523998e-01,-6.603493291640263364e-03,-9.581401996540282393e-03,-7.365948865011989755e-02,1.621729195604962204e+00,-2.155273128516399794e-01,1.126005923493647864e-01,-1.301619177107133929e-01,3.730499303348254470e-02,2.077227366782553875e-02,4.340306877472970525e-03,8.845920228311982122e-04,-2.036768197787385860e-03
1.575000000000000000e+01,7.205347000920012235e+00,-1.672636976702542633e+00,2.292116405300681947e+00,9.972290612001177834e-01,-6.409475530396232558e-03,-9.582513450300471358e-03,-7.349349329928354935e-02,1.621081697143399891e+00,-2.083399990974002247e-01,1.108750368684028875e-01,-1.257292472331839051e-01,3.492417595589779322e-02,2.098173884476767920e-02,4.330479548578972972e-03,9.088168738101373191e-04,-2.042876722509645322e-03
1.580000000000000071e+01,7.243400512744420539e+00,-1.666227779844437595e+00,2.284214615715325802e+00,9.972353144436852945e-01,-6.312172629359864146e-03,-9.600195722621289798e-03,-7.341471477291652836e-02,1.621318299883716119e+00,-2.011243642925998054e-01,1.060727335249112835e-01,-1.216597985996665798e-01,3.279608263564837145e-02,2.117259463261596600e-02,4.320935920629036253e-03,9.309865326949746858e-04,-2.047687246118628374e-03
1.585000000000000142e+01,7.292116245524698392e+00,-1.662270136996897074e+00,2.278781325494287469e+00,9.972440966323665723e-01,-6.082679344193772132e-03,-9.650892418722736496e-03,-7.330806926534816359e-02,1.624677272695987273e+00,-1.948267645725839659e-01,1.057137561573213980e-01,-1.182382785594615904e-01,3.112011946194586168e-02,2.132896830162010759e-02,4.306424325637538304e-03,9.511574352064655928e-04,-2.049522527983108425e-03
1.590000000000000036e+01,7.335936489855984455e+00,-1.653664149405477790e+00,2.272781265852164001e+00,9.972587978016853594e-01,-5.996227817862687104e-03,-9.703157815727794788e-03,-7.310803093707604616e-02,1.622841681555123650e+00,-1.868263836835892810e-01,1.039358557063240346e-01,-1.149478068704545691e-01,2.925096865749651776e-02,2.148644595689805370e-02,4.290295469526759012e-03,9.769875257524833403e-04,-2.050430799896304362e-03
1.595000000000000107e+01,7.372102567320623301e+00,-1.641837489274697859e+00,2.264310476591673282e+00,9.972793259226726548e-01,-5.814648992894089381e-03,-9.795779978038378702e-03,-7.282979224830307685e-02,1.619216798244805133e+00,-1.769037877087784039e-01,1.002847233037319763e-01,-1.108539483111691398e-01,2.726176900505910411e-02,2.168157065985789819e-02,4.272982850149069020e-03,1.002677514725545818e-03,-2.051963864628028860e-03
1.600000000000000000e+01,7.412925674659015307e+00,-1.630844181954614447e+00,2.258104526063054784e+00,9.973008970310831556e-01,-5.668189696976210813e-03,-9.696274178238850280e-03,-7.255876703484133439e-02,1.615419293341134210e+00,-1.684504605052145609e-01,9.902392361727341275e-02,-1.078271217227331630e-01,2.534817745296050889e-02,2.182976746408163068e-02,4.254912569424500191e-03,1.033583437422678619e-03,-2.059920369085015395e-03
1.605000000000000071e+01,7.447667102862413735e+00,-1.621435305300706675e+00,2.246984745111503479e+00,9.973049596892712421e-01,-5.473823221720414654e-03,-9.637105769498969729e-03,-7.252572530423935515e-02,1.613549989151374930e+00,-1.602528207206186106e-01,9.308540819442659431e-02,-1.024379736924936751e-01,2.339499545396994673e-02,2.206586886842419604e-02,4.235611370724538111e-03,1.066092725748606865e-03,-2.062796446512425545e-03
1.610000000000000142e+01,7.484695925066234601e+00,-1.609445584842487564e+00,2.238427010750270618e+00,9.973188230243394958e-01,-5.287208186221565784e-03,-9.715092479428777753e-03,-7.233828619104708257e-02,1.611795984593058728e+00,-1.501936919929629244e-01,9.094295826738274524e-02,-9.848545010759571228e-02,2.157937035258085043e-02,2.225289608954841847e-02,4.209639698071836710e-03,1.094963231714414812e-03,-2.064343268649167316e-03
1.615000000000000213e+01,7.509032255297911185e+00,-1.593499559964712819e+00,2.227166868935698485e+00,9.973398049398940479e-01,-5.050443747164252289e-03,-9.630313320850156927e-03,-7.207678936906981859e-02,1.605050778631755382e+00,-1.413466607090538563e-01,8.923467349724896469e-02,-9.406076321890370628e-02,1.929162374406787409e-02,2.246502821741746397e-02,4.183491033692755302e-03,1.130663587677888625e-03,-2.071435884781697937e-03
1.619999999999999929e+01,7.537400898638995095e+00,-1.577082716187530265e+00,2.217948786028540731e+00,9.973705512804478257e-01,-4.676483952935541616e-03,-9.637448247401373541e-03,-7.167449705196639320e-02,1.599772103110236321e+00,-1.300160720667587755e-01,8.665631705151448372e-02,-9.055628022707470914e-02,1.712543807778533350e-02,2.263902220848845737e-02,4.156210282026942190e-03,1.164123976534884837e-03,-2.079759921964435820e-03
1.625000000000000000e+01,7.587467480402472653e+00,-1.571572151777500093e+00,2.212910438482611042e+00,9.973696229470835339e-01,-4.483292109255593121e-03,-9.829866111262741679e-03,-7.167362866836157753e-02,1.598343440779811830e+00,-1.225646371075628516e-01,8.550509818978756227e-02,-8.765047297928366121e-02,1.600522492798585675e-02,2.277047895077794967e-02,4.134356176617314145e-03,1.185551311358452658e-03,-2.087710754706611875e-03
1.630000000000000071e+01,7.668811576796219498e+00,-1.576633617585775804e+00,2.217588365110785276e+00,9.973670375428834722e-01,-4.297601899574785174e-03,-9.968654454023558736e-03,-7.170180589930533199e-02,1.606753183671178142e+00,-1.174732755657299371e-01,8.635969715643353195e-02,-8.783795610020636579e-02,1.596844442967381913e-02,2.276864843993517754e-02,4.117947124325447780e-03,1.188027538305714160e-03,-2.094464224559684090e-03
1.635000000000000142e+01,7.749064740420171127e+00,-1.580091521987699643e+00,2.223133376950850781e+00,9.973602083064807555e-01,-4.183170911879688023e-03,-9.987897649124817187e-03,-7.180082080676974954e-02,1.615476469869751019e+00,-1.138303509595064711e-01,8.620755485084061198e-02,-8.870096369115711143e-02,1.556969158603479890e-02,2.273780399966458463e-02,4.102496198416951886e-03,1.195955859544867205e-03,-2.102645225489375644e-03
1.640000000000000213e+01,7.848932044697664701e+00,-1.591509822662476203e+00,2.231818963211085638e+00,9.973449182085746267e-01,-4.014765564474512272e-03,-9.945043605078782850e-03,-7.202841028848842864e-02,1.630829002139745354e+00,-1.130855545665186840e-01,8.880853663987842150e-02,-8.980037052156422672e-02,1.578064313264536389e-02,2.267742067235157741e-02,4.083201761363157260e-03,1.196398068642550621e-03,-2.104666931796467938e-03
1.644999999999999929e+01,7.933070519558187428e+00,-1.594194589167398091e+00,2.239502805646895300e+00,9.973311156072072192e-01,-3.779311567458491696e-03,-9.920981038252511125e-03,-7.223528764390940715e-02,1.642015113717176344e+00,-1.086645077613450916e-01,8.987759508471843128e-02,-9.159645726432114055e-02,1.526181031618925772e-02,2.260798092400570503e-02,4.068004230245488538e-03,1.203202726653486952e-03,-2.110340231912647985e-03
1.650000000000000000e+01,8.005318540894684531e+00,-1.587418154015293181e+00,2.246610918680218116e+00,9.973280711995204939e-01,-3.699264705194090473e-03,-1.014610365760789876e-02,-7.225019320842093751e-02,1.650328665639455350e+00,-1.024720210967610540e-01,9.246636311815037423e-02,-9.399060596932980183e-02,1.430468393607949897e-02,2.253782316090318510e-02,4.046065884296999073e-03,1.211220471555173213e-03,-2.113235885040704986e-03
1.655000000000000071e+01,8.080791650435036999e+00,-1.582273502504540019e+00,2.253735949681258788e+00,9.973290480519784174e-01,-3.354059618929656605e-03,-1.025967460165874180e-02,-7.223751984166741635e-02,1.658322532910625924e+00,-9.608356728468028796e-02,9.224123980995065086e-02,-9.608485942148928260e-02,1.351521537651550857e-02,2.247396669960388671e-02,4.030110022221404346e-03,1.216737901117149502e-03,-2.113122940517734270e-03
1.660000000000000142e+01,8.159417754289599145e+00,-1.579045024383507023e+00,2.260983214419405751e+00,9.973206837660872903e-01,-3.389516991249862977e-03,-1.032519017052549448e-02,-7.234193358524956818e-02,1.667874817390623488e+00,-9.049849827374320532e-02,9.462997932397246292e-02,-9.797552785184988899e-02,1.288400054083885249e-02,2.241381794188057955e-02,4.019731510490710813e-03,1.220032264295796637e-03,-2.111547501560716213e-03
1.665000000000000213e+01,8.215186008999996403e+00,-1.565354587259058627e+00,2.266625292869717700e+00,9.973333896945233423e-01,-3.166854350679285286e-03,-1.060448386824095444e-02,-7.213616122196818414e-02,1.669950961864431260e+00,-8.269870584719664353e-02,9.715340897512389495e-02,-1.005770699494979714e-01,1.128792818698573508e-02,2.234829713137552465e-02,4.007456697390005505e-03,1.225940777451171382e-03,-2.112477663806017290e-03
1.669999999999999929e+01,8.302724273796549426e+00,-1.569517189986331829e+00,2.273334166898258957e+00,9.973181123256555924e-01,-3.327787115928341165e-03,-1.054545418369853479e-02,-7.234847652965174791e-02,1.681694367318063765e+00,-7.716735840357315246e-02,9.806529277211364914e-02,-1.013683202051313681e-01,1.120325538444742752e-02,2.231894194740430964e-02,3.996835591328230970e-03,1.224504550147287275e-03,-2.117414540510555339e-03
1.675000000000000000e+01,8.393002939491088554e+00,-1.572732474056688368e+00,2.279592931740067829e+00,9.973034627452567191e-01,-3.137842921676933620e-03,-1.063165180607397557e-02,-7.254602069027342448e-02,1.693596141949216038e+00,-7.288419267519802291e-02,9.965310003762063717e-02,-1.016641235701977175e-01,1.139999817683361172e-02,2.230833148954231709e-02,3.984999893219673926e-03,1.221784758617935679e-03,-2.122086194516724800e-03
1.680000000000000071e+01,8.481914183530633977e+00,-1.574170842933246606e+00,2.285895378216558527e+00,9.972920494455310703e-01,-3.129896289111205095e-03,-1.062401342417780559e-02,-7.270421033691698565e-02,1.706839478072168292e+00,-6.871526227196395054e-02,1.001580511155146791e-01,-1.021032298938038124e-01,1.152910294421596697e-02,2.229738702949357262e-02,3.967434924656561973e-03,1.216906818088077553e-03,-2.123738819218146893e-03
1.685000000000000142e+01,8.561465795746430629e+00,-1.569398368717093373e+00,2.289752145815195039e+00,9.972826394009283169e-01,-3.066989558927478519e-03,-1.064562299440051721e-02,-7.283269482604864953e-02,1.716451112816734792e+00,-6.247479256170055534e-02,9.985573858399213187e-02,-1.018049369527792986e-01,1.174831608779564225e-02,2.232842462823031449e-02,3.949841332216320368e-03,1.210962824645955361e-03,-2.123514971300591130e-03
1.690000000000000213e+01,8.647207886856925541e+00,-1.564916667126911909e+00,2.294724903167790320e+00,9.972978909020510097e-01,-2.856028586105724323e-03,-1.051396378625329801e-02,-7.265133493981698609e-02,1.724119209179679313e+00,-5.549592735851004849e-02,1.017293477656302236e-01,-1.017300020432679863e-01,1.196244912385553347e-02,2.234467893911025460e-02,3.928797882161796234e-03,1.208316936986290500e-03,-2.119562482532866277e-03
1.694999999999999929e+01,8.732555855921523502e+00,-1.559430552084096977e+00,2.300121833873738364e+00,9.973009805541609429e-01,-2.909057865738902057e-03,-1.048694657187808528e-02,-7.261071215489796338e-02,1.731056521281034710e+00,-5.044520752227011490e-02,1.021882856338797024e-01,-1.019210596214117359e-01,1.192678963833799892e-02,2.234642490260248596e-02,3.908697517268973354e-03,1.210443788049565556e-03,-2.110689337585752549e-03
1.700000000000000000e+01,8.802070098180335478e+00,-1.548138889108050753e+00,2.304153357400017477e+00,9.973011858884107683e-01,-2.740356894780109163e-03,-1.039822193262794452e-02,-7.262721287711929041e-02,1.733286758545935280e+00,-4.439510300949650601e-02,1.034761752989317857e-01,-1.024622606245971235e-01,1.115022718349418379e-02,2.234332994355759175e-02,3.890887683860732357e-03,1.219862586411006285e-03,-2.103644605727406167e-03
1.705000000000000071e+01,8.871097292244652266e+00,-1.534078780894777783e+00,2.307067539456698402e+00,9.973075042891185182e-01,-2.751280136312996092e-03,-1.050521003887953594e-02,-7.252456761856845846e-02,1.737659724385912874e+00,-3.652663977627289282e-02,1.049480306494501580e-01,-1.023362144297451232e-01,1.069068292261596449e-02,2.236845180811762937e-02,3.868652756499659558e-03,1.228628289160252872e-03,-2.096204643102326983e-03
1.710000000000000142e+01,8.941939915066951627e+00,-1.519202065741764196e+00,2.308738369907492594e+00,9.973217911138194669e-01,-2.832382216600502767e-03,-1.058707492934758861e-02,-7.231276806306415061e-02,1.739413056269352165e+00,-2.946947388320330860e-02,1.065800102942271593e-01,-1.013187746581060561e-01,1.074601249861361491e-02,2.243226198433225307e-02,3.841026990934323301e-03,1.232748976753097764e-03,-2.086735703773375233e-03
1.715000000000000213e+01,9.009032388991100149e+00,-1.504148122218182060e+00,2.310700482151483381e+00,9.973255877182889417e-01,-2.459109755020881440e-03,-1.069579593487655043e-02,-7.225804322635562271e-02,1.741370030385334111e+00,-2.125246764791623860e-02,1.066856749316386771e-01,-1.006865013473545872e-01,1.061015262241507551e-02,2.248275801991752448e-02,3.821709853827059359e-03,1.234748103679965793e-03,-2.086199588632170303e-03
1.719999999999999929e+01,9.085606582702888900e+00,-1.495375944567875592e+00,2.313555630182357881e+00,9.973251740165965940e-01,-2.316499512556256628e-03,-1.066839521268932341e-02,-7.227251515174881735e-02,1.747229753819841136e+00,-1.594697443863421493e-02,1.084219946339123886e-01,-9.990161985526631316e-02,1.083866522991067463e-02,2.252995075525064325e-02,3.805671733869463950e-03,1.232835462606656808e-03,-2.088754345267773965e-03
1.725000000000000000e+01,9.169139989599862872e+00,-1.489473778804811799e+00,2.319277629262602947e+00,9.973258752811222649e-01,-2.157398929901887738e-03,-1.053553911474781890e-02,-7.228725019090455339e-02,1.754513237675576764e+00,-1.027363652520943763e-02,1.081002439375125523e-01,-1.002564324195205914e-01,1.058329228333689150e-02,2.252258771366476980e-02,3.788670990840263195e-03,1.235562881134337748e-03,-2.092535778027251533e-03
1.730000000000000071e+01,9.249115973635644750e+00,-1.483708330729538893e+00,2.323875643958890347e+00,9.973122609073370448e-01,-2.113833611850874077e-03,-1.053174277388531192e-02,-7.247667449256899042e-02,1.760256741358022570e+00,-5.612072229248975773e-03,1.091945991286874806e-01,-1.002195457519788752e-01,1.043772238431789345e-02,2.253238418897119191e-02,3.775344427971658468e-03,1.237674485774530649e-03,-2.096792585978255602e-03
1.735000000000000142e+01,9.324765547577388958e+00,-1.475635545677529636e+00,2.326993445781600833e+00,9.973105442913626772e-01,-2.133381598722124562e-03,-1.054218866148113470e-02,-7.249820126352132799e-02,1.767381846021682579e+00,1.967113009997138468e-03,1.086349667875093489e-01,-9.966274852032190601e-02,1.051895651888055602e-02,2.256827055381832939e-02,3.761662034910808437e-03,1.237056665881435327e-03,-2.101527480287056389e-03
1.740000000000000213e+01,9.391397842683538499e+00,-1.463473113115206337e+00,2.331066750801974230e+00,9.973099357424727307e-01,-2.042580752853614089e-03,-1.051006308852711450e-02,-7.251385045002121943e-02,1.773637899492382708e+00,8.000594005856492136e-03,1.115204879463825155e-01,-1.001529473530055753e-01,9.860930020855737665e-03,2.257032443443336353e-02,3.747378533791942065e-03,1.237413841732601513e-03,-2.102232382158536472e-03
1.744999999999999929e+01,9.471592823516679971e+00,-1.455353513382702468e+00,2.335641891571823336e+00,9.973084670989810219e-01,-2.089320553171959607e-03,-1.051501749798031474e-02,-7.253199707249048667e-02,1.781254006891301200e+00,1.337874536918204002e-02,1.098381899971671571e-01,-1.000406469892858308e-01,9.970803496179700062e-03,2.258955501155968451e-02,3.730770629883877702e-03,1.232429101561331123e-03,-2.105192460143751748e-03
1.750000000000000000e+01,9.570942647032468997e+00,-1.455094557701616109e+00,2.342652224250590276e+00,9.972949134768391843e-01,-2.081254475266050303e-03,-1.058371198733273552e-02,-7.270838310402888416e-02,1.792059685253689194e+00,1.753093546859999310e-02,1.102169943570434907e-01,-1.001261339546681423e-01,1.048708832837800912e-02,2.258935525157502663e-02,3.713925302261731135e-03,1.223094466590507207e-03,-2.113914903741013606e-03
1.755000000000000071e+01,9.677471381242042980e+00,-1.456707986305133540e+00,2.348744492340714807e+00,9.972918784000760484e-01,-2.190073028755572422e-03,-1.034017350863763313e-02,-7.278182238160664508e-02,1.806210123940164003e+00,1.950462945667594608e-02,1.106440197869493075e-01,-9.940139992378846379e-02,1.164507934762475452e-02,2.262289280268418856e-02,3.696032332045565659e-03,1.210463146541786031e-03,-2.126314835691452045e-03
1.760000000000000142e+01,9.784353263138868328e+00,-1.455720223158377236e+00,2.355069653549314079e+00,9.972945723559873965e-01,-2.012470131732348264e-03,-1.016449823290099287e-02,-7.277478195728545596e-02,1.819160808549302066e+00,2.197975929749296578e-02,1.112432961946485666e-01,-9.879249541375265120e-02,1.280160328371917830e-02,2.265611754731464839e-02,3.673353833887252080e-03,1.197283517197995093e-03,-2.135114698306327715e-03
1.765000000000000213e+01,9.896532755794400060e+00,-1.456453207462952593e+00,2.361949441238305525e+00,9.972893234370217019e-01,-1.849714113487176820e-03,-1.005276369323246724e-02,-7.286649338587618263e-02,1.832599838303709650e+00,2.439447755634392354e-02,1.108531482728765533e-01,-9.828937375820788469e-02,1.389554317683316768e-02,2.268070654270436942e-02,3.653076524337954458e-03,1.187241429220326069e-03,-2.140421792666850551e-03
1.769999999999999929e+01,1.000842886239369278e+01,-1.454989022372388474e+00,2.369039368282792157e+00,9.972839676810372200e-01,-1.840577254235530339e-03,-1.009516554759684950e-02,-7.293413271100132600e-02,1.846588601812668928e+00,3.020904123284479104e-02,1.103691744559210791e-01,-9.788817305733549246e-02,1.508428519051106809e-02,2.270534412798059717e-02,3.632565414131205817e-03,1.172575200353900057e-03,-2.142256886819368308e-03
1.775000000000000000e+01,1.010594599161501961e+01,-1.446525880361238858e+00,2.375187182124269825e+00,9.972922363287127778e-01,-1.978403521365453954e-03,-9.917086659378350835e-03,-7.284183324280135707e-02,1.855983727914097381e+00,3.492754511991947447e-02,1.105981227260088573e-01,-9.782727826683168537e-02,1.571176654348229937e-02,2.272651915490746244e-02,3.608883140766042715e-03,1.161173088679314045e-03,-2.143137772052993838e-03
1.780000000000000071e+01,1.020906943792994603e+01,-1.439368048476151296e+00,2.383143002512984054e+00,9.972965338319377260e-01,-1.811069583728235673e-03,-9.864577836656436213e-03,-7.279446227475035169e-02,1.864680366154035873e+00,3.936125213234017289e-02,1.106702157314906204e-01,-9.831012156327391394e-02,1.624860263602873056e-02,2.272035756925036912e-02,3.583995638860534762e-03,1.147881581813867602e-03,-2.148399930844380364e-03
1.785000000000000142e+01,1.031696156542872522e+01,-1.432130382932311097e+00,2.391349816950754104e+00,9.973040633008705136e-01,-1.636050450090112754e-03,-9.826574228010843959e-03,-7.270053026931384832e-02,1.876434276405735124e+00,4.359771101418452588e-02,1.125174254481355052e-01,-9.869840789291219052e-02,1.683536099266288305e-02,2.271653602037175534e-02,3.556843290717748556e-03,1.136443372222849550e-03,-2.149064811559405624e-03
1.790000000000000213e+01,1.041657867560398110e+01,-1.422601461923304056e+00,2.401188774998717079e+00,9.973102089411071125e-01,-1.435548515351265167e-03,-9.823839703320489530e-03,-7.262078570071274497e-02,1.885877929901546679e+00,4.996044503224979921e-02,1.150175880160178160e-01,-1.002568550911768913e-01,1.629651546816005686e-02,2.266018122041868130e-02,3.535175271316682872e-03,1.131664441520301330e-03,-2.143445133315181710e-03
1.794999999999999929e+01,1.051173278969766045e+01,-1.411124339036538666e+00,2.408784295412108367e+00,9.973143113115685576e-01,-1.269481553851779364e-03,-9.923638732366421231e-03,-7.255394037559649567e-02,1.892834184889581550e+00,5.392454938692486238e-02,1.168913076520988470e-01,-1.009008512010928088e-01,1.631123789584406139e-02,2.264820893631988574e-02,3.511184672321025768e-03,1.122422574675133525e-03,-2.136533377356376103e-03
1.800000000000000000e+01,1.060880457418850220e+01,-1.401576288955718397e+00,2.415935879676619269e+00,9.973097652506162092e-01,-1.155418310391822341e-03,-9.868505975104560971e-03,-7.262582002365368383e-02,1.900961606943817550e+00,6.020588068398175646e-02,1.169645171781768245e-01,-1.012216119326685981e-01,1.657521218423226028e-02,2.264572226365800522e-02,3.487652172581176286e-03,1.112427692423446305e-03,-2.136446488929504700e-03
1.805000000000000071e+01,1.072223086308529538e+01,-1.398788995820691383e+00,2.422889832566486934e+00,9.973085266139727345e-01,-1.213769501188727415e-03,-9.757558723827610206e-03,-7.265686171598678689e-02,1.915585544894120584e+00,6.517295404585098095e-02,1.194604573703584305e-01,-1.006936625561893200e-01,1.786650285006764760e-02,2.267552974119397755e-02,3.468614097713179200e-03,1.095287433534778082e-03,-2.136238235018031884e-03
1.810000000000000142e+01,1.083521525588387924e+01,-1.397418845442871760e+00,2.429377017910690384e+00,9.973024609833408549e-01,-1.187461490586394540e-03,-9.568432014954147274e-03,-7.276562622939203306e-02,1.929557720292108591e+00,6.630734054178412384e-02,1.190945221622836253e-01,-1.000259878931053364e-01,1.912607398957787141e-02,2.270903481125628037e-02,3.456626194587772514e-03,1.080112547557125768e-03,-2.135787808945713902e-03
1.815000000000000213e+01,1.094286813019682114e+01,-1.394714774411911939e+00,2.435176742194097521e+00,9.972814997504942935e-01,-1.140059787333916287e-03,-9.511909268484206037e-03,-7.306048248645966026e-02,1.940911896139439374e+00,6.803517827772161131e-02,1.188957955675982447e-01,-9.932245951970382347e-02,2.024165547210614313e-02,2.274261280987417699e-02,3.450395243723078809e-03,1.067736418876722056e-03,-2.131652874266730564e-03
1.819999999999999929e+01,1.105539414399553522e+01,-1.390960198709906503e+00,2.439022822829416182e+00,9.972764137075031954e-01,-1.079348716020366852e-03,-9.334926765638585852e-03,-7.315359739158738828e-02,1.950815115901318286e+00,7.305625242158861332e-02,1.166454324961139905e-01,-9.759300298039336186e-02,2.224751360704138939e-02,2.282694228932553512e-02,3.437933824239888369e-03,1.052946683902321193e-03,-2.130863370394927604e-03
1.825000000000000000e+01,1.116436143195474706e+01,-1.385500232866197390e+00,2.443795692675388764e+00,9.972631723271532245e-01,-1.144095777643461698e-03,-9.096175865026744425e-03,-7.336290445086450507e-02,1.962520296229484984e+00,7.661142380161684029e-02,1.142613994820111945e-01,-9.659603487874159067e-02,2.360790995023128933e-02,2.288362658436044958e-02,3.422218060332755159e-03,1.040033503721402583e-03,-2.130274961276737173e-03
1.830000000000000071e+01,1.128142525606986446e+01,-1.381801115337990993e+00,2.448108977300365474e+00,9.972544313593553200e-01,-1.246116248605576033e-03,-8.971815816944228583e-03,-7.349525732569829606e-02,1.974585757440554978e+00,7.993032211726877612e-02,1.129868065813298406e-01,-9.511352760702965203e-02,2.562974070653296216e-02,2.296304742856120074e-02,3.407043208119072113e-03,1.021467553286764139e-03,-2.129844052290328846e-03
1.835000000000000142e+01,1.141122907924700414e+01,-1.381898242337818328e+00,2.458106951174683363e+00,9.972706867677124665e-01,-9.684356984069356035e-04,-8.738806766699023718e-03,-7.330670298443078825e-02,1.989324835960216920e+00,8.064116658124534376e-02,1.138509036850746114e-01,-9.563953162735663871e-02,2.660831942066141029e-02,2.295105313564669777e-02,3.387170473816443657e-03,1.003455348560740919e-03,-2.133075320905467032e-03
1.840000000000000213e+01,1.153290448563056003e+01,-1.380138116535608805e+00,2.468585278602275057e+00,9.972586787031524347e-01,-7.688529346212849775e-04,-8.666262859632149415e-03,-7.348083086394271990e-02,2.002273214643752741e+00,8.070463973776870192e-02,1.143995494335709046e-01,-9.676487655038663871e-02,2.680706553362065953e-02,2.291196414224934072e-02,3.372669007873902933e-03,9.896449310071594140e-04,-2.133664161394115914e-03
1.844999999999999929e+01,1.165424203643422807e+01,-1.376739346838603550e+00,2.479994947457824672e+00,9.972641136595704614e-01,-7.931767026205066269e-04,-8.442694069515527602e-03,-7.343282232325056003e-02,2.015860073027495591e+00,8.291143578460487273e-02,1.171640572210784215e-01,-9.825564656100203853e-02,2.687468282100567360e-02,2.286004743764510211e-02,3.351697434953973282e-03,9.751023983003464157e-04,-2.138867904291507152e-03
1.850000000000000000e+01,1.177102808900991704e+01,-1.371912283887875228e+00,2.492336627784776937e+00,9.972706131361164239e-01,-5.711261912496490723e-04,-8.394574848766697683e-03,-7.335208997088281391e-02,2.027391572552324384e+00,8.383687908994315319e-02,1.190685453922438186e-01,-1.003339727902905626e-01,2.631673223219292007e-02,2.278521516675039577e-02,3.329652259703918312e-03,9.625475008634711525e-04,-2.148355407094162863e-03
1.855000000000000071e+01,1.188450377691612836e+01,-1.366805871126300698e+00,2.507544437184727304e+00,9.972811165679776879e-01,-3.555860502411775041e-04,-8.383545189252701244e-03,-7.321177682277929533e-02,2.041036037393875624e+00,8.670768717468370357e-02,1.216587438878951322e-01,-1.036681051307341977e-01,2.467538515685988726e-02,2.264867859942075110e-02,3.312288176965836554e-03,9.515011546967800131e-04,-2.157174134870347947e-03
1.860000000000000142e+01,1.200123478575076952e+01,-1.362178322354181015e+00,2.514515729038131031e+00,9.972845834213512894e-01,-2.623829326350937425e-04,-8.409381354025458749e-03,-7.316196505385222371e-02,2.053483855838026173e+00,9.177623788510964886e-02,1.222375504822538900e-01,-1.032986441608813172e-01,2.581846562158306851e-02,2.267040595816741805e-02,3.295967534028118508e-03,9.388091950120046759e-04,-2.160836945133486411e-03
1.865000000000000213e+01,1.212696153380350239e+01,-1.359581756546025089e+00,2.523400663904976859e+00,9.972908549103448594e-01,-1.007172716750906049e-04,-8.368134057709855286e-03,-7.308156334272501720e-02,2.067444805992329382e+00,9.343421972010139409e-02,1.236407715556602366e-01,-1.034472464559593602e-01,2.689898513512649011e-02,2.267563213180116832e-02,3.280099887853946908e-03,9.220063033076605170e-04,-2.165387741156711912e-03
1.869999999999999929e+01,1.225881012220505184e+01,-1.359596541872345687e+00,2.531614893464597227e+00,9.972982427925202176e-01,-3.863270800143448299e-05,-8.046140618232007491e-03,-7.301693674495601805e-02,2.081545702751383953e+00,9.478632652597066000e-02,1.236828953250963259e-01,-1.032295914435558265e-01,2.846894713845215044e-02,2.270397838090965070e-02,3.266648356849571628e-03,9.032524536957420042e-04,-2.166607976009489889e-03
1.875000000000000000e+01,1.238642452385946591e+01,-1.357266160347697204e+00,2.538493928414654377e+00,9.972976392378015698e-01,-2.823773225739070357e-04,-7.937307361751494428e-03,-7.303655376317061410e-02,2.093751492186693763e+00,9.629764474393874563e-02,1.239656348010051701e-01,-1.026610360817592632e-01,3.019033382649724540e-02,2.275139651312433134e-02,3.253593153457761192e-03,8.865230968027778798e-04,-2.164924173382320148e-03
1.880000000000000071e+01,1.251668028216782602e+01,-1.353691800177868609e+00,2.542251383426507250e+00,9.972928011392082626e-01,-4.095101305624798552e-04,-7.727305238755425437e-03,-7.312448188610735922e-02,2.106801577119140401e+00,9.853916475690452370e-02,1.229140570220898787e-01,-1.008404604239731550e-01,3.302460674328079604e-02,2.286337980230126327e-02,3.235658091952856984e-03,8.671086353399970904e-04,-2.161175327161870066e-03
1.885000000000000142e+01,1.264172641446927337e+01,-1.349797995788279525e+00,2.544766146829449571e+00,9.972673111172705163e-01,-3.524940885969565026e-04,-7.516521821732044355e-03,-7.349345429730502754e-02,2.118310093001164685e+00,1.049424663111774847e-01,1.202255157805318109e-01,-9.876219240473727012e-02,3.582703283500249941e-02,2.298307639853812770e-02,3.226344240256844714e-03,8.488204006246186789e-04,-2.158513682284819279e-03
1.890000000000000213e+01,1.276315451178349036e+01,-1.342554612140547166e+00,2.547334547232295243e+00,9.972642422702604481e-01,-4.268100550011947486e-04,-7.316806534089384181e-03,-7.355483168659261717e-02,2.127960063635362609e+00,1.106500350004319677e-01,1.176067308885172524e-01,-9.694430826071051555e-02,3.828589624182901496e-02,2.309588634186042141e-02,3.212894037113115091e-03,8.320742697866221086e-04,-2.154322519639205544e-03
1.894999999999999929e+01,1.287478202702095587e+01,-1.333538521733454774e+00,2.550805553871464237e+00,9.972573275226929157e-01,-4.655035638325920300e-04,-7.106744811080679958e-03,-7.366885493150057695e-02,2.138027901575584089e+00,1.152731175900178900e-01,1.143969516844994816e-01,-9.582628654656849543e-02,3.976767204487357404e-02,2.316503392459070762e-02,3.203440272196948248e-03,8.210469730640986702e-04,-2.150273944141471022e-03
1.900000000000000000e+01,1.298788280388359517e+01,-1.321643244308186915e+00,2.553627776384990611e+00,9.972499633428930643e-01,-5.743919518347327191e-04,-7.037111930916195232e-03,-7.377438405134949251e-02,2.143589166300357007e+00,1.190753773795957121e-01,1.128298745397097458e-01,-9.447101359359232065e-02,4.155968156800998042e-02,2.325227175958377232e-02,3.187879846812225609e-03,8.055632267105379551e-04,-2.145346640692794189e-03
1.905000000000000071e+01,1.310199008016425992e+01,-1.309849255658019240e+00,2.554128042483070349e+00,9.972425933151789490e-01,-6.595021559954157651e-04,-6.821939836445228139e-03,-7.389341155874867839e-02,2.152803729387583243e+00,1.246126767986420053e-01,1.124690545835691363e-01,-9.228437736281228099e-02,4.406695410763626641e-02,2.338140925766683809e-02,3.174918188402077891e-03,7.914265863629706783e-04,-2.134525823532980489e-03
1.910000000000000142e+01,1.321623387578865128e+01,-1.297202935179498917e+00,2.554974127742990486e+00,9.972328212548379200e-01,-6.093300079154847235e-04,-6.624704981595247281e-03,-7.404351567129081879e-02,2.162934029543340131e+00,1.296912162756183040e-01,1.111211062064092203e-01,-9.030480156624012822e-02,4.648121558170933282e-02,2.350440038398611542e-02,3.159883373348723948e-03,7.755989010972338948e-04,-2.126774305967887857e-03
1.915000000000000213e+01,1.333553143670476082e+01,-1.285033287990704043e+00,2.556677077739651249e+00,9.972393420645628836e-01,-7.951981723286276034e-04,-6.399265014582922011e-03,-7.397372307635609323e-02,2.170129373311038723e+00,1.335435692731511415e-01,1.101350470202307336e-01,-8.858553963757573313e-02,4.901887919239848040e-02,2.362408938886428889e-02,3.140245402077062892e-03,7.601036511424748288e-04,-2.117844015572468465e-03
1.920000000000000284e+01,1.345421627257328723e+01,-1.273282589526434583e+00,2.557214244028075179e+00,9.972297802723472104e-01,-8.266700680617450944e-04,-6.393044871622984363e-03,-7.410270529362608660e-02,2.175868506542719238e+00,1.349383469870034380e-01,1.065920602151480545e-01,-8.653590712429054532e-02,5.198389473120708371e-02,2.376477076401191380e-02,3.119317731716012791e-03,7.432990852165782597e-04,-2.113989477538397860e-03
1.925000000000000000e+01,1.356994209649726990e+01,-1.259895106340567672e+00,2.557044101287279325e+00,9.972405026346276014e-01,-1.129790502542490568e-03,-6.305500946867882185e-03,-7.396177483176419321e-02,2.181346719505121712e+00,1.400707807999053700e-01,1.051196588844057894e-01,-8.428438236493704383e-02,5.516272381441741229e-02,2.391112875367931365e-02,3.098308464835877827e-03,7.273453211251438471e-04,-2.114894313326956803e-03
1.930000000000000071e+01,1.369026237486571596e+01,-1.245026684422250840e+00,2.558577874410345121e+00,9.972563143448288647e-01,-1.136519742984879681e-03,-6.170600109617973596e-03,-7.375957915097487716e-02,2.187613636486469115e+00,1.426350458071511118e-01,1.040452893728544409e-01,-8.262874098454808802e-02,5.822736002071823846e-02,2.404480496111013541e-02,3.070711943713580645e-03,7.060019069835480991e-04,-2.117886365751888225e-03
1.935000000000000142e+01,1.380935419678796450e+01,-1.231892689121746098e+00,2.557328453966464910e+00,9.972662421737338301e-01,-1.059603872509305798e-03,-6.017973598721600322e-03,-7.363900769346470865e-02,2.193162249517669693e+00,1.463867101225936052e-01,1.034818012528427311e-01,-8.014572873082012605e-02,6.200281565055531380e-02,2.422349320740671205e-02,3.048322847008611697e-03,6.849087426959205201e-04,-2.119970875566553389e-03
1.940000000000000213e+01,1.392332021183591984e+01,-1.218886984525934025e+00,2.556889652176232097e+00,9.972842650301411149e-01,-1.124205060687023198e-03,-5.708858153162369754e-03,-7.341825266825684204e-02,2.196234197764590057e+00,1.474288926371329356e-01,1.028081999869417951e-01,-7.817858485020122428e-02,6.503721529205888641e-02,2.437267885540160897e-02,3.027672318839948282e-03,6.716839115915177252e-04,-2.127597758894902817e-03
1.945000000000000284e+01,1.403834530987733054e+01,-1.206468256930087302e+00,2.557007514551609351e+00,9.973040230098166870e-01,-1.257707355669043965e-03,-5.574496677018700615e-03,-7.315756179261589942e-02,2.202257185765384317e+00,1.496800704490388600e-01,1.006664995737185098e-01,-7.659309802207908691e-02,6.784271880280942635e-02,2.451699479397814393e-02,3.006449202366760515e-03,6.586004641127493880e-04,-2.132278297185501506e-03
1.950000000000000000e+01,1.415473258175080673e+01,-1.193814251921741620e+00,2.556555929560080376e+00,9.973170406118627707e-01,-1.381788563186013346e-03,-5.357063692725007147e-03,-7.299392463866241632e-02,2.206796409610670917e+00,1.510331057878166183e-01,9.754467590150872613e-02,-7.485272089294871256e-02,7.111101478315207114e-02,2.467822196390300621e-02,2.981355441340150826e-03,6.411377339644784524e-04,-2.134946722768631816e-03
1.955000000000000071e+01,1.427459822343989337e+01,-1.183968151305134331e+00,2.556342572850315520e+00,9.973324712928062219e-01,-1.349491996191196129e-03,-5.133218479181193145e-03,-7.279952365490530153e-02,2.212360491468312151e+00,1.525287645330348774e-01,9.580733799848023535e-02,-7.319439698364431368e-02,7.434533043032702515e-02,2.483212597761823293e-02,2.965335658446195503e-03,6.230752456141009504e-04,-2.141266339348618392e-03
1.960000000000000142e+01,1.439121939699027131e+01,-1.175070090222356756e+00,2.558324699119460366e+00,9.973286018589134772e-01,-1.374588633847482685e-03,-4.825989951686369614e-03,-7.287304193745999803e-02,2.220235558015367872e+00,1.552481130379634866e-01,9.385911473144216421e-02,-7.250066552342716852e-02,7.649955380928696869e-02,2.493715163475567972e-02,2.947003194555514616e-03,6.066829015060138178e-04,-2.146376897258051898e-03
1.965000000000000213e+01,1.450266534450194555e+01,-1.162932624188140807e+00,2.562494543742442676e+00,9.973314938271656827e-01,-1.252748937712093230e-03,-4.657148984814386133e-03,-7.284664030623719255e-02,2.225234747657571788e+00,1.579409317188041062e-01,9.355796479107927888e-02,-7.268850481367303273e-02,7.749396519316409382e-02,2.499342912828078286e-02,2.928045423084712877e-03,5.929989759480994247e-04,-2.152776381997524666e-03
1.970000000000000284e+01,1.461053094057796997e+01,-1.149308990053798052e+00,2.569023362788454001e+00,9.973428652880308443e-01,-1.101519960912159327e-03,-4.563809649762043917e-03,-7.269915648972237465e-02,2.228666173805802231e+00,1.592890933974681622e-01,9.410783287389767882e-02,-7.358523541504506660e-02,7.738593119297802747e-02,2.499154247873260418e-02,2.908938192129629716e-03,5.834798456012724090e-04,-2.158163446554795580e-03
1.975000000000000000e+01,1.471633723894733059e+01,-1.132382586167850702e+00,2.573266432272803161e+00,9.973467420366786129e-01,-1.084170669883006239e-03,-4.556836868735205173e-03,-7.264665140619443184e-02,2.234035953675888031e+00,1.604208555069133180e-01,9.289058261554195006e-02,-7.370731646392364445e-02,7.805865783778992428e-02,2.503128843492683983e-02,2.885051479564601593e-03,5.709290121418326459e-04,-2.158626041791234396e-03
1.980000000000000071e+01,1.482320650919441540e+01,-1.118426315975763252e+00,2.575216495444354603e+00,9.973597256157233915e-01,-7.944299943901216021e-04,-4.421781555350499590e-03,-7.248030386656592605e-02,2.237707291384626984e+00,1.622438740786868450e-01,9.180934885740246743e-02,-7.303187996197911536e-02,7.928174343290897430e-02,2.509673288748238279e-02,2.869581146508326693e-03,5.640656452112325194e-04,-2.157186034645808097e-03
1.985000000000000142e+01,1.493662541483663375e+01,-1.106338382918181651e+00,2.576991838562696646e+00,9.973511934291856562e-01,-8.372360749623867669e-04,-4.320223206637214056e-03,-7.260324836106718527e-02,2.243009529675920710e+00,1.673033153466925160e-01,9.156272274031129754e-02,-7.212790231524900120e-02,8.095149037316777541e-02,2.517257938721343194e-02,2.858757281650165395e-03,5.524750058801470350e-04,-2.152947903776332526e-03
1.990000000000000213e+01,1.505490205009390969e+01,-1.093201761317471599e+00,2.579900995984190537e+00,9.973543830193781767e-01,-8.199890444307952235e-04,-4.241772688760590652e-03,-7.256424501405309146e-02,2.249894480077541559e+00,1.704049145693488365e-01,8.904171828268296618e-02,-7.146746555131722189e-02,8.262343366681385026e-02,2.523867164813368633e-02,2.848640726887339755e-03,5.374006435616619131e-04,-2.146195944652900655e-03
1.995000000000000284e+01,1.516960035535286266e+01,-1.080716398108997556e+00,2.580840095502491049e+00,9.973479370688513868e-01,-7.785168724905796060e-04,-4.106249524563070248e-03,-7.266102841845785421e-02,2.253093951460725108e+00,1.742799723937051015e-01,8.951412262038788148e-02,-7.029461053461440179e-02,8.480080021079319796e-02,2.533148780457698812e-02,2.838138987910864258e-03,5.241440219084992540e-04,-2.145068465951280572e-03
2.000000000000000000e+01,1.528265163831036766e+01,-1.068054015637940335e+00,2.583466525599964037e+00,9.973436284419172626e-01,-7.294251865706116245e-04,-3.894426943392806460e-03,-7.273230495447308153e-02,2.256942703805895345e+00,1.782036125649452685e-01,9.050464818829992431e-02,-6.966005318802399870e-02,8.607002037743678724e-02,2.538403431434209032e-02,2.829161022525854188e-03,5.151992019310295537e-04,-2.143466486595504896e-03
2.005000000000000071e+01,1.539867779784101742e+01,-1.056823011943039292e+00,2.587203747377916585e+00,9.973356937545455603e-01,-7.781316495699162417e-04,-3.890245446164496915e-03,-7.284074728229880669e-02,2.262931903660055255e+00,1.817968523001707859e-01,8.908828447036054587e-02,-6.938554578162119124e-02,8.711484454858055282e-02,2.542255901193552631e-02,2.821147589647489667e-03,5.059810668189964819e-04,-2.146232804100341954e-03
2.010000000000000142e+01,1.551961531473354761e+01,-1.047837747173138823e+00,2.589784183773549575e+00,9.973301394725047064e-01,-7.841217220198446651e-04,-3.647607001867086106e-03,-7.292923293192681011e-02,2.270304411161456315e+00,1.846311906130028435e-01,9.023221991663120389e-02,-6.879891568167444127e-02,8.860869250035956213e-02,2.548743138536239614e-02,2.819139352862370853e-03,4.946323747325442064e-04,-2.144549543127597085e-03
2.015000000000000213e+01,1.564346419190178139e+01,-1.040075510769992384e+00,2.594894626409584237e+00,9.973264790631334309e-01,-9.147177046980068749e-04,-3.368662371879568070e-03,-7.299116086813725590e-02,2.278483892829531232e+00,1.876472733996229769e-01,9.156493892763474529e-02,-6.886987565102969944e-02,8.922288152377844117e-02,2.550434626856556627e-02,2.817172580825666375e-03,4.834790572249880779e-04,-2.144736633664497995e-03
2.020000000000000284e+01,1.576576906249932897e+01,-1.032147217791434590e+00,2.599795052790589089e+00,9.973056387211154394e-01,-9.817885901962073759e-04,-3.120197834678250029e-03,-7.328549264148093156e-02,2.287105096283886585e+00,1.931128088676410115e-01,9.261339184517655698e-02,-6.887881612596406800e-02,8.986670335305496637e-02,2.552326985066185813e-02,2.815291993333496768e-03,4.727425838341235242e-04,-2.149082509202789384e-03
2.025000000000000000e+01,1.589125338887593308e+01,-1.024617000104827369e+00,2.606849622927160048e+00,9.972830950651030424e-01,-9.952749831391787764e-04,-2.911204654291246752e-03,-7.360001774821396670e-02,2.297723414318718405e+00,1.953540522692044090e-01,9.336033529719087176e-02,-6.947305050243211821e-02,8.980942668812202934e-02,2.550667154313421975e-02,2.813810308808368989e-03,4.623209656033789986e-04,-2.150479860360421207e-03
2.030000000000000071e+01,1.601166476207140832e+01,-1.013082662028364611e+00,2.612957859961371199e+00,9.972939432414550387e-01,-1.047568614200827374e-03,-2.958273848517429475e-03,-7.345026882010073643e-02,2.304348872994892883e+00,1.967407602115540666e-01,9.438907435581600502e-02,-6.994873665041118072e-02,9.023507042375604470e-02,2.551791409055861187e-02,2.805927811796663039e-03,4.499279217782925608e-04,-2.148215791935341717e-03
2.035000000000000142e+01,1.613820814434427220e+01,-1.002351660842906389e+00,2.620883662675136172e+00,9.973001522395327223e-01,-9.152655126671054497e-04,-2.871360784062815859e-03,-7.337113818998489134e-02,2.314386163099624749e+00,1.981871086398003245e-01,9.553764310490887868e-02,-7.097443642660475338e-02,9.077478266806296436e-02,2.552486959739727612e-02,2.796723495670176869e-03,4.312083263594428161e-04,-2.150367651882238110e-03
2.040000000000000213e+01,1.625984239742914284e+01,-9.894029822418053399e-01,2.622547159063925992e+00,9.973066758961287581e-01,-9.968110896552652075e-04,-2.814470751251017030e-03,-7.328355432875814646e-02,2.319541258684386431e+00,1.999857725142176468e-01,9.456685721254305677e-02,-7.025681095931854414e-02,9.318580518257768563e-02,2.563047967759817317e-02,2.786900847604347961e-03,4.120386960886430940e-04,-2.151585589252087791e-03
2.045000000000000284e+01,1.636981475863779423e+01,-9.746503161184244535e-01,2.624070096523726470e+00,9.973244645688512655e-01,-1.076809244492721394e-03,-2.637299436880162756e-03,-7.304654342257019262e-02,2.323420635050996275e+00,1.995847344084620556e-01,9.357152599210551147e-02,-7.007537210079778367e-02,9.549191349773668291e-02,2.574657022094923448e-02,2.771893907256517842e-03,3.985170225179933087e-04,-2.152837766718531873e-03
2.050000000000000000e+01,1.648393432358813016e+01,-9.617436001389307876e-01,2.625440846124016403e+00,9.973233445718946433e-01,-1.077514250852888928e-03,-2.508226305307174626e-03,-7.306636802093223471e-02,2.326651401110163775e+00,2.012079072348187114e-01,9.223721597123464566e-02,-6.961292489239018222e-02,9.764940843524072545e-02,2.584898693712427489e-02,2.767333939555551275e-03,3.846500205922631361e-04,-2.148554012850409107e-03
2.055000000000000071e+01,1.659607322247759598e+01,-9.468647656344120200e-01,2.628574298320909275e+00,9.973129691231743532e-01,-1.136948874959671160e-03,-2.367002547612857832e-03,-7.321165388729741763e-02,2.329213343735227149e+00,2.034842810193971119e-01,9.122232903126206716e-02,-6.963730698088722859e-02,9.916238800460940028e-02,2.591969737442793506e-02,2.757685442247084177e-03,3.692860968904562984e-04,-2.144839923858296235e-03
2.060000000000000142e+01,1.670585898666456970e+01,-9.310220644252265032e-01,2.632377044330005411e+00,9.973386232408144592e-01,-1.277003097829256710e-03,-2.118554254755229422e-03,-7.286666990520822285e-02,2.332669792753063298e+00,2.047674329128390258e-01,9.130809741704951077e-02,-7.007370478567033489e-02,1.005902416358528118e-01,2.599128500623992463e-02,2.741687560886138346e-03,3.525340996458049500e-04,-2.145957149811193385e-03
2.065000000000000213e+01,1.681625222772026618e+01,-9.153361072634159656e-01,2.638544748767873038e+00,9.973399159972378136e-01,-1.250345476517969109e-03,-1.990714711072106343e-03,-7.285304145848055246e-02,2.335525155558861865e+00,2.062166675237029900e-01,9.227536335244405918e-02,-7.100671512401347807e-02,1.009882445009791380e-01,2.601217016091808554e-02,2.727319414941581713e-03,3.386759965030434181e-04,-2.146385334646020750e-03
2.070000000000000284e+01,1.692726581092112070e+01,-9.005410748089477391e-01,2.647725745362055516e+00,9.973538770963991107e-01,-1.014615246184056392e-03,-1.814655379429309674e-03,-7.266994855190700431e-02,2.341818382298601620e+00,2.053797977075557113e-01,9.319439193157347257e-02,-7.277680087776339235e-02,1.003501171558802418e-01,2.598410528965375624e-02,2.715383902210843393e-03,3.266652599576221777e-04,-2.148863381151072931e-03
2.075000000000000000e+01,1.703904990725985158e+01,-8.851495428283753242e-01,2.655418507624069502e+00,9.973602124120777290e-01,-8.988349476307687163e-04,-1.778216265769904563e-03,-7.258537552416682859e-02,2.345535884079214206e+00,2.087518478574710845e-01,9.346715478739300864e-02,-7.409218587548815904e-02,1.003423871324595484e-01,2.598351591106104821e-02,2.700355269435978506e-03,3.116998135512987823e-04,-2.152845510859433768e-03
2.080000000000000071e+01,1.715219714437940013e+01,-8.696580024964147837e-01,2.667272147119581494e+00,9.973715632319587465e-01,-7.106165458092304548e-04,-1.800090059031879712e-03,-7.243079149190072286e-02,2.351876127742594136e+00,2.098903019968492989e-01,9.560550520640011263e-02,-7.633596796390310080e-02,9.897590919745777316e-02,2.591179472268842141e-02,2.687520205891182675e-03,2.956849352315153831e-04,-2.159580864583239990e-03
2.085000000000000142e+01,1.726693800190064110e+01,-8.549706598079171993e-01,2.679480972699140651e+00,9.973868927640995308e-01,-7.112005009596320069e-04,-1.720583964170118883e-03,-7.222132598508788914e-02,2.356984257041901731e+00,2.132808120963343712e-01,9.699197639150146377e-02,-7.857566764255421998e-02,9.747195146275237920e-02,2.583326321542109977e-02,2.677475256339930092e-03,2.797764213329891406e-04,-2.163159096155573956e-03
2.090000000000000213e+01,1.737537170436193534e+01,-8.379002332284926080e-01,2.692592468749144707e+00,9.973932807345906593e-01,-5.088726669322184929e-04,-1.664656045864265329e-03,-7.213607637200657174e-02,2.360594026217907260e+00,2.140208585900014726e-01,9.849727474716601927e-02,-8.114404762072627286e-02,9.552401946544311628e-02,2.573965619342872754e-02,2.666897568056396731e-03,2.646681071664430587e-04,-2.159915449162377963e-03
2.095000000000000284e+01,1.749273527870201761e+01,-8.233198090071101038e-01,2.706213931403328665e+00,9.973955479434000182e-01,-3.583126763394256617e-04,-1.486665871817136574e-03,-7.210951656540415255e-02,2.368475542988980997e+00,2.150574917065392888e-01,1.000031211342944509e-01,-8.357400351873593702e-02,9.354596004480295046e-02,2.563616175713498424e-02,2.660728441886947397e-03,2.496668947122125800e-04,-2.153719545572036018e-03
2.100000000000000000e+01,1.760544784758304715e+01,-8.079468992659465387e-01,2.714565338642203507e+00,9.974142441201929721e-01,-2.731442213626258876e-04,-1.612165076527918590e-03,-7.184811717884075077e-02,2.373442929364173004e+00,2.150604845746066085e-01,1.022346930944758592e-01,-8.504808795853577297e-02,9.365072957188991243e-02,2.564099991847411733e-02,2.652258835302387808e-03,2.341075939549429547e-04,-2.148578892132860154e-03
2.105000000000000071e+01,1.771938364353937345e+01,-7.922482400654772272e-01,2.721789803286193798e+00,9.974163883604048042e-01,-2.328242548703129706e-04,-1.566585627429176219e-03,-7.181949479371563250e-02,2.378490184749673109e+00,2.151882900415615918e-01,1.025198469161557602e-01,-8.592201698810252031e-02,9.391533407685287438e-02,2.564798345909207258e-02,2.644438922496389864e-03,2.216868296279636227e-04,-2.145340056703342463e-03
2.110000000000000142e+01,1.782746785304890835e+01,-7.757209300169781718e-01,2.727779697356090605e+00,9.974301413974262509e-01,-2.948771486091202650e-04,-1.451360242528379170e-03,-7.163043789356501878e-02,2.379776748716453394e+00,2.133933874390337992e-01,1.022903230199734698e-01,-8.684229936955130402e-02,9.469915652453343713e-02,2.568835424998850217e-02,2.634366466838669249e-03,2.085550544482699196e-04,-2.140337795943792181e-03
2.115000000000000213e+01,1.794461487570216818e+01,-7.612187198423148171e-01,2.733008001569788625e+00,9.974325826870493739e-01,-1.751594570737732609e-04,-1.378304673569208339e-03,-7.159827225313443455e-02,2.384563017275600494e+00,2.140294817393918470e-01,1.022205303413934868e-01,-8.737075941106911547e-02,9.583512472808931870e-02,2.573913879404658364e-02,2.628216459383605000e-03,1.925868269652403881e-04,-2.134553833194080541e-03
2.120000000000000284e+01,1.805522458723628887e+01,-7.441999484989207936e-01,2.739569184845853211e+00,9.974335935044179591e-01,-1.646898366515316462e-04,-1.319095705022849726e-03,-7.158532959093176495e-02,2.386242041164845951e+00,2.146360983987880278e-01,1.026266828094851563e-01,-8.839272591910332655e-02,9.652659197470322971e-02,2.577385171046473605e-02,2.619804616508288313e-03,1.760819629131474620e-04,-2.122934621917171340e-03
2.125000000000000000e+01,1.815980806339321063e+01,-7.267576197302769714e-01,2.744568124581487023e+00,9.974375338256685763e-01,-2.604373387625565810e-05,-1.268039983845311094e-03,-7.153151411854322128e-02,2.386418759614737706e+00,2.145904333496193306e-01,1.024697022602781005e-01,-8.910406353412439473e-02,9.761502888217271634e-02,2.582840635826317427e-02,2.612030616726455923e-03,1.607333157686062573e-04,-2.114116940955693223e-03
2.130000000000000071e+01,1.827736785142796094e+01,-7.137710015545121189e-01,2.748328178918108211e+00,9.974339714851960803e-01,-4.799895752511802288e-05,-1.174648248820191806e-03,-7.158275228615271213e-02,2.391185512655228163e+00,2.145637040453577671e-01,1.010930047856253844e-01,-8.925694427909694473e-02,9.921549532682959194e-02,2.589735269489441133e-02,2.613023349424225573e-03,1.456525367196524669e-04,-2.105615832204775929e-03
2.135000000000000142e+01,1.838678248028547912e+01,-6.997624108348787786e-01,2.751281985855456025e+00,9.974270055332776774e-01,-2.278956874024747506e-05,-1.096418240906581187e-03,-7.168100153175616107e-02,2.393310607092720588e+00,2.152062075328748936e-01,9.999500189727862642e-02,-8.973611942372208827e-02,1.011077328229411237e-01,2.599697717730634766e-02,2.611419400532450329e-03,1.290117358541199627e-04,-2.095136840082509680e-03
2.140000000000000213e+01,1.848368001453939513e+01,-6.826606072374645784e-01,2.756400259255088248e+00,9.974397272102497602e-01,1.157820678570291425e-04,-9.884814551390350059e-04,-7.150524513396228077e-02,2.395090854589280838e+00,2.143830206946326367e-01,1.003312738508408547e-01,-9.087186485548584547e-02,1.020581169554709844e-01,2.605481014198452600e-02,2.604736961163793812e-03,1.152313239361851084e-04,-2.082328283964607948e-03
2.145000000000000284e+01,1.859293320891745438e+01,-6.694794669582012636e-01,2.761511393486877797e+00,9.974382323763483216e-01,1.327983707575424225e-04,-9.783103229681145221e-04,-7.152620406152075672e-02,2.397117391792469299e+00,2.128019627869143782e-01,9.902803925975732502e-02,-9.168829018172551526e-02,1.031847779407767812e-01,2.610763844304563042e-02,2.605183123776809179e-03,9.944824299574223504e-05,-2.075302684885515277e-03
2.150000000000000000e+01,1.870584363994891675e+01,-6.567329181268171112e-01,2.767326854492283772e+00,9.974321273536072008e-01,2.792027580685596273e-04,-8.354490332216584327e-04,-7.161267620743110018e-02,2.399178029670546053e+00,2.138851996697730407e-01,9.846833661610056299e-02,-9.250559834293310690e-02,1.039504424255770221e-01,2.614134470081187767e-02,2.607237490908626779e-03,8.381802698464557288e-05,-2.067345145289070218e-03
2.155000000000000071e+01,1.883476287651558678e+01,-6.445253766419086761e-01,2.772226733839389112e+00,9.974178311397647878e-01,2.483225318636310300e-04,-7.403219462441230437e-04,-7.181267564840976281e-02,2.406251446850833364e+00,2.148862495792429883e-01,9.776063581856236917e-02,-9.250597030788582087e-02,1.046126414343406807e-01,2.616430915887421257e-02,2.612387746137250812e-03,7.147135434798748319e-05,-2.049738811719679053e-03
2.160000000000000142e+01,1.894883288368908936e+01,-6.281579739470618540e-01,2.778115335736883296e+00,9.974245156035933535e-01,2.805505597318799478e-04,-6.961835760199064273e-04,-7.172009685401285750e-02,2.406021322186004063e+00,2.130779235288819129e-01,9.866265530418232010e-02,-9.309037136670793300e-02,1.051573893735756465e-01,2.618551376266513298e-02,2.613568241680190325e-03,5.488530737037010995e-05,-2.035816583597683388e-03
2.165000000000000213e+01,1.905098887781213080e+01,-6.131774175791692150e-01,2.784418844955367511e+00,9.974134673928564121e-01,3.125006078606033843e-04,-4.814346311599954553e-04,-7.187520871222223551e-02,2.406597217742329153e+00,2.123192097056504912e-01,9.978194216832270147e-02,-9.398845023770720231e-02,1.050495533671303855e-01,2.618968257185083290e-02,2.616586606183251770e-03,4.408416859324276683e-05,-2.024979551886468051e-03
2.170000000000000284e+01,1.915023660939987238e+01,-5.983437402464945043e-01,2.792643077556114850e+00,9.974006734897945536e-01,2.867007478993894762e-04,-3.140738933837971701e-04,-7.205356120536207665e-02,2.408870295744048207e+00,2.129810789947197969e-01,1.016239283514835390e-01,-9.521130785066536650e-02,1.040916674160045491e-01,2.615402222768086274e-02,2.621085285782885198e-03,3.328307786222969102e-05,-2.015185612227435481e-03
2.175000000000000000e+01,1.923948101775919639e+01,-5.813488096441562503e-01,2.803104054169525572e+00,9.974133642476969985e-01,3.028393896240205523e-04,-2.170585437776211652e-04,-7.187796598390694403e-02,2.409059580591983440e+00,2.113080654771953004e-01,1.035735606385324026e-01,-9.727131507835747037e-02,1.025390821188657126e-01,2.609886236801913298e-02,2.618668549886403116e-03,2.282703793877687948e-05,-2.005098941656260642e-03
2.180000000000000071e+01,1.932003127607545778e+01,-5.638760212383648884e-01,2.814655483216120579e+00,9.974245709160194373e-01,3.796233770832364287e-04,-2.657722073806228764e-04,-7.172175809487614517e-02,2.407641150204498537e+00,2.100967243175906607e-01,1.072781038582218266e-01,-9.985034054476088494e-02,1.007979402663074647e-01,2.604215127709464533e-02,2.614822394662227097e-03,8.681232509818863249e-06,-1.996085979970323512e-03
2.185000000000000142e+01,1.939203192441915746e+01,-5.453523103715158804e-01,2.827789771038912381e+00,9.974322106942017374e-01,3.780371787093089742e-04,-1.461505469203195544e-04,-7.161578595244699752e-02,2.407079839920847508e+00,2.073786682849597940e-01,1.075825945115204407e-01,-1.028816684625382394e-01,9.829476973237015469e-02,2.595912612700039535e-02,2.605876081716045848e-03,-3.853659025861401130e-06,-1.986958072995515055e-03
2.190000000000000213e+01,1.946439970668421893e+01,-5.280270384941050388e-01,2.842333279036769689e+00,9.974513005080755113e-01,6.087217466008943909e-04,-1.050311496936677443e-04,-7.134789093618443268e-02,2.405683974295235839e+00,2.037519661825988315e-01,1.083839242172863759e-01,-1.061852038522097946e-01,9.544675990096949947e-02,2.585842349751947197e-02,2.595642031948430448e-03,-1.714379342095526378e-05,-1.981370286660753821e-03
2.195000000000000284e+01,1.954760146576736091e+01,-5.107189875720354877e-01,2.857965229812100105e+00,9.974527576136202889e-01,8.035436371762232294e-04,-1.239200542744970529e-04,-7.132555846558667756e-02,2.407345374436344443e+00,2.008722471171159873e-01,1.102189010886947818e-01,-1.094447411286537247e-01,9.277584312474010386e-02,2.575106316533092715e-02,2.583992580494603574e-03,-3.659637384242462753e-05,-1.978328755572283243e-03
2.200000000000000000e+01,1.962955636371929913e+01,-4.953514548159165254e-01,2.871658218829196141e+00,9.974586191294119164e-01,1.115177323592959685e-03,-1.487440606863507718e-04,-7.123929659386091240e-02,2.406953488260957119e+00,1.975130290609624362e-01,1.134392009611825680e-01,-1.122844909317797929e-01,9.060292682769825745e-02,2.567016928377888890e-02,2.578534159005062536e-03,-5.532055891276728334e-05,-1.975630983079080735e-03
2.205000000000000071e+01,1.969902082725266368e+01,-4.782911106372103593e-01,2.885485583068085447e+00,9.974683046685913768e-01,1.346468654585095733e-03,-1.943122719988708337e-04,-7.109944054962229198e-02,2.406397732502550735e+00,1.952581315949273588e-01,1.144819259499226666e-01,-1.153112386914880161e-01,8.813960501568028627e-02,2.558427256865838592e-02,2.573273837464205242e-03,-7.166395112975056981e-05,-1.965931384053499261e-03
2.210000000000000142e+01,1.975275727334129527e+01,-4.605174873350754705e-01,2.898455036719011169e+00,9.974858411105330669e-01,1.455400609989759798e-03,-1.807764571776849019e-04,-7.085087093994912877e-02,2.403115761004360973e+00,1.938104310277177778e-01,1.160894213710209344e-01,-1.183142084736480415e-01,8.574175479835953462e-02,2.550586031741726087e-02,2.567160467080971745e-03,-8.762565867436510688e-05,-1.962562025356827475e-03
2.215000000000000213e+01,1.979119249166869210e+01,-4.413778485587433464e-01,2.910821343580353382e+00,9.975006121457576924e-01,1.663537931829113525e-03,-8.118173615343567563e-05,-7.063819660717454707e-02,2.393769684715251422e+00,1.916756282187283278e-01,1.181393176937086814e-01,-1.214238654106417764e-01,8.321113373917281286e-02,2.543347518890469797e-02,2.561056831682940755e-03,-1.011301428774666013e-04,-1.956030374981927115e-03
2.220000000000000284e+01,1.982082302046104516e+01,-4.200865168359669277e-01,2.921832087664863575e+00,9.975123841791744272e-01,1.732047548463934005e-03,-2.240851003296658874e-04,-7.046980350715428831e-02,2.382515098761765149e+00,1.888739168307223548e-01,1.230393845204516695e-01,-1.240816367232454448e-01,8.059104583540771527e-02,2.536261033741442350e-02,2.550863856291908042e-03,-1.067708836290833516e-04,-1.947098494761046773e-03
2.225000000000000000e+01,1.986541303643560497e+01,-4.007279922970937713e-01,2.935733877683227799e+00,9.975172702159529337e-01,2.076536599884065519e-03,-1.642423836576068679e-04,-7.039145289807793859e-02,2.377232611752467140e+00,1.876529685545253179e-01,1.242760673819078981e-01,-1.268247578077350557e-01,7.703601239932007794e-02,2.524119958628639332e-02,2.544062500988318685e-03,-1.172149405889556057e-04,-1.941271262028169400e-03
2.230000000000000071e+01,1.992341360779771264e+01,-3.831505696922624660e-01,2.950578384313075730e+00,9.975143370541835752e-01,2.473455414976326143e-03,-9.449770061057091480e-05,-7.042031283548383369e-02,2.374104323548875684e+00,1.850714223367296574e-01,1.283980112138597696e-01,-1.292923380529055200e-01,7.316515845415923203e-02,2.509578505464971077e-02,2.543945980378362406e-03,-1.261513433396292618e-04,-1.932077024363747708e-03
2.235000000000000142e+01,1.999909035224468212e+01,-3.660879119241481905e-01,2.965841141442306483e+00,9.975107182277789253e-01,2.470161967448487872e-03,-3.404703016574445727e-04,-7.047091173334400771e-02,2.376208500589384265e+00,1.849754706786634617e-01,1.315423085673745607e-01,-1.316054682520726715e-01,6.986344933242434607e-02,2.496387107047964848e-02,2.546214014119694332e-03,-1.428554252140511172e-04,-1.917534892850736089e-03
2.240000000000000213e+01,2.004206900701033689e+01,-3.451023700221598212e-01,2.982833066853173065e+00,9.975255888084787470e-01,2.541246122719025089e-03,-4.333182039462549315e-04,-7.025705641268793766e-02,2.371056141554928498e+00,1.819874725323794018e-01,1.339635203074162340e-01,-1.347255112450421177e-01,6.531446415139030570e-02,2.480025026018493547e-02,2.544615958533251975e-03,-1.580086860658807646e-04,-1.895638915385105660e-03
2.245000000000000284e+01,2.006393134155968738e+01,-3.241847357185155820e-01,2.998344649206756252e+00,9.975224783292088171e-01,2.646575109343490828e-03,-5.278014185803798271e-04,-7.029667341920345369e-02,2.361743131536887752e+00,1.784949426183934373e-01,1.386849935953015922e-01,-1.380761293086100461e-01,6.131213789306028117e-02,2.467433108482255250e-02,2.540733222012355429e-03,-1.765446944350679845e-04,-1.873493504980664436e-03
2.250000000000000000e+01,2.008933402670000490e+01,-3.048503195605336002e-01,3.013905209294801768e+00,9.975112979022923154e-01,2.755509168094996426e-03,-5.296272034490881594e-04,-7.045095614350500857e-02,2.353703446076253591e+00,1.751346645658668211e-01,1.417437593886457792e-01,-1.413060339135295274e-01,5.756501466687560103e-02,2.455516849646087810e-02,2.534631166681738153e-03,-1.986623814058959643e-04,-1.861577908065132963e-03
2.255000000000000071e+01,2.006735738821204862e+01,-2.820112430043990037e-01,3.029940675824540186e+00,9.975258033618334963e-01,2.845878859203121447e-03,-5.554614049699393508e-04,-7.024146968476051300e-02,2.337615637502008958e+00,1.695413880322485523e-01,1.436748397975327329e-01,-1.453017984788940731e-01,5.306409826120959267e-02,2.442409722449500817e-02,2.520386449700132061e-03,-2.167367004860841018e-04,-1.853929451355815824e-03
2.260000000000000142e+01,2.003831518820290114e+01,-2.607430479870076478e-01,3.045497485018831441e+00,9.975232119608163917e-01,3.011505999541542241e-03,-3.725526377040656130e-04,-7.027256673498639972e-02,2.319552722133196632e+00,1.651681428397153983e-01,1.468799442405329114e-01,-1.489530008301599151e-01,4.818429500118785735e-02,2.427796615340042929e-02,2.509929934757255260e-03,-2.301451210473426270e-04,-1.854881456988296444e-03
2.265000000000000213e+01,1.999273710466620102e+01,-2.415625206337780884e-01,3.059538521511092402e+00,9.975368246015287044e-01,3.212010654978714880e-03,-2.516978903990266985e-04,-7.007070143521526573e-02,2.297295637795463641e+00,1.601883114138502040e-01,1.518545729216538576e-01,-1.524643667626079113e-01,4.353355427150698564e-02,2.414911538612078690e-02,2.498081424273412496e-03,-2.371120792138806154e-04,-1.858569111716917854e-03
2.270000000000000284e+01,2.005064269348327599e+01,-2.362099348858222037e-01,3.067682840818213297e+00,9.975380836621007274e-01,3.227453002173874715e-03,-3.092179302534779585e-04,-7.005183491625384395e-02,2.290582455239009718e+00,1.569761866850916954e-01,1.536997879551890156e-01,-1.537795150176093639e-01,4.359193259290485012e-02,2.416266261647086189e-02,2.495622025827750820e-03,-2.489450013831047675e-04,-1.854096317456108015e-03
2.275000000000000000e+01,2.005514151802819001e+01,-2.262740346540182135e-01,3.076154073025414881e+00,9.975392313980981918e-01,3.287145258500961953e-03,-2.781452484261517618e-04,-7.003284324487869805e-02,2.273808591511619071e+00,1.521634247875865431e-01,1.538805202178485099e-01,-1.558964802638140856e-01,4.226491025380850475e-02,2.415303501470045591e-02,2.489686128611800532e-03,-2.548728392034979346e-04,-1.848766938793916471e-03
2.280000000000000071e+01,2.002129354115343318e+01,-2.138645409229038563e-01,3.084202866122998543e+00,9.975258425934222517e-01,3.523591838511502383e-03,-3.650421925550838493e-04,-7.021142644211250672e-02,2.254243121033848496e+00,1.472792074411230778e-01,1.552621589964842952e-01,-1.584204569224017811e-01,4.001856671177882879e-02,2.413339241050535197e-02,2.482014169446759410e-03,-2.563938273912361957e-04,-1.842703299773315985e-03
2.285000000000000142e+01,1.999356563099436812e+01,-2.039889392319090000e-01,3.091056614798023183e+00,9.975393312605985718e-01,3.656645221276417796e-03,-4.822271968408161106e-04,-7.001199176436870286e-02,2.233972198682386612e+00,1.414613749853177171e-01,1.565474426607058323e-01,-1.606352911177465759e-01,3.834809837506224922e-02,2.413445389739286850e-02,2.470756222482223784e-03,-2.570068161957927543e-04,-1.838091354534968688e-03
2.290000000000000213e+01,1.994571692857093126e+01,-1.949029217653751034e-01,3.096086171647483010e+00,9.975389806750800670e-01,3.738853432443507534e-03,-5.739066585348367999e-04,-7.001195354994803333e-02,2.210679317418667633e+00,1.340558153214169435e-01,1.548249341394859202e-01,-1.628278247079099628e-01,3.677649990681379488e-02,2.415498672655168669e-02,2.458839736980421558e-03,-2.533154447479985167e-04,-1.827171221405473863e-03
2.295000000000000284e+01,1.991119300253035718e+01,-1.890601395044959887e-01,3.100213035338898582e+00,9.975372569216004459e-01,3.795600449996301608e-03,-7.170491182908938837e-04,-7.003213770202107447e-02,2.189701223470744029e+00,1.283984089879206536e-01,1.531055036743276809e-01,-1.647183923882424017e-01,3.596440094444423863e-02,2.419588014175546795e-02,2.449784794945190393e-03,-2.545040268287561912e-04,-1.813393986595342698e-03
2.300000000000000000e+01,1.986690398305200489e+01,-1.860133035815746960e-01,3.104606214004220099e+00,9.975224164136449190e-01,3.893191607767278184e-03,-9.978098825758575582e-04,-7.023443732832282405e-02,2.167600902097998716e+00,1.188475023740445252e-01,1.551477767322365087e-01,-1.668565848070266699e-01,3.499811097907176011e-02,2.423476784129844144e-02,2.438319242419385770e-03,-2.562423966824750664e-04,-1.802401780372227908e-03
2.305000000000000071e+01,1.983302282472430633e+01,-1.789463199234424540e-01,3.108967479257390920e+00,9.975238157566729269e-01,4.131255080695254642e-03,-9.712214343000643126e-04,-7.020132804036606500e-02,2.144288512321145035e+00,1.111790164022080918e-01,1.573779149633015295e-01,-1.685646806170303103e-01,3.419321002175777086e-02,2.427134662419977787e-02,2.427762975588864443e-03,-2.585850799130236591e-04,-1.790358366313363463e-03
2.310000000000000142e+01,1.974518151029491619e+01,-1.752935235287331472e-01,3.111588784083977988e+00,9.975259273891682321e-01,4.265961809829046242e-03,-1.240299974301868830e-03,-7.015901518828976391e-02,2.112312435298285607e+00,1.014921108961421153e-01,1.578550047541710522e-01,-1.707674811533708148e-01,3.313670866637983409e-02,2.432178510826630766e-02,2.418538260139479860e-03,-2.582228105717092629e-04,-1.777356974211372499e-03
2.315000000000000213e+01,1.966796982801418281e+01,-1.783211468871408745e-01,3.111911527288620416e+00,9.975161461824203490e-01,4.513330187127071944e-03,-1.348131907760510666e-03,-7.028051292039157183e-02,2.082324886730785085e+00,9.276454452059391953e-02,1.560314422233747000e-01,-1.725082322218437492e-01,3.312704850890846320e-02,2.440959079523990702e-02,2.409138812808901253e-03,-2.545363754626107943e-04,-1.762286121646158702e-03
2.320000000000000284e+01,1.958123003313139066e+01,-1.876656065908004489e-01,3.110466053794906927e+00,9.975020674087445860e-01,4.566876158018888868e-03,-1.561554753519411518e-03,-7.047219809392570034e-02,2.049886254526168461e+00,8.086760867097890493e-02,1.555955255527439185e-01,-1.741733402863546443e-01,3.343469816835713954e-02,2.451927973972067853e-02,2.403293219068712745e-03,-2.486611296286803585e-04,-1.752059683715339808e-03
2.325000000000000000e+01,1.951214194795202772e+01,-1.988805521004371468e-01,3.110024295885854606e+00,9.974726708473294901e-01,4.459201751600908557e-03,-1.431629008518919962e-03,-7.089666332639081581e-02,2.022687704356586291e+00,6.893324981610601809e-02,1.532139481148435123e-01,-1.757039229763404931e-01,3.372181517796628281e-02,2.461612257395854458e-02,2.397256474798108335e-03,-2.460794786823642679e-04,-1.737185690258859650e-03
2.330000000000000071e+01,1.943058460039420865e+01,-2.087159201812550380e-01,3.109679344399066014e+00,9.974406064708629671e-01,4.454032711758587094e-03,-1.558646868534706515e-03,-7.134401709729205898e-02,1.994341089731976213e+00,5.933383385529353293e-02,1.510929167656822614e-01,-1.772968971577169317e-01,3.362523210551487951e-02,2.469994029890680912e-02,2.389416169637396253e-03,-2.419038061532216154e-04,-1.724058012419535336e-03
2.335000000000000142e+01,1.933470149213293965e+01,-2.208380219741831185e-01,3.108390383226198317e+00,9.974359362868282508e-01,4.409797476106144115e-03,-1.579869220950994935e-03,-7.141155860981240888e-02,1.961232199043145163e+00,5.068402695449543416e-02,1.507044099165721351e-01,-1.788792826895693744e-01,3.366982048736736483e-02,2.479060068089516261e-02,2.381127026997749332e-03,-2.349749917534496178e-04,-1.714062607030540772e-03
2.340000000000000213e+01,1.925101135036116773e+01,-2.373969380571348542e-01,3.106317530077012723e+00,9.974177790576850278e-01,4.676539339022098979e-03,-1.738489732815857005e-03,-7.164413201996791547e-02,1.932252347099201906e+00,4.048844517204042148e-02,1.484483206469646432e-01,-1.801933683165643785e-01,3.433112888275798719e-02,2.489805287738207362e-02,2.377351810057184728e-03,-2.282366180275599435e-04,-1.706890929018707419e-03
2.345000000000000284e+01,1.907874212454056106e+01,-2.536705873167014458e-01,3.099081236930934846e+00,9.973943440978634278e-01,4.735490550579739104e-03,-1.977959057563706026e-03,-7.195960789779788647e-02,1.884479370121180830e+00,2.813425194468111012e-02,1.457507873795998998e-01,-1.815367893481195094e-01,3.454180472463454221e-02,2.503285280927220607e-02,2.368932489551474254e-03,-2.113590401676160801e-04,-1.702379011604996653e-03
2.350000000000000000e+01,1.883483177431404343e+01,-2.730003293813541010e-01,3.087189376871668500e+00,9.973750100524122475e-01,4.651942569454323162e-03,-2.382831992691440953e-03,-7.222029399674217975e-02,1.824282373252259504e+00,1.168666757096755229e-02,1.434404060481097587e-01,-1.828342864724260275e-01,3.499728906248965321e-02,2.520242227487322351e-02,2.358301607910875432e-03,-1.910826237152194981e-04,-1.693051327264935525e-03
2.355000000000000071e+01,1.865729597764915226e+01,-2.943066810317468418e-01,3.074897769261873304e+00,9.973392005208765454e-01,4.829202404477107510e-03,-2.574003639038245118e-03,-7.269506457650151687e-02,1.775751837945648504e+00,-9.258015726305666299e-04,1.403615492245623153e-01,-1.830005927861940163e-01,3.653922111307521259e-02,2.538127483659248160e-02,2.351189245554649587e-03,-1.754389217246895844e-04,-1.671531948124522007e-03
2.360000000000000142e+01,1.850083178003814055e+01,-3.126526016204658198e-01,3.065934270197586464e+00,9.973105013158835019e-01,4.881921236458059733e-03,-2.712163965937569154e-03,-7.307923765833902741e-02,1.730739210781002235e+00,-1.101290402871610286e-02,1.385370325894271504e-01,-1.833019178951469375e-01,3.702730447303297090e-02,2.550936616348292371e-02,2.347753256790626689e-03,-1.599788873371018726e-04,-1.653181561875285109e-03
2.365000000000000213e+01,1.834336675789415949e+01,-3.237262148853234933e-01,3.056998214411098758e+00,9.972767437839444860e-01,5.056463860879405713e-03,-2.707762611130300721e-03,-7.352684205484581736e-02,1.684263716366992458e+00,-2.037487841699791094e-02,1.357689513380679891e-01,-1.833818901797714951e-01,3.754965729002172209e-02,2.562962297536952247e-02,2.346008073501846224e-03,-1.429185396527507524e-04,-1.633380488437149915e-03
2.370000000000000284e+01,1.819277184036144135e+01,-3.355486754708428276e-01,3.049701320016979356e+00,9.972528324591317661e-01,4.989520583839984931e-03,-2.820481913904470880e-03,-7.385078007953403689e-02,1.639489853988441048e+00,-2.934670058757181052e-02,1.340361968283708127e-01,-1.836896460175980461e-01,3.793237874471286353e-02,2.573613411428748651e-02,2.345722599503258839e-03,-1.306407483558897178e-04,-1.615902500830028498e-03
2.375000000000000000e+01,1.805604532327600253e+01,-3.415458227120224954e-01,3.045874200229108375e+00,9.972526124857927776e-01,4.807808205262454823e-03,-2.892104381422531522e-03,-7.386303272117659968e-02,1.600501371112665439e+00,-3.753108627255846014e-02,1.335429316690246726e-01,-1.844663434171990024e-01,3.779422333789750343e-02,2.581277788063331136e-02,2.344508173814168709e-03,-1.229793870198925092e-04,-1.599601623055371593e-03
2.380000000000000071e+01,1.801346908260746815e+01,-3.537858054825425702e-01,3.043664287893326215e+00,9.972324737144063755e-01,4.566763318241396502e-03,-3.105484449561009882e-03,-7.414104132377924428e-02,1.576291390128685910e+00,-4.350107819329875058e-02,1.315865084961224951e-01,-1.844328232645884302e-01,3.888588826941587889e-02,2.589606957258960493e-02,2.345884700242549178e-03,-1.226333154266277185e-04,-1.578066772124113708e-03
2.385000000000000142e+01,1.800784455248329508e+01,-3.653088753109617337e-01,3.042635299412500771e+00,9.972109779369566773e-01,4.517850504563382733e-03,-2.854408877185222581e-03,-7.444264140127540563e-02,1.560380746696127252e+00,-5.063284902046363140e-02,1.291814654798465467e-01,-1.841483650833035668e-01,4.022440546572127185e-02,2.597222710368676454e-02,2.348047794883059355e-03,-1.210480600206546896e-04,-1.558802382204335429e-03
2.390000000000000213e+01,1.802620280736523384e+01,-3.760718235569915358e-01,3.040692425365152385e+00,9.971776027427532441e-01,4.394751897562691398e-03,-2.806142243669427268e-03,-7.489753206670346497e-02,1.546215408131493829e+00,-5.582644984773935809e-02,1.278667384878757751e-01,-1.832852447194497636e-01,4.201349900689737432e-02,2.605621415594281537e-02,2.350865188380517074e-03,-1.173294840906662897e-04,-1.533766730371741594e-03
2.395000000000000284e+01,1.801324028415322687e+01,-3.821848221860768002e-01,3.039337379167817321e+00,9.971548369822356150e-01,4.225442520036883608e-03,-2.972675523205401456e-03,-7.520332385390006424e-02,1.527128572281287067e+00,-6.057797305843944796e-02,1.270848828090145322e-01,-1.829324811209482315e-01,4.312747850917834219e-02,2.613039912950296251e-02,2.355129534466313731e-03,-1.159200351814916325e-04,-1.516631622051668477e-03
2.400000000000000000e+01,1.799065734860038290e+01,-3.851268889944521323e-01,3.036994711057596330e+00,9.971417879233634984e-01,4.036799965159867595e-03,-2.807791596626722005e-03,-7.539280688095720273e-02,1.505008841095203165e+00,-6.672636519899867447e-02,1.248385500250885211e-01,-1.824877322358123277e-01,4.438297863644185409e-02,2.621463960885236921e-02,2.352422969041426375e-03,-1.123600558307335384e-04,-1.496852812336261747e-03
2.405000000000000071e+01,1.794764880113859817e+01,-3.898140540845812518e-01,3.034683583291994058e+00,9.971282270386322422e-01,4.160140017956486663e-03,-2.772622961951200747e-03,-7.556655768086795177e-02,1.481877543985874679e+00,-7.060978341765045130e-02,1.221007277945786174e-01,-1.823940235569653512e-01,4.491191386611094460e-02,2.628229793764958952e-02,2.351646068362805639e-03,-1.027786438789569446e-04,-1.480721269686611097e-03
2.410000000000000142e+01,1.795738162155978657e+01,-3.974497857483829111e-01,3.037412516007853114e+00,9.971058238232258786e-01,4.083254410816227961e-03,-2.665463456255709289e-03,-7.586961470698196097e-02,1.467046067965356526e+00,-7.865379400559684153e-02,1.219497429015196643e-01,-1.826951804948931668e-01,4.463453124871278460e-02,2.630321261013972983e-02,2.353000959867835879e-03,-9.944765442167839936e-05,-1.467482486224525474e-03
2.415000000000000213e+01,1.800398150570880773e+01,-3.987291641950851950e-01,3.045065872670849050e+00,9.970905899667362737e-01,4.199219319724017789e-03,-2.579652401381576834e-03,-7.606620373318764838e-02,1.458870975869314135e+00,-8.107077223471059746e-02,1.223595120462906138e-01,-1.834291066184287611e-01,4.348358019092280619e-02,2.627892493684110681e-02,2.359155677810082733e-03,-9.819891898931013040e-05,-1.452632166639430044e-03
2.420000000000000284e+01,1.803532851573358187e+01,-3.948168227024394517e-01,3.051260105921488108e+00,9.970757735808825073e-01,4.321608329160347636e-03,-2.671128828670258758e-03,-7.625018367397377872e-02,1.448165819100882157e+00,-8.279760964650985378e-02,1.229258926609655966e-01,-1.839113697669114700e-01,4.242141254192847294e-02,2.626178561139862547e-02,2.364648400548702723e-03,-9.490279862330276369e-05,-1.437157935995494323e-03
2.425000000000000000e+01,1.808385666761938637e+01,-3.894886018438889486e-01,3.058136373324557677e+00,9.970687969917022553e-01,4.327262001985949721e-03,-2.771208689859379088e-03,-7.633746964291550363e-02,1.439998910885191608e+00,-8.695147053234943135e-02,1.247942306904915449e-01,-1.842978675528935406e-01,4.180221483015361672e-02,2.624998335961427690e-02,2.372903346443742175e-03,-9.687421894475950652e-05,-1.415754553929801087e-03
2.430000000000000071e+01,1.805357706962870168e+01,-3.792631519091556602e-01,3.058161187420334493e+00,9.970638801908919824e-01,4.350889683882646838e-03,-2.712682011363914698e-03,-7.640242099532293385e-02,1.415634988912590320e+00,-9.053891108692146972e-02,1.233524294125717541e-01,-1.842204573360159414e-01,4.196632786032100659e-02,2.628987633500657131e-02,2.375037524342355540e-03,-9.125502734262162211e-05,-1.394450922768078948e-03
2.435000000000000142e+01,1.801712265813403491e+01,-3.723302733376679385e-01,3.058897641487241525e+00,9.970689698641099774e-01,4.413941580999430209e-03,-2.735820248583614982e-03,-7.633152521343650188e-02,1.393355266345483789e+00,-9.660092346062047752e-02,1.211013167919470501e-01,-1.844127175496966808e-01,4.166729396872278363e-02,2.631652016396589591e-02,2.377847668520404606e-03,-8.429158015595617697e-05,-1.377975034219838585e-03
2.440000000000000213e+01,1.793598508077409903e+01,-3.608075860603523477e-01,3.057066451393719575e+00,9.970763404340315939e-01,4.321196614301592472e-03,-2.863242719136756004e-03,-7.623582128914772882e-02,1.361171333223265556e+00,-9.973720636345984047e-02,1.203967505905061824e-01,-1.846462740812036540e-01,4.123758085402975948e-02,2.635810276142326602e-02,2.381493080335235577e-03,-7.097639792938767586e-05,-1.356509995414072233e-03
2.445000000000000284e+01,1.788068924874023580e+01,-3.609858238386191576e-01,3.054594205741796298e+00,9.970688467834136759e-01,4.396703183877006572e-03,-3.076171474370031043e-03,-7.632116969862838551e-02,1.334178492351009382e+00,-1.048292295089250509e-01,1.188389303642715111e-01,-1.845771992336571188e-01,4.167028300836178589e-02,2.641806657696639526e-02,2.391412017768978007e-03,-6.077077575866124355e-05,-1.337414538283106117e-03
2.450000000000000000e+01,1.785761066099251693e+01,-3.667773838234270056e-01,3.054457374790557900e+00,9.970658306111161995e-01,4.156853675398634006e-03,-2.976508828285474601e-03,-7.637794439811371183e-02,1.315562559672125875e+00,-1.113804724096061211e-01,1.195510584456092179e-01,-1.847103501587616659e-01,4.239371184034591844e-02,2.647570343831941175e-02,2.403700623158614054e-03,-5.815372564471765087e-05,-1.324343845022304261e-03
2.455000000000000071e+01,1.781116927415477846e+01,-3.657038126641898312e-01,3.053388311963212143e+00,9.970683598770325728e-01,4.068848339023219997e-03,-3.031049778061050987e-03,-7.634751431815714473e-02,1.290112008595257764e+00,-1.173598379920377660e-01,1.186317912686341292e-01,-1.848782763816681773e-01,4.285078866312743567e-02,2.653360473457847674e-02,2.410154568378534631e-03,-5.238119327872725020e-05,-1.302410957095437131e-03
2.460000000000000142e+01,1.778301492603000611e+01,-3.704021080616696215e-01,3.053543041738205233e+00,9.970438977098569078e-01,3.968553156894562978e-03,-3.130219180844518671e-03,-7.666758345778988681e-02,1.267914613208866559e+00,-1.239829507114347251e-01,1.169239692372551764e-01,-1.851199261387317663e-01,4.311974103367040984e-02,2.658031667560288580e-02,2.421691187986848865e-03,-4.621426737992517531e-05,-1.283662160547843984e-03
2.465000000000000213e+01,1.778317776248409388e+01,-3.811420747197367676e-01,3.055985371978456655e+00,9.970349323012006604e-01,4.076956538369135366e-03,-3.151224161258482041e-03,-7.677754868976952030e-02,1.253253178252294209e+00,-1.288255279119364383e-01,1.170633333805530668e-01,-1.855614116803461500e-01,4.314981498312274455e-02,2.660945798693132441e-02,2.434088508476239462e-03,-4.282510404664014326e-05,-1.267406506858524120e-03
2.470000000000000284e+01,1.775235955164993129e+01,-3.810462452922988019e-01,3.054705566118422588e+00,9.970331169441704056e-01,3.907124631425908622e-03,-3.178710040136631387e-03,-7.680881392254150508e-02,1.231282347672510102e+00,-1.305047617872605592e-01,1.174858501406853134e-01,-1.853889296940456066e-01,4.377126538691046564e-02,2.666512307724725611e-02,2.443858326797435608e-03,-3.393229139316268449e-05,-1.251442323237780038e-03
2.475000000000000000e+01,1.771787318821321122e+01,-3.772407140003793402e-01,3.052432589710462718e+00,9.970416130974254498e-01,3.770898379211798639e-03,-3.219652706043377340e-03,-7.670355867852497733e-02,1.206957169115172590e+00,-1.358537216998556285e-01,1.172896009466777578e-01,-1.849402309159702829e-01,4.489469683508331282e-02,2.673272006278070920e-02,2.454716290208673948e-03,-2.708167787335877768e-05,-1.239177921251877678e-03
2.480000000000000071e+01,1.767039922443412081e+01,-3.551462337935856195e-01,3.058386417236660826e+00,9.970661664766752308e-01,3.837194129607640961e-03,-3.266821041517478739e-03,-7.637842292821683809e-02,1.181821906205545281e+00,-1.394903790487919959e-01,1.174332892253118626e-01,-1.862770135035954622e-01,4.351830506147057187e-02,2.671985184636001612e-02,2.465313436713468566e-03,-2.716727564151977749e-05,-1.220538302158989414e-03
2.485000000000000142e+01,1.759866890314249588e+01,-3.290972126068330561e-01,3.062263365926875647e+00,9.970955727704058358e-01,3.724801854410054666e-03,-3.206153979539678317e-03,-7.600174464748267467e-02,1.153528077696118093e+00,-1.424479985825213846e-01,1.164193840056872431e-01,-1.873453898237144033e-01,4.238515913169663835e-02,2.671783036406903677e-02,2.472799921189305743e-03,-2.441092695363094401e-05,-1.207393135354663206e-03
2.490000000000000213e+01,1.748881282946077320e+01,-3.043905658771935419e-01,3.060515930255467421e+00,9.971378055905483206e-01,3.714540660054132994e-03,-3.123641849620055651e-03,-7.544959715827552482e-02,1.116991701292962880e+00,-1.440181080186989371e-01,1.173414634503340132e-01,-1.876297935005078465e-01,4.218425607191441523e-02,2.675758711220091110e-02,2.479700181540813678e-03,-1.641760934775707579e-05,-1.190858480140162372e-03
2.495000000000000284e+01,1.737036532246483489e+01,-2.854062451281586532e-01,3.058945303454832843e+00,9.971646746359603686e-01,3.583756387843430556e-03,-3.230264555544140256e-03,-7.509549746298381512e-02,1.080368662862765339e+00,-1.476455276854039267e-01,1.164033631396118734e-01,-1.882387891191099061e-01,4.188506238831971734e-02,2.680147310630543248e-02,2.485638064551608933e-03,-9.912026551513503130e-06,-1.174099929476293304e-03
