timestamp,p_x,p_y,p_z,q_w,q_x,q_y,q_z,v_x,v_y,v_z,ba_x,ba_y,ba_z,bg_x,bg_y,bg_z
0.000000000000000000e+00,3.500000000000000000e+00,0.000000000000000000e+00,2.000000000000000000e+00,7.062230818371107999e-01,-3.534060950936696033e-02,3.534060950936696033e-02,7.062230818371106889e-01,-0.000000000000000000e+00,1.400000000000000133e+00,2.999999999999999889e-01,0.000000000000000000e+00,0.000000000000000000e+00,0.000000000000000000e+00,0.000000000000000000e+00,0.000000000000000000e+00,0.000000000000000000e+00
5.000000000000000278e-02,3.499329397321368607e+00,7.001591060204406802e-02,2.015020123334624991e+00,6.993214600399778602e-01,-3.308650997723834586e-02,3.744440781722378070e-02,7.130586895258321789e-01,-2.727840071083832696e-02,1.400708256550878827e+00,3.009019998530965134e-01,0.000000000000000000e+00,0.000000000000000000e+00,0.000000000000000000e+00,0.000000000000000000e+00,0.000000000000000000e+00,0.000000000000000000e+00
1.000000000000000056e-01,3.497275655795885285e+00,1.400317062280125591e-01,2.030076274357385024e+00,6.923818530655087011e-01,-3.096176682371479943e-02,3.945514712468964347e-02,7.197861001062019204e-01,-5.494046493692621852e-02,1.399556937941377033e+00,3.008555352073256084e-01,0.000000000000000000e+00,0.000000000000000000e+00,0.000000000000000000e+00,0.000000000000000000e+00,0.000000000000000000e+00,0.000000000000000000e+00
1.500000000000000222e-01,3.483008863026582080e+00,2.093983448709361428e-01,2.047238640997367742e+00,6.895514598000296314e-01,-2.897787928680279484e-02,4.204435514248068551e-02,7.224343146614373712e-01,-1.533738958470064195e-01,1.397869742679812788e+00,3.162532075933766618e-01,2.999304748735171465e-04,-5.387591008174436773e-04,-5.280783503496470476e-04,2.489418993091702375e-03,8.521922590488372742e-04,-4.355023033392441990e-03
2.000000000000000111e-01,3.484721949820414721e+00,2.812733407369315541e-01,2.073775597160428585e+00,6.793476591319567159e-01,-3.049759833676841600e-02,4.818328076835917684e-02,7.315975847294861056e-01,-1.251966422844948967e-01,1.418535368727713353e+00,3.709328502644778647e-01,4.832027296942909521e-05,2.640153839401640978e-04,-3.223369711055871535e-03,1.154700054811511577e-02,3.330597951917095307e-03,3.180115329555538092e-04
2.500000000000000000e-01,3.484126355858588209e+00,3.523498341962827962e-01,2.093887118850227047e+00,6.712311407774020910e-01,-2.536603168149934723e-02,5.391286784337510907e-02,7.388495941450488047e-01,-1.122731969170226718e-01,1.426842720565179912e+00,3.778401078963125048e-01,2.014804303489033522e-04,2.885274797208021557e-03,-4.670656480060207325e-03,1.680868991507903504e-02,1.586872699065124603e-03,2.103238575807142314e-03
3.000000000000000444e-01,3.482864422531948723e+00,4.215827897707516980e-01,2.112487062353756606e+00,6.633476474657616917e-01,-1.877234989040783147e-02,5.419610578823583907e-02,7.461100988450847238e-01,-1.061363093597708362e-01,1.414081658990299584e+00,3.759306910426254977e-01,1.034589887131756114e-03,3.500156841399205011e-03,-5.559491570580715226e-03,1.511266944337479046e-02,8.839266902041795562e-03,-2.044015787824794272e-03
3.500000000000000333e-01,3.471220347466799971e+00,4.948441237423133465e-01,2.114358179488412315e+00,6.566645520712341977e-01,-1.768736637997764954e-02,4.984891653035070785e-02,7.523256666127879910e-01,-1.516116510819816576e-01,1.414910581588194161e+00,3.284129477105773298e-01,-3.455374868972509606e-04,2.267864284574802602e-03,5.908723052899158418e-04,2.619180781582513759e-02,8.212736015728840100e-03,-3.182878813042174914e-03
4.000000000000000222e-01,3.466784648608592256e+00,5.712180746701440714e-01,2.127430774304835737e+00,6.482843899584880276e-01,-1.819679593703244294e-02,6.113135183589602645e-02,7.587220730784710598e-01,-1.429787065110143529e-01,1.463345780075751668e+00,3.193022249717658578e-01,-3.976187033824537739e-03,3.280331308465503186e-03,6.966783556618919189e-03,2.337873901579550634e-02,3.642158508274749053e-03,-9.991955800453316758e-05
4.500000000000000111e-01,3.449487714871287469e+00,6.405063966510694540e-01,2.122163129124659875e+00,6.406534217409695087e-01,-2.276747834280340096e-02,5.629113020292934866e-02,7.654254658697831060e-01,-2.153320231613097269e-01,1.459660992699425730e+00,2.656120189441616986e-01,-7.827109444822656636e-03,1.528948375265612013e-03,3.024983844282641554e-02,3.619481749024601458e-02,1.874571117234118687e-03,-1.545673786299437899e-03
5.000000000000000000e-01,3.436316222277232324e+00,6.742855996474413915e-01,2.135790174425293397e+00,6.294436302596514432e-01,-1.982748697582431899e-02,5.120302889059067525e-02,7.751037588079444651e-01,-2.539678593222288172e-01,1.360004494565618449e+00,2.589983367149841231e-01,-7.874304197607687530e-03,1.470841109176030054e-03,4.204380736717942824e-02,3.836713764345257849e-02,-1.070167663232558406e-03,-5.830433132899017629e-03
5.500000000000000444e-01,3.435291766530241375e+00,7.253230987227748949e-01,2.148184140324129743e+00,6.341090589385360854e-01,-1.497267500210852989e-02,4.820585458772640164e-02,7.715942690033618101e-01,-2.573648087160451126e-01,1.307158452955888839e+00,2.404512829094567761e-01,-5.593306928144554414e-03,7.627490304246673002e-04,9.823223288807689246e-02,4.265515022425342417e-02,-5.832574223978968277e-03,-3.302927038054993825e-04
6.000000000000000888e-01,3.429845996353196202e+00,7.749773882747201803e-01,2.158608141319980245e+00,6.299580805354932922e-01,-1.214422240333553650e-02,4.731777033711632302e-02,7.750911967249913825e-01,-2.702967782210298764e-01,1.270218848396021505e+00,2.327407190702612816e-01,-5.774398446068173749e-03,5.745363085162153447e-04,9.817599737591216347e-02,4.340375600298466974e-02,-6.624894045784473530e-03,-5.723488484785629925e-04
6.500000000000000222e-01,3.406692260232285108e+00,8.466756672030869568e-01,2.169181702376769660e+00,6.188857304483585953e-01,-1.190764310811318581e-02,4.763979833681458720e-02,7.839445836903519149e-01,-3.178628338026809330e-01,1.281544141290597238e+00,2.160658650106014878e-01,-6.071209038268418103e-03,1.702596437505281800e-03,1.231062433922792965e-01,4.356069061011905164e-02,-7.608923737601129555e-03,-1.387040921747215638e-03
7.000000000000000666e-01,3.395577574222737649e+00,9.065200606167550523e-01,2.179264841732219349e+00,6.124948282369883090e-01,-9.384164580109165960e-03,4.851377031790340272e-02,7.889286640296556685e-01,-3.314213520857262063e-01,1.270914462786937316e+00,2.034149050726512253e-01,-5.925212098222646176e-03,3.126978985029429427e-03,1.360929046246124596e-01,4.364011499209089623e-02,-8.469622374734715048e-03,-1.541370542303759431e-03
7.500000000000000000e-01,3.381587382202174474e+00,9.595053219027660507e-01,2.187249565736406165e+00,6.054474615033171858e-01,-6.951869734449764304e-03,4.809005114275707871e-02,7.944006481917492701e-01,-3.562148466997260843e-01,1.246818246316418355e+00,1.851042280280817687e-01,-6.911325281156124704e-03,2.618842685488724509e-03,1.444300510329383502e-01,4.386242444421060288e-02,-8.738492700947213948e-03,-1.868119994141369169e-03
8.000000000000000444e-01,3.367732126930248704e+00,1.005813355614644022e+00,2.195320107873226956e+00,5.983222070592366659e-01,-4.287678864289929184e-03,4.721373351970381549e-02,7.998518711091767708e-01,-3.785545163433385873e-01,1.211185802154560731e+00,1.725652078808095069e-01,-7.192267809044585250e-03,4.664429586039150685e-05,1.456300295144828394e-01,4.407521749975582687e-02,-9.165178765941008054e-03,-2.370962241349168845e-03
8.500000000000000888e-01,3.351448664675161115e+00,1.051214922605437696e+00,2.203710083206284587e+00,5.902633600142327408e-01,-1.599801189194145681e-03,4.644646958776151718e-02,8.058717837991949962e-01,-3.987988560984695452e-01,1.176202015678595281e+00,1.631417627991305630e-01,-7.206399046810365097e-03,-2.345522956921133970e-03,1.431739333075051079e-01,4.450199282798835559e-02,-9.558797783430236436e-03,-2.849816155114516091e-03
9.000000000000000222e-01,3.335510291468983812e+00,1.096764201283044970e+00,2.210093378123039187e+00,5.826513383071979524e-01,8.237485694704305703e-04,4.612709610421949352e-02,8.114117514629164418e-01,-4.171094440500609513e-01,1.148764736974022371e+00,1.483938656019507807e-01,-8.351078288345907541e-03,-1.939291376268047857e-03,1.471441118558797778e-01,4.441661393986822554e-02,-1.000144778012689549e-02,-3.150441930801365590e-03
9.500000000000000666e-01,3.319867100040404306e+00,1.134552934537250923e+00,2.215479056625246024e+00,5.747759688049282056e-01,3.735813293615000523e-03,4.564882604361610724e-02,8.170280375019154384e-01,-4.317894470480180269e-01,1.112498711662277540e+00,1.357805156486475151e-01,-7.587227663929784621e-03,-3.442048978430796956e-03,1.489948737615597318e-01,4.392119560558054026e-02,-1.054821812405690520e-02,-3.275145140478120595e-03
1.000000000000000000e+00,3.308277495113272071e+00,1.177086825031640194e+00,2.224712651015294806e+00,5.678987529110447463e-01,6.262243561352009817e-03,4.541208041548992769e-02,8.218208647266115330e-01,-4.426915856193999743e-01,1.085960417995970984e+00,1.330868370576428761e-01,-6.582600696582690918e-03,-6.621751142286030553e-03,1.416476271324297598e-01,4.328414368657916567e-02,-1.168302855398324798e-02,-3.798695286710285224e-03
1.050000000000000044e+00,3.293429565811603066e+00,1.212226298558027437e+00,2.232059577118221672e+00,5.600815999893813402e-01,8.824777739477878899e-03,4.500168069719615721e-02,8.271671979627884808e-01,-4.557050853199847706e-01,1.053258713259473511e+00,1.302941540112077523e-01,-6.491717437618965518e-03,-8.886166126184803088e-03,1.320822853764220817e-01,4.258882655432203596e-02,-1.227238883505906743e-02,-3.851602799892563187e-03
1.100000000000000089e+00,3.275049917394302845e+00,1.258296356353245216e+00,2.240215444611107110e+00,5.525115583912628692e-01,1.108330424010216426e-02,4.414421341985239056e-02,8.322616335220085482e-01,-4.721454677756545260e-01,1.034345648366933546e+00,1.246277508698071107e-01,-1.012445027981632301e-02,-7.486942588897068165e-03,1.269438530783736085e-01,4.199468584757701239e-02,-1.292504203199161192e-02,-3.943832259921729519e-03
1.150000000000000133e+00,3.250739847841193519e+00,1.313404074312203074e+00,2.250610728545066497e+00,5.444936639510299381e-01,1.303230042085111798e-02,4.304075846376144432e-02,8.375585365655272563e-01,-4.998424033639779496e-01,1.024602211079120195e+00,1.193094319331954450e-01,-1.807222135392672069e-02,-5.370057183413264740e-03,1.237637310209290797e-01,4.119399569165787395e-02,-1.363327159233559786e-02,-3.943239612255625831e-03
1.200000000000000178e+00,3.224608913609418703e+00,1.367408741357093893e+00,2.262483604434184503e+00,5.369349030062393613e-01,1.522376341998649650e-02,4.147251449033944465e-02,8.424661284009352658e-01,-5.328059151354497258e-01,1.012425502035531055e+00,1.154384852536282646e-01,-3.355088102217135965e-02,-4.379011537450014542e-03,1.206333522134000608e-01,4.041031159024440628e-02,-1.439474147777793610e-02,-3.880039807068747827e-03
1.250000000000000000e+00,3.200584611329967188e+00,1.422271124903347284e+00,2.273061121636066328e+00,5.302561864600854324e-01,1.703452399526656988e-02,3.949282155180082465e-02,8.467458407095599382e-01,-5.628281119164735280e-01,1.005382220507262003e+00,1.091924804158195816e-01,-5.052986218494051607e-02,1.298493762434086742e-03,1.180260924947671292e-01,3.986334978653127692e-02,-1.500375405795185968e-02,-3.810783928634050612e-03
1.300000000000000044e+00,3.177563113884850576e+00,1.478455112958880102e+00,2.281482680893099246e+00,5.236419045754731050e-01,1.889365493202453672e-02,3.785306251941477490e-02,8.508873787016598689e-01,-5.893999080012899405e-01,9.992283026946637836e-01,1.005566705849731124e-01,-6.090454445822127139e-02,6.751873808557258723e-03,1.182447776993280492e-01,3.905880245301467796e-02,-1.560145320128242426e-02,-3.998366490140608381e-03
1.350000000000000089e+00,3.154509024639160053e+00,1.532687518427767515e+00,2.290136767015748642e+00,5.166631795059406507e-01,2.096704062621655013e-02,3.636065158781099510e-02,8.551593098167735718e-01,-6.115562489351686892e-01,9.900547547205845733e-01,9.074259876560765437e-02,-6.938415516595368426e-02,9.246159511651540902e-03,1.165743892842436430e-01,3.825064835431437466e-02,-1.628044548960082272e-02,-4.239250552195997224e-03
1.400000000000000133e+00,3.118991749893934795e+00,1.597804108803736245e+00,2.291772786170995779e+00,5.040072729277482733e-01,2.065983452824689259e-02,3.819640614238543203e-02,8.626070221317501119e-01,-6.241178325825467166e-01,9.979496200693543928e-01,7.633928924113249359e-02,-2.518864906465446279e-02,2.482800809023469682e-02,1.182470379106053127e-01,3.635013889529686154e-02,-1.769818877600973228e-02,-5.490661294812600526e-03
1.450000000000000178e+00,3.092744585607216212e+00,1.663982967079967068e+00,2.302446151142574227e+00,4.964960066975199204e-01,2.101935368469142612e-02,3.841167054848632079e-02,8.669339338552670693e-01,-6.454749265734414099e-01,1.002578258792907295e+00,7.289996659615921581e-02,-3.371141833822664802e-03,2.916870923439480665e-02,1.144564598573337699e-01,3.541618010444749776e-02,-1.964731366487539391e-02,-6.052006589315816164e-03
1.500000000000000000e+00,3.065998592300517966e+00,1.722167387069780009e+00,2.310842224770760733e+00,4.882968118369539479e-01,2.195270630293882572e-02,3.895996490977014087e-02,8.715310799794077079e-01,-6.627594225243871318e-01,9.989530316390653475e-01,6.843292811223922190e-02,1.915116744416130168e-02,2.447619228306108230e-02,1.131026101311055770e-01,3.426543573940440957e-02,-2.134094598295479400e-02,-6.609575758408509083e-03
1.550000000000000044e+00,3.040899926224271965e+00,1.760910415392198614e+00,2.316237330668436734e+00,4.791644765684086593e-01,2.309821377249387034e-02,3.928576127230432730e-02,8.765412174431380654e-01,-6.729129657349770532e-01,9.790253892589261264e-01,6.253637222267703633e-02,3.989624512329878470e-02,1.817808248652716743e-02,1.102814341558364664e-01,3.316219889270986820e-02,-2.278306193056759549e-02,-7.118991029528366592e-03
1.600000000000000089e+00,3.027445295895391020e+00,1.783884564760568781e+00,2.324615258586774313e+00,4.713282587174470462e-01,2.438606232582914840e-02,3.970790126606161402e-02,8.807259931872482017e-01,-6.785472593594461532e-01,9.561256898387486824e-01,6.133857027612858726e-02,5.156379358062481572e-02,1.031578395879061485e-02,1.041755837831329495e-01,3.217108645630924191e-02,-2.497284083563313870e-02,-7.634939810458606785e-03
1.650000000000000133e+00,3.013349778729942585e+00,1.821388605321940801e+00,2.333756712993262372e+00,4.646345425531422380e-01,2.516961245997316812e-02,3.968090118980446834e-02,8.842548606345412843e-01,-6.875430518140049907e-01,9.464981594167765078e-01,6.026987154273079350e-02,6.318088132883317720e-02,1.217436253122939314e-02,9.844233784468305049e-02,3.105552748184325224e-02,-2.706465724696136693e-02,-8.110305085839351197e-03
1.700000000000000178e+00,2.997368329847483803e+00,1.844089831532783608e+00,2.335714290349825806e+00,4.568006279176286544e-01,2.538602776746240117e-02,3.984213962608294107e-02,8.883137620448449123e-01,-6.921677016722362907e-01,9.312265320084078812e-01,5.384227684376517720e-02,8.618128930269992882e-02,2.159551438787302158e-02,9.318027842882758982e-02,2.991975264840518803e-02,-2.866993574888493379e-02,-8.316179377619144220e-03
1.750000000000000000e+00,2.981942059950144053e+00,1.863433392141145895e+00,2.338904044083427003e+00,4.488693034867602960e-01,2.601142141240015901e-02,3.956436930458777368e-02,8.923420952891034652e-01,-6.991741321126754283e-01,9.133679663797011905e-01,4.704050263762733081e-02,9.890282431740352043e-02,2.849931350041732050e-02,8.899054233099792932e-02,2.888338282165089574e-02,-3.025710890127377567e-02,-8.619800398963043536e-03
1.800000000000000044e+00,2.956757022221158326e+00,1.899335783656298737e+00,2.344143946932392364e+00,4.404130791181083970e-01,2.685762528587139902e-02,3.856489251785272937e-02,8.965644074860418256e-01,-7.140752341180407470e-01,9.028638815131184714e-01,3.890437836192219695e-02,1.055214873360803551e-01,3.144056485558242853e-02,8.654333614624101778e-02,2.779568657437673368e-02,-3.148224000605635148e-02,-8.754196751304574656e-03
1.850000000000000089e+00,2.929276138510666261e+00,1.934578173079749552e+00,2.353021373240778313e+00,4.319828123530595199e-01,2.841205766977541319e-02,3.755659709590556533e-02,9.006514902142150891e-01,-7.309683903960110252e-01,8.916300645558142834e-01,3.462445277501660645e-02,9.631404457859542301e-02,2.999510662078397338e-02,8.402467023691720382e-02,2.622905979268503815e-02,-3.269258190922400692e-02,-8.707678100412809957e-03
1.900000000000000133e+00,2.900071338974274049e+00,1.982341334349692952e+00,2.361400250927837341e+00,4.242480864619848080e-01,2.954721968343751448e-02,3.643698235602634006e-02,9.043300665460092258e-01,-7.475404575692863318e-01,8.862434389361834031e-01,2.994525627498595410e-02,9.202087357867058670e-02,2.654309693676882784e-02,8.171260717828997266e-02,2.472527473339800400e-02,-3.367766785639610128e-02,-8.618299986055576872e-03
1.950000000000000178e+00,2.869542517698184358e+00,2.041006840148081203e+00,2.376866800517551059e+00,4.174487299386539507e-01,3.246956009456542641e-02,3.431852116276960796e-02,9.074715007343594486e-01,-7.707054516543062617e-01,8.790051114518518949e-01,2.695310495841485993e-02,6.342634151679850396e-02,9.002498997206422743e-03,8.161680003008521533e-02,2.309802960194133267e-02,-3.436818577424120141e-02,-8.447988078145042545e-03
2.000000000000000000e+00,2.841701758294898905e+00,2.081250507372216507e+00,2.390450237561122737e+00,4.100056923544723175e-01,3.542047890639128671e-02,3.240114309048922753e-02,9.108188007707139766e-01,-7.875908391821450083e-01,8.631828742653906428e-01,2.761341400584425843e-02,3.134354491525353364e-02,-8.505787529939027453e-03,7.867251853008516704e-02,2.154885288433585483e-02,-3.487149853574701697e-02,-8.154375195715336463e-03
2.050000000000000266e+00,2.813540632729261137e+00,2.117388308306416445e+00,2.403131279021609057e+00,4.024702528777068800e-01,3.815850123900680485e-02,3.083170395228188726e-02,9.141176239210937471e-01,-8.050596502203157812e-01,8.469952136298153356e-01,2.850973459232983287e-02,4.515451113214587198e-03,-2.625951050583110249e-02,7.439991398159857827e-02,1.999114659848505449e-02,-3.541850253352114147e-02,-7.683680691082181088e-03
2.100000000000000089e+00,2.783678430699288775e+00,2.158567818394684590e+00,2.414201875351546178e+00,3.951900866383895594e-01,4.034517951117708862e-02,2.913351492083877600e-02,9.172504021374481287e-01,-8.196895565242577897e-01,8.302026033084111134e-01,2.780183042733372356e-02,-1.375415841879569848e-02,-4.315425860640322020e-02,7.149707746539005204e-02,1.855357613370266223e-02,-3.590778603862626595e-02,-7.267370001349078394e-03
2.149999999999999911e+00,2.749374815148274198e+00,2.196788671597188713e+00,2.422644737340872823e+00,3.868479071954494253e-01,4.229261830876102773e-02,2.756506764554359293e-02,9.207606628113447211e-01,-8.376433504396382235e-01,8.108518719884905135e-01,2.818926369518316710e-02,-2.550723329030703257e-02,-5.898147663828935683e-02,6.897868007036966898e-02,1.732024787653558759e-02,-3.627637937584918953e-02,-6.929835890680879386e-03
2.200000000000000178e+00,2.717281407165913265e+00,2.237339653994562028e+00,2.430109957978811686e+00,3.793312726731313256e-01,4.387417495576624582e-02,2.587445990730167719e-02,9.238578649709265900e-01,-8.550848622965705470e-01,7.986290519348574479e-01,2.315838506935100072e-02,-3.522913599794337547e-02,-6.624305108657287111e-02,6.654085789012831320e-02,1.609752085385473749e-02,-3.666261376360365615e-02,-6.668275244585420911e-03
2.250000000000000000e+00,2.683965115431335313e+00,2.279100032185608082e+00,2.435895987668014406e+00,3.717571204156263076e-01,4.487649991302013891e-02,2.440072014349700669e-02,9.269235934165862556e-01,-8.710922986293042625e-01,7.864480575712393673e-01,1.998395687307901597e-02,-3.828805511870884276e-02,-7.189449448002299681e-02,6.405810670736697410e-02,1.505020902937476146e-02,-3.714308847606313108e-02,-6.437258630508056745e-03
2.300000000000000266e+00,2.651324843750259230e+00,2.317929447545265642e+00,2.441516830108387826e+00,3.641030542028784733e-01,4.615378103487929179e-02,2.285513464748511331e-02,9.299335660339212994e-01,-8.857756450840257312e-01,7.746712913531950129e-01,1.568874367898207695e-02,-4.163785617654011673e-02,-8.125496875973668709e-02,6.201638429649415640e-02,1.390199899738378368e-02,-3.760372985745241703e-02,-6.240546525902601442e-03
2.350000000000000089e+00,2.616626486850419209e+00,2.361366351918625650e+00,2.445307878808963054e+00,3.568037210782539215e-01,4.675515720363934702e-02,2.125083905900740366e-02,9.327665633688112523e-01,-9.018718736797183277e-01,7.643698718879029519e-01,1.307160053155752115e-02,-4.125555875350830903e-02,-8.616217155259187077e-02,5.929153800347508607e-02,1.288417102003397256e-02,-3.790186375832328702e-02,-5.934157069847699473e-03
2.400000000000000355e+00,2.580899593384985646e+00,2.381800359043632298e+00,2.450808589377051483e+00,3.480990746786058465e-01,4.782910554353612259e-02,1.907735331012132968e-02,9.360424485361144020e-01,-9.172162046768098653e-01,7.460906641147699858e-01,1.081502042770962103e-02,-5.708298749674876882e-02,-8.432075322016137353e-02,5.541700627965066850e-02,1.171954574670089864e-02,-3.814340178523133867e-02,-5.407781099013825310e-03
2.450000000000000178e+00,2.550208363152122182e+00,2.410311811931061587e+00,2.455538504373109276e+00,3.407483095841938314e-01,4.865213911603730179e-02,1.701809199958813357e-02,9.387406156226765219e-01,-9.310549124702498514e-01,7.282602947445216968e-01,8.496486243597100099e-03,-6.776376034561676365e-02,-8.803239019453017178e-02,5.187504729685413207e-02,1.060686563009717413e-02,-3.829605698692019333e-02,-5.071882531114663313e-03
2.500000000000000000e+00,2.520794508523465982e+00,2.439705534195079739e+00,2.458880395856568146e+00,3.337322033156359669e-01,4.923792483440884993e-02,1.478439689387896737e-02,9.412650343216708571e-01,-9.432164924937938011e-01,7.156747719261694618e-01,6.659126242174303635e-03,-7.595248726420852914e-02,-8.729188624055801704e-02,4.824480325456498297e-02,9.563173312215856800e-03,-3.840224538563664913e-02,-4.797957728712528951e-03
2.550000000000000266e+00,2.487610877857005409e+00,2.479271931428584708e+00,2.461593706891057831e+00,3.262948509277305842e-01,5.006299457560387661e-02,1.328318437115611102e-02,9.438479347040682477e-01,-9.546243364784379182e-01,7.004091165051454793e-01,3.037718920178810334e-03,-7.558199300126407227e-02,-9.930198959437942785e-02,4.687599173910152878e-02,8.480183420770608105e-03,-3.843790601859921330e-02,-4.663944195840002797e-03
2.600000000000000089e+00,2.453939481770469833e+00,2.520030668198710799e+00,2.462410273250272841e+00,3.189062922434687808e-01,5.039148060541295826e-02,1.141240867237947043e-02,9.463768976355098062e-01,-9.643349002839973760e-01,6.837207314588115148e-01,-3.318562406159374957e-03,-7.310661767346472717e-02,-1.063930172466548141e-01,4.566909512485373135e-02,7.520155909642416668e-03,-3.832661670801287140e-02,-4.470120763029486119e-03
2.650000000000000355e+00,2.425022897813337242e+00,2.567716627684279551e+00,2.460340663792677685e+00,3.129163872779432420e-01,5.031896844224954812e-02,9.508673262820514088e-03,9.483991359763087603e-01,-9.733132299846826152e-01,6.726622262850863176e-01,-1.311956625301956454e-02,-6.273788738691141176e-02,-1.109269278523931923e-01,4.547813016072407843e-02,6.693052987003672918e-03,-3.819647085941717257e-02,-4.282572704546303358e-03
2.700000000000000178e+00,2.397440513810115359e+00,2.611334964474873122e+00,2.457839103261179492e+00,3.070617202721684924e-01,4.982139241407054081e-02,7.471739225466476030e-03,9.503552503744935320e-01,-9.833450267334449268e-01,6.591699534165791352e-01,-2.072826392314514737e-02,-5.476325851836084252e-02,-1.164539596578761937e-01,4.432265194007860287e-02,6.070640189111985163e-03,-3.804739936935783162e-02,-4.154020991002605953e-03
2.750000000000000000e+00,2.368417977002499342e+00,2.660298259828473899e+00,2.454961579973395480e+00,3.013132630389978583e-01,4.931263132349929940e-02,5.435640878814056512e-03,9.522337085595011796e-01,-9.976310618386522444e-01,6.506068523532697601e-01,-2.719504843832535462e-02,-4.732709047176239525e-02,-1.178350920181668732e-01,4.321991944246595524e-02,5.431180995576033801e-03,-3.785289367314038228e-02,-4.109113981316285351e-03
2.800000000000000266e+00,2.326898863825702435e+00,2.727814656884574251e+00,2.453502669970105021e+00,2.953052050669233708e-01,4.847262752840714867e-02,2.746216734710759787e-03,9.541685902053790302e-01,-1.019385929467546248e+00,6.497829641192915950e-01,-3.576496588526471843e-02,-4.356955723319327206e-02,-1.099030634306956411e-01,4.157843924546243686e-02,4.646366328471143378e-03,-3.744674647725110272e-02,-3.954692142895792524e-03
2.850000000000000089e+00,2.291073330996177049e+00,2.782366638640746181e+00,2.449361538024034335e+00,2.892864981487097698e-01,4.766551328267266269e-02,2.923858365884134396e-04,9.560550378209815570e-01,-1.037074476305255732e+00,6.392292344306591545e-01,-4.574088062756398454e-02,-3.871424808760936392e-02,-1.012013144870735348e-01,3.978887465529594436e-02,3.894097624710740613e-03,-3.697983683179671688e-02,-3.737001294207150173e-03
2.900000000000000355e+00,2.245935766039366399e+00,2.830268262926809886e+00,2.446360376392604508e+00,2.817770550363615234e-01,4.721853529591981541e-02,-2.569505427877912928e-03,9.583138832456720158e-01,-1.055116992510174434e+00,6.244167500797362935e-01,-5.412954150996149988e-02,-4.078072139313630023e-02,-9.075574898549869374e-02,3.752939046805014306e-02,3.055961582281221337e-03,-3.634799193717360571e-02,-3.495742521871119269e-03
2.950000000000000178e+00,2.186862573770825158e+00,2.897288021209734055e+00,2.447322555185712289e+00,2.747311692133124761e-01,4.655872689124536390e-02,-5.529625169618876054e-03,9.603772659004565782e-01,-1.085115224752285279e+00,6.157353063394127579e-01,-5.997151783901411015e-02,-4.889485959541842869e-02,-7.932286119753932663e-02,3.535147115423764586e-02,2.133771002990713164e-03,-3.568689120502172019e-02,-3.176762759534452335e-03
3.000000000000000000e+00,2.133134368115112700e+00,2.969065843457160625e+00,2.444978888858108323e+00,2.685816290938992656e-01,4.527638412524601086e-02,-8.665397051616856652e-03,9.621532458230070972e-01,-1.115055841044455320e+00,6.161637545452156584e-01,-6.836324157089311571e-02,-5.228535863628615277e-02,-5.605196830698523647e-02,3.202720613619349649e-02,1.176220327961921899e-03,-3.495034855003938123e-02,-2.889000946875422329e-03
3.050000000000000266e+00,2.080619969088178145e+00,3.030191303272111725e+00,2.439555798189564140e+00,2.618302715036428530e-01,4.361217592405271931e-02,-1.186772292545725145e-02,9.640550006032138075e-01,-1.140129751528184077e+00,6.146687629949406650e-01,-7.607293639265406970e-02,-5.217870673000368081e-02,-3.100433818421868826e-02,2.849586990833256894e-02,3.397972908755300149e-04,-3.420040802460911494e-02,-2.710127522506216354e-03
3.100000000000000089e+00,2.030818795012768518e+00,3.086750105551279599e+00,2.432137283469947953e+00,2.549170982202144109e-01,4.212941739019850779e-02,-1.467951331316639553e-02,9.659331742487348160e-01,-1.161196833759921665e+00,6.064589503116355473e-01,-8.514531767821396924e-02,-4.988893697932779425e-02,-9.132031476654867141e-03,2.513457616170884645e-02,-4.224520548395877591e-04,-3.336786340477840285e-02,-2.600499386742530401e-03
3.150000000000000355e+00,1.968757274885696296e+00,3.150622254836254577e+00,2.427989048254583615e+00,2.473307689853245783e-01,4.108237217706942751e-02,-1.757704965777086639e-02,9.679001894486646274e-01,-1.188929312835798280e+00,6.010534604418736881e-01,-8.984294188105568235e-02,-5.370971250566753535e-02,1.049602852032358730e-02,2.174880204777120823e-02,-1.338810854558670311e-03,-3.247282061771897960e-02,-2.468000866518800865e-03
3.200000000000000178e+00,1.894011948776217258e+00,3.212619512340823213e+00,2.426095345942834935e+00,2.386131216636058483e-01,3.973195961685558469e-02,-2.062626281791755598e-02,9.700823196188660402e-01,-1.222766449318902549e+00,5.929961471430645892e-01,-9.470633586660014147e-02,-6.169751590255877910e-02,2.877926736336258728e-02,1.855033161188893859e-02,-2.162201991458170651e-03,-3.168744562812995935e-02,-2.330721659512151062e-03
3.250000000000000000e+00,1.830316923046764188e+00,3.269580286547405734e+00,2.420307871189864901e+00,2.308544344747180399e-01,3.814625381228181622e-02,-2.355538787747279636e-02,9.719548534296172937e-01,-1.250391013443378885e+00,5.853660539206749780e-01,-1.001047711918324479e-01,-6.486807265356289709e-02,5.099882062438905461e-02,1.490850673043539985e-02,-2.873102679645341516e-03,-3.086379774902024004e-02,-2.247074333281484388e-03
3.300000000000000266e+00,1.772763980737820599e+00,3.325692283157481111e+00,2.412149898348590060e+00,2.235497960992076094e-01,3.635605453807599224e-02,-2.646035144092805796e-02,9.736547518314948579e-01,-1.277822730169550169e+00,5.803254278298266566e-01,-1.073409973586411936e-01,-6.344203547107027386e-02,7.040501811944938071e-02,1.184036627551283798e-02,-3.488570270904491413e-03,-3.009339436154542455e-02,-2.262136110893568294e-03
3.350000000000000089e+00,1.708518727776759949e+00,3.378141957726523703e+00,2.404321503895154866e+00,2.154132559253625623e-01,3.442250042531451448e-02,-2.908101287272652630e-02,9.754827088813002867e-01,-1.305737397773925501e+00,5.733196047343668278e-01,-1.125808368341227467e-01,-6.308126705885463981e-02,8.949675237759738278e-02,8.757540171408204760e-03,-3.973239471237820404e-03,-2.941729534209769695e-02,-2.260876206752242702e-03
3.400000000000000355e+00,1.641392463982445316e+00,3.435976273113087398e+00,2.400083605013265675e+00,2.081960753853806800e-01,3.241649336296219264e-02,-3.177793412726490074e-02,9.770331253620714307e-01,-1.335705910650522465e+00,5.635761875206251048e-01,-1.153095174689363345e-01,-6.934608560421033630e-02,1.003564778032821347e-01,5.988800945931653172e-03,-4.486580529498419498e-03,-2.869719609717547373e-02,-2.214015299496860205e-03
3.450000000000000178e+00,1.569324947213970090e+00,3.492023685787146281e+00,2.397573153153454761e+00,2.004684793980474333e-01,3.080406318035410623e-02,-3.434640202016749078e-02,9.786132142617349761e-01,-1.369616648887697519e+00,5.509272934102186214e-01,-1.177937472692028309e-01,-7.715500587953719180e-02,1.084697889100918605e-01,3.628337480649878113e-03,-4.983194305001883810e-03,-2.814034143586681760e-02,-2.114763784614067700e-03
3.500000000000000000e+00,1.498092173844989938e+00,3.546910284504045219e+00,2.393486772151618425e+00,1.928086570700731361e-01,2.872152723361032570e-02,-3.670284118368134785e-02,9.801289696163711929e-01,-1.405118138671394235e+00,5.404325803487242119e-01,-1.206893815214183097e-01,-8.225643388984313353e-02,1.206826738518653741e-01,8.279053561071792085e-04,-5.415292588968743069e-03,-2.764292635322539160e-02,-2.032030059529700821e-03
3.550000000000000266e+00,1.426913072352196554e+00,3.606196977990887564e+00,2.389086226616867314e+00,1.857730470819804192e-01,2.637909673808786978e-02,-3.882216838061260805e-02,9.814710171346815448e-01,-1.442229736531041251e+00,5.327432963015055201e-01,-1.229218090031639343e-01,-8.656805855098875790e-02,1.319479025308567255e-01,-1.892243978265570597e-03,-5.795532748106613924e-03,-2.714843521417854497e-02,-1.999174701273202532e-03
3.600000000000000089e+00,1.351601340618907354e+00,3.655998749269427250e+00,2.384227219740939319e+00,1.778609658002356375e-01,2.373727243337235907e-02,-4.123562520749173704e-02,9.829046962731323722e-01,-1.480136964106745889e+00,5.243091154258545661e-01,-1.281905199301353604e-01,-9.185663648234486389e-02,1.475957905010709392e-01,-5.022883013306268102e-03,-6.139627715030907679e-03,-2.669385048120802295e-02,-1.957468414219666348e-03
3.650000000000000355e+00,1.279938769280351218e+00,3.703347406527691899e+00,2.379059223469490281e+00,1.701235634951623610e-01,2.120004342348369084e-02,-4.348349730325982987e-02,9.842345842149763380e-01,-1.514926144279245435e+00,5.124631468763509723e-01,-1.298299982638620453e-01,-9.665349635319538113e-02,1.592645408582437638e-01,-7.559509424718541433e-03,-6.530801501318163338e-03,-2.623587699444877852e-02,-1.916183373038888747e-03
3.700000000000000178e+00,1.209204189182699452e+00,3.750359787225031383e+00,2.372781093174201050e+00,1.625531223404082237e-01,1.860808787609753712e-02,-4.551669215557917897e-02,9.854737196994113324e-01,-1.550093173762023602e+00,5.023615723973980929e-01,-1.320857644491749694e-01,-9.977715809176453121e-02,1.695419015901966642e-01,-9.881562980528581924e-03,-6.859812556058309495e-03,-2.573289546041879552e-02,-1.871143247136778515e-03
3.750000000000000000e+00,1.130393938590003922e+00,3.789634375099840025e+00,2.368152302129335141e+00,1.541442266308228337e-01,1.621681720752672987e-02,-4.750848495553199047e-02,9.867722716479588874e-01,-1.586033407748537627e+00,4.847363578379790261e-01,-1.320201097620821995e-01,-1.054722143883306817e-01,1.771141145745613321e-01,-1.222798343707492269e-02,-7.141827748132459526e-03,-2.522720261202843206e-02,-1.795325407461665496e-03
3.800000000000000266e+00,1.056550708756498480e+00,3.822247834947945844e+00,2.362571672649577792e+00,1.458874013054228536e-01,1.377346744628075992e-02,-4.945069165257642840e-02,9.879685151005261901e-01,-1.616127390451192136e+00,4.616399983192739920e-01,-1.324343776734718536e-01,-1.094450227158239447e-01,1.809224465982970098e-01,-1.404732916539770671e-02,-7.376918598858923058e-03,-2.474992840177048237e-02,-1.728392930596329849e-03
3.850000000000000089e+00,9.871979523062623940e-01,3.853981190166335224e+00,2.355814595166787928e+00,1.381758212702764721e-01,1.133343941791618327e-02,-5.112522699220877626e-02,9.890223489548859437e-01,-1.645853328327130605e+00,4.414315591575722064e-01,-1.329465898505723387e-01,-1.116476373745038386e-01,1.856924717004884984e-01,-1.591313104091040750e-02,-7.621303689687683111e-03,-2.423521992739210984e-02,-1.620451134309329466e-03
3.900000000000000355e+00,9.187165011472814280e-01,3.886587841700989809e+00,2.348204714773341362e+00,1.304239336579033903e-01,8.872614502604046077e-03,-5.238548825971112155e-02,9.900336533981450859e-01,-1.673055926937413007e+00,4.197036165790144491e-01,-1.344281390160776135e-01,-1.115165806499600759e-01,1.873401629482369379e-01,-1.711463409239482800e-02,-7.819857397228962767e-03,-2.377363719419591653e-02,-1.521040858698628241e-03
3.950000000000000178e+00,8.551247335469793764e-01,3.909919316791645283e+00,2.340939710641767757e+00,1.226829884469500809e-01,6.623702259578236919e-03,-5.383262855107102951e-02,9.909626930502400954e-01,-1.692364869755920598e+00,3.884635891703541732e-01,-1.359073374978859439e-01,-1.115227114869212915e-01,1.804588976756851537e-01,-1.749631730820639525e-02,-8.005741240690719338e-03,-2.330079745650897455e-02,-1.443952762100615336e-03
4.000000000000000000e+00,7.908267911180963949e-01,3.930785514479519183e+00,2.332218174796977017e+00,1.148018362081917321e-01,4.373305951128236141e-03,-5.493062231049705701e-02,9.918588807541458552e-01,-1.708663222376021196e+00,3.567246498249110331e-01,-1.387034934214912973e-01,-1.093643819419662100e-01,1.737317208249369027e-01,-1.754062762273077974e-02,-8.131987706661684273e-03,-2.283732583756955398e-02,-1.325559203629522341e-03
4.049999999999999822e+00,7.273350240703320146e-01,3.954273859146592240e+00,2.322321694927916624e+00,1.069332781066407168e-01,1.994800975993807172e-03,-5.589842126937618477e-02,9.926916244746025741e-01,-1.725371651692555020e+00,3.290130824537114695e-01,-1.424365753671469337e-01,-1.056300768462223177e-01,1.686225226247078934e-01,-1.764932944168660228e-02,-8.250064585600914643e-03,-2.236727917458693551e-02,-1.215226014352796752e-03
4.100000000000000533e+00,6.604295686587611236e-01,3.987574234540933293e+00,2.310951091310931460e+00,9.939113489195335049e-02,-4.639514346929381563e-04,-5.668621408479215112e-02,9.934323631665564758e-01,-1.745040012875962221e+00,3.058365790784630667e-01,-1.477498971805280281e-01,-1.000809784040121164e-01,1.656946856872143214e-01,-1.772611224121729140e-02,-8.358389900547807255e-03,-2.186271268823013897e-02,-1.160483267395362493e-03
4.150000000000000355e+00,5.933999055316675486e-01,4.020989971496653936e+00,2.300008331727564137e+00,9.204108324051780976e-02,-3.084172338782453521e-03,-5.728441638892166343e-02,9.941013140097328948e-01,-1.763179492924680902e+00,2.801420138782722558e-01,-1.514583178753141357e-01,-9.464660502134182585e-02,1.604352541432832735e-01,-1.777456313668554846e-02,-8.455470496863142296e-03,-2.137328333312463538e-02,-1.116085189583469967e-03
4.200000000000000178e+00,5.233088829516824303e-01,4.063260289139364545e+00,2.285321870313640868e+00,8.450251920599045896e-02,-5.817914522462840771e-03,-5.785241547676895496e-02,9.947253762430884327e-01,-1.779581020893001186e+00,2.567722101334392049e-01,-1.575399946671053597e-01,-8.377517371337883656e-02,1.524559875624394711e-01,-1.673219745286791058e-02,-8.449714787155962470e-03,-2.087935311038639774e-02,-1.111230557560233820e-03
4.250000000000000000e+00,4.690789720741755930e-01,4.127929752370580019e+00,2.263706574116898018e+00,7.896603061275031532e-02,-8.402422314917494528e-03,-5.783053853767312902e-02,9.951629987700260083e-01,-1.786634615466169862e+00,2.461646460452355245e-01,-1.688838392040993841e-01,-6.541216749999684277e-02,1.449409917523216962e-01,-1.530579274699560809e-02,-8.451094437716553248e-03,-2.012537298491581805e-02,-1.293692982570441826e-03
4.299999999999999822e+00,4.058072821702051192e-01,4.192346483022383552e+00,2.242131182203548789e+00,7.276935803138480374e-02,-1.098809040231858367e-02,-5.794269247598357597e-02,9.956035992249345767e-01,-1.793777005640574629e+00,2.337079303308401967e-01,-1.776667165910413848e-01,-4.866873230464804911e-02,1.377931001097514041e-01,-1.381180173989775273e-02,-8.412163333273272106e-03,-1.938809636827940400e-02,-1.463646224203776292e-03
4.350000000000000533e+00,3.339620629364852267e-01,4.260480716380151023e+00,2.220812434107235500e+00,6.611672723473750735e-02,-1.356783840826602042e-02,-5.778047269198929858e-02,9.960451340758533778e-01,-1.803164024115004427e+00,2.176588360284929247e-01,-1.889556876550113895e-01,-3.271409863630327791e-02,1.272032711857515597e-01,-1.156542303453278117e-02,-8.395902672175502984e-03,-1.866488875937527894e-02,-1.562952177025340832e-03
4.400000000000000355e+00,2.568909525493899837e-01,4.319370323340839590e+00,2.199541637356029700e+00,5.897994839833569508e-02,-1.626510638470177531e-02,-5.768883873955781699e-02,9.964581325304666670e-01,-1.816295519346371456e+00,1.993328263068434858e-01,-1.973077790830012890e-01,-1.874510843180028641e-02,1.198266255951637993e-01,-9.837246118182197546e-03,-8.299326805065079804e-03,-1.799012781632752453e-02,-1.653674411765000945e-03
4.450000000000000178e+00,1.458317182724800654e-01,4.386125706830947379e+00,2.184867678377187428e+00,5.103770949721451317e-02,-1.889280926814500619e-02,-5.756755664948067647e-02,9.968571564615685832e-01,-1.846579840561578756e+00,1.788215845360857648e-01,-2.064459321509535816e-01,-1.442972764033875407e-02,1.134047462525468314e-01,-8.224431974978047011e-03,-8.394623479492673360e-03,-1.736508451464056912e-02,-1.729350452598320525e-03
4.500000000000000000e+00,7.924586414504211640e-02,4.444580338078246484e+00,2.164363839412546398e+00,4.477705482007174331e-02,-2.151130013087998102e-02,-5.714164132137693197e-02,9.971294360088958086e-01,-1.857707863710208018e+00,1.650189445421311740e-01,-2.128832256508944032e-01,-2.494206565081981755e-03,1.063837620858961996e-01,-7.036358084626001888e-03,-8.427125024138984802e-03,-1.671005132988192046e-02,-1.874419712002998659e-03
4.549999999999999822e+00,1.893803983067524760e-02,4.505845441843737476e+00,2.144370105998935294e+00,3.882918590460297803e-02,-2.415111311087798571e-02,-5.643248497307055966e-02,9.973587081372757845e-01,-1.865406057295656783e+00,1.539480578225987384e-01,-2.193149827081867509e-01,8.657135837144818574e-03,9.903590924203622969e-02,-6.029309441484611946e-03,-8.571595811899821241e-03,-1.603780764342900220e-02,-2.081714035822689133e-03
4.600000000000000533e+00,-8.517966338168937723e-02,4.577806472651984926e+00,2.131674214769194275e+00,3.154051396693626635e-02,-2.629609598524430478e-02,-5.572378857964409293e-02,9.976014087304445610e-01,-1.896430965023940818e+00,1.417299698094693916e-01,-2.247956817192135193e-01,8.271955863803640702e-03,9.503846532035162276e-02,-5.036271567886840134e-03,-9.004169574686816599e-03,-1.536852149173051178e-02,-2.280412910734154648e-03
4.650000000000000355e+00,-1.423413946997445223e-01,4.642409499914413651e+00,2.112323801675858093e+00,2.593585193695433291e-02,-2.851244641237637642e-02,-5.451896722370219023e-02,9.977685373856738371e-01,-1.900269187516716141e+00,1.356354311796497125e-01,-2.276330022359139837e-01,1.613619902412219767e-02,8.984733933674723949e-02,-4.395552049938659597e-03,-9.296806607773946962e-03,-1.451172726589731315e-02,-2.442024949023962384e-03
4.700000000000000178e+00,-2.085122691869930600e-01,4.699586595187356330e+00,2.090708317124462479e+00,1.911198120193923627e-02,-3.055929721388176215e-02,-5.368194860872788771e-02,9.979073654011679784e-01,-1.898119330057395970e+00,1.210447877150812590e-01,-2.342984224951395189e-01,2.568326121652392963e-02,8.208353808045641686e-02,-3.139355076097979837e-03,-9.437027740363295586e-03,-1.360680124933098117e-02,-2.532628689942575170e-03
4.750000000000000000e+00,-2.872623229697983671e-01,4.728154979130059665e+00,2.071050934846049962e+00,1.046201976101778820e-02,-3.228389380565242078e-02,-5.285902616882277166e-02,9.980251598510676558e-01,-1.897030760232074398e+00,9.216991481941268216e-02,-2.416828491319534533e-01,3.215320118590361820e-02,7.374192264526895080e-02,-1.821667789536106103e-03,-9.478208656060187198e-03,-1.287509197788716704e-02,-2.547616981801342426e-03
4.800000000000000711e+00,-4.334873484330031834e-01,4.720440930093221965e+00,2.059859046911690417e+00,-2.663644618370840378e-03,-3.469802947522437203e-02,-5.289372504735641300e-02,9.979935899586220849e-01,-1.924860800902480351e+00,3.792016039150453849e-02,-2.428911268187219641e-01,2.638668144895700562e-02,7.015680907782620435e-02,-1.035260813852675659e-03,-9.412832218391760722e-03,-1.247131907022110305e-02,-2.471481985241033921e-03
4.850000000000000533e+00,-5.046919532247929885e-01,4.693157117510970977e+00,2.046556595647165633e+00,-1.354402106603877151e-02,-3.688520087141355930e-02,-5.231167958534851253e-02,9.978574695962333374e-01,-1.927601901729895095e+00,-5.129938407917492005e-03,-2.405993057285956971e-01,2.739658783405454073e-02,6.804422298671811142e-02,-2.114029310828408059e-03,-9.347447227270357095e-03,-1.197197427752136681e-02,-2.446679999960259342e-03
4.900000000000000355e+00,-5.530255276955640120e-01,4.649759730738695751e+00,2.033676530287487516e+00,-2.419929526286213745e-02,-3.896644996201328176e-02,-5.189964225975717688e-02,9.975983345111638645e-01,-1.917481598791734854e+00,-5.052809378040139243e-02,-2.367400081489483277e-01,3.045415974170270074e-02,6.403373381898400107e-02,-3.398822946607364236e-03,-9.268865590503444149e-03,-1.152514280596542671e-02,-2.402682191137071183e-03
4.950000000000000178e+00,-5.777975163668945813e-01,4.588104865057944792e+00,2.021494134448461377e+00,-3.523741984143786282e-02,-4.093004173545405910e-02,-5.104816741136347646e-02,9.972347469529898589e-01,-1.894327494528901035e+00,-9.899196383589495274e-02,-2.304399923282437757e-01,3.514852386061925738e-02,5.911353356934553882e-02,-5.133279631945042443e-03,-9.178108359148727177e-03,-1.108370826288748723e-02,-2.391348483484464441e-03
5.000000000000000000e+00,-5.908859107821502477e-01,4.526786977550317559e+00,2.009057730992712010e+00,-4.608706291875516031e-02,-4.286121040538207194e-02,-4.982705693835663002e-02,9.967728746665260875e-01,-1.863017630871989017e+00,-1.432345812919483263e-01,-2.235313114772876364e-01,4.208555443721093137e-02,5.425951613299523357e-02,-7.039987928130753830e-03,-9.067177300560644998e-03,-1.062262467312804007e-02,-2.386044578624503271e-03
5.050000000000000711e+00,-6.010003043895182362e-01,4.474463555710032736e+00,1.995974847480497472e+00,-5.604514785513712433e-02,-4.474251639443382889e-02,-4.868264014610879792e-02,9.962364424056139312e-01,-1.832233870358903172e+00,-1.813108894797623438e-01,-2.178937492442167834e-01,5.003708128186470927e-02,4.884608956558730147e-02,-8.699139930451038963e-03,-8.934652312620548764e-03,-1.014862519590174067e-02,-2.378476760883395380e-03
5.100000000000000533e+00,-6.231347555432038554e-01,4.441106082996397753e+00,1.981373791653310956e+00,-6.567015300121664678e-02,-4.665218180323887215e-02,-4.734133683074494975e-02,9.956253325246763319e-01,-1.811169077910964820e+00,-2.124009656553329795e-01,-2.133090848519855476e-01,5.836784681282782689e-02,4.403287260758061844e-02,-9.864927774571439004e-03,-8.751227117959189603e-03,-9.716959073536791947e-03,-2.436470047877712253e-03
5.150000000000000355e+00,-6.383282794156898143e-01,4.406588560509980823e+00,1.966960542758458885e+00,-7.495246391296997435e-02,-4.871621672601032793e-02,-4.572280824273630001e-02,9.949463720159380520e-01,-1.782741173035790938e+00,-2.452323641890718220e-01,-2.062594401941690581e-01,6.712319686596800172e-02,3.741500682372373571e-02,-1.078488029344685725e-02,-8.580164729520597944e-03,-9.229963200935277848e-03,-2.458947022848948817e-03
5.200000000000000178e+00,-6.558652712792725215e-01,4.372959062625488613e+00,1.952158108017926441e+00,-8.462808374403638090e-02,-5.062850815838947777e-02,-4.409226940983183157e-02,9.941482351147433727e-01,-1.754659313177125979e+00,-2.744429394609965711e-01,-2.042405710458400636e-01,7.655531235668992796e-02,3.145274535451601794e-02,-1.166059803743551074e-02,-8.374794706290683566e-03,-8.757124534850179581e-03,-2.501649325669170771e-03
5.250000000000000000e+00,-6.661227114846977049e-01,4.328811302200834987e+00,1.938842256293533906e+00,-9.467792999887703065e-02,-5.226696573132499218e-02,-4.247359805413827849e-02,9.932271881763526933e-01,-1.720494594235624231e+00,-3.070968579573191137e-01,-1.960054974875407863e-01,8.566912242654990683e-02,2.341055266210737007e-02,-1.251348137144803370e-02,-8.144039131007349552e-03,-8.308876014260965434e-03,-2.563610382514612453e-03
5.300000000000000711e+00,-6.708277615872342281e-01,4.287030349905169402e+00,1.925529630145376370e+00,-1.043295089894268474e-01,-5.382771974716502733e-02,-4.078126419728454743e-02,9.922473575834389603e-01,-1.683547509509545348e+00,-3.386864196241875513e-01,-1.890165848017470451e-01,9.556734724885576626e-02,1.469855585716378643e-02,-1.313428320248042659e-02,-7.902170957263175005e-03,-7.859018879818031530e-03,-2.550942803321461054e-03
5.350000000000000533e+00,-6.739051183584976457e-01,4.262911824766994151e+00,1.911095975300865835e+00,-1.128159752688291245e-01,-5.513541181778818662e-02,-3.883154947917469291e-02,9.913247464140457765e-01,-1.645600721225420893e+00,-3.654011050437595554e-01,-1.836081846450133281e-01,1.061153605627968011e-01,5.075653932456859405e-03,-1.326601651885453773e-02,-7.689003586083965024e-03,-7.336711731609559493e-03,-2.457342639984518885e-03
5.400000000000000355e+00,-6.784904301644608671e-01,4.247918818539104358e+00,1.896068015502119675e+00,-1.208757400309505292e-01,-5.630552519616735530e-02,-3.670414783798760239e-02,9.903895944707017396e-01,-1.602120449222912413e+00,-3.896281197723072132e-01,-1.817103840230492595e-01,1.168406476869904842e-01,-8.049671232244535665e-03,-1.266013842475159114e-02,-7.463266511283090168e-03,-6.812660807205201015e-03,-2.337433301661233191e-03
5.450000000000000178e+00,-6.719863837295025899e-01,4.237331550688377746e+00,1.880704237026668446e+00,-1.284688741728156058e-01,-5.741040314088702301e-02,-3.443169242483888615e-02,9.894514907446101404e-01,-1.552494550664959894e+00,-4.109587480360405443e-01,-1.792620199254996438e-01,1.282919276680021259e-01,-2.029901545081469125e-02,-1.218184870393710859e-02,-7.251882773456072920e-03,-6.214234931438517365e-03,-2.177311607404104794e-03
5.500000000000000000e+00,-6.690631180343735718e-01,4.238635286021349202e+00,1.863936441320456661e+00,-1.357862945311316405e-01,-5.815065689652294117e-02,-3.221077750957812569e-02,9.885054623684362829e-01,-1.500967946309169854e+00,-4.292090080279843956e-01,-1.799411518145344058e-01,1.402344495937510316e-01,-3.353272820236428281e-02,-1.122332671471780105e-02,-7.041288544539798383e-03,-5.562092776049736009e-03,-2.004261972373974545e-03
5.550000000000000711e+00,-6.620963026200712420e-01,4.250431888912361345e+00,1.846743857280869872e+00,-1.422763348151244167e-01,-5.874219860734002790e-02,-2.954614946908508399e-02,9.876405336487060760e-01,-1.448143161626495923e+00,-4.406290830932610425e-01,-1.787989059332641406e-01,1.516398298072190454e-01,-4.525338529702546686e-02,-1.022623331883241830e-02,-6.886555577401627312e-03,-4.834084721401109633e-03,-1.801574933354004992e-03
5.600000000000000533e+00,-6.554853203417232432e-01,4.270434602246547584e+00,1.828739487135019770e+00,-1.487512067650316461e-01,-5.895987441591060696e-02,-2.684052668827930158e-02,9.867504232691783894e-01,-1.391793055040357885e+00,-4.479583027241955673e-01,-1.767853247390172855e-01,1.631550272319329531e-01,-5.898610383334144946e-02,-8.937119893536613069e-03,-6.674432463045072011e-03,-4.066488838981262982e-03,-1.629327832961754334e-03
5.650000000000000355e+00,-6.415815084015786818e-01,4.294958076436504513e+00,1.810301037483989850e+00,-1.549183792095896461e-01,-5.912437808306456044e-02,-2.383425753026878133e-02,9.858684150876046992e-01,-1.332515009326910471e+00,-4.516495447724812595e-01,-1.754738327945576382e-01,1.754091677592159448e-01,-7.105111913762138243e-02,-7.872644941376998745e-03,-6.455837044160635078e-03,-3.269015963278268898e-03,-1.468988359775517602e-03
5.700000000000000178e+00,-6.389604195522763375e-01,4.315631063239536935e+00,1.792721219565947655e+00,-1.617064603325682193e-01,-5.937458867710353888e-02,-2.105925621072127565e-02,9.848259676887015646e-01,-1.282840733802838473e+00,-4.548412506663589983e-01,-1.709480417570730104e-01,1.857274723957741125e-01,-8.016964376360562194e-02,-7.029297981983042079e-03,-6.249408815561707277e-03,-2.551743510382422937e-03,-1.320677957035740506e-03
5.750000000000000000e+00,-6.594752325017851913e-01,4.305036840691548683e+00,1.779668735013888670e+00,-1.699137907644479029e-01,-6.030984329224975404e-02,-1.849509795214733174e-02,9.834378261292680001e-01,-1.255959899254583734e+00,-4.683964252193683619e-01,-1.640876632411570613e-01,1.920300034556376712e-01,-8.363372858459929005e-02,-7.166476801039984960e-03,-6.043102108016007445e-03,-2.114977755403054868e-03,-1.203664262841567210e-03
5.800000000000000711e+00,-7.019893528668236238e-01,4.290777857378159865e+00,1.765318157480872507e+00,-1.789341322091820286e-01,-6.181570160252443380e-02,-1.605998279094755093e-02,9.817858586874681492e-01,-1.247312114481960554e+00,-4.813374789538081289e-01,-1.603918632234139219e-01,1.996451142864901218e-01,-8.659351111253782429e-02,-7.289515227086338332e-03,-5.663236043048027260e-03,-2.031033046163953533e-03,-1.269477706870901414e-03
5.850000000000000533e+00,-7.476044961952145185e-01,4.282446429159616486e+00,1.750714015308969973e+00,-1.878975477369967118e-01,-6.349836560177339606e-02,-1.357511877326534992e-02,9.800398896323651021e-01,-1.241055497131619667e+00,-4.922840719692755940e-01,-1.540869503293358089e-01,2.065547258546721610e-01,-9.005945372658127890e-02,-7.200068489601528163e-03,-5.294826125306583559e-03,-1.927124676522108844e-03,-1.351301760905601829e-03
5.900000000000000355e+00,-8.010270755867127113e-01,4.274546556558885158e+00,1.737333817812927617e+00,-1.965867347534075438e-01,-6.479166061685906475e-02,-1.098551941213690882e-02,9.782816643465973572e-01,-1.237284930295752039e+00,-5.038754490708680089e-01,-1.479288115296665540e-01,2.111098665812725372e-01,-9.501596933053896299e-02,-6.760301249280586434e-03,-4.959058780422186639e-03,-1.865723431836551881e-03,-1.423340188554175030e-03
5.950000000000000178e+00,-9.182313760535577574e-01,4.310974185522361779e+00,1.707275509509082134e+00,-2.050135302018520067e-01,-6.633996132397855516e-02,-8.573765341389493616e-03,9.764706613685728565e-01,-1.251801429054473447e+00,-5.115010312762998668e-01,-1.550620621400023436e-01,2.194834991862297802e-01,-1.020108892342167922e-01,-3.929155098162530335e-03,-4.237851083298099265e-03,-1.715656425324916644e-03,-1.637662423035258531e-03
6.000000000000000000e+00,-9.738540599659614161e-01,4.348254559476147918e+00,1.680121129804436508e+00,-2.124491134294896888e-01,-6.709565684239196526e-02,-5.793428394727787555e-03,9.748486976056063291e-01,-1.245656551339955120e+00,-5.064993880128884074e-01,-1.578933548911194140e-01,2.307177403070014010e-01,-1.087734386512834162e-01,-1.994679587332701641e-03,-3.556270120884317577e-03,-1.511431919891922764e-03,-1.878502165051452316e-03
6.050000000000000711e+00,-1.002999963913439263e+00,4.369602943864457245e+00,1.659185315815876471e+00,-2.198400459873119661e-01,-6.800598439537931805e-02,-2.914899049438593286e-03,9.731582829274195712e-01,-1.227023022552901743e+00,-5.018373324465745799e-01,-1.574886632505285711e-01,2.401252420562965673e-01,-1.166306624540847797e-01,-7.239115105890283480e-04,-2.973564796148376981e-03,-1.348642342458360437e-03,-2.114278347054124405e-03
6.100000000000000533e+00,-1.018275703243325836e+00,4.387976187531902994e+00,1.641390459769428656e+00,-2.269051789668700692e-01,-6.844477612854066306e-02,-8.592392351967476614e-05,9.715087982081304085e-01,-1.203847189046772792e+00,-4.966855393131601737e-01,-1.526973608880139721e-01,2.480544050373984788e-01,-1.242168469985369395e-01,1.263902036474590183e-04,-2.453508054031470348e-03,-1.137674917779404101e-03,-2.285310766350397236e-03
6.150000000000000355e+00,-1.047346366435491616e+00,4.404163957251393313e+00,1.625033656429391238e+00,-2.343026855244025319e-01,-6.854199311749764600e-02,2.714846889011625960e-03,9.697406232296876816e-01,-1.179995820455068012e+00,-4.994999168711325432e-01,-1.503163395279412673e-01,2.528925597596991537e-01,-1.338050938386338151e-01,1.235203432720596373e-03,-1.952678794770140551e-03,-9.459767330076041154e-04,-2.421916923794391330e-03
6.200000000000000178e+00,-1.108490074076621479e+00,4.412198868639762850e+00,1.608341747527610499e+00,-2.423111280076164775e-01,-6.873912658740190251e-02,5.344657814798683439e-03,9.677456713168601787e-01,-1.170344692471656067e+00,-5.071896149407396637e-01,-1.483427589220318865e-01,2.549258290830873075e-01,-1.433002202591233676e-01,2.615392130748929282e-03,-1.436633974507295266e-03,-8.568106461334699204e-04,-2.516278464606999839e-03
6.250000000000000000e+00,-1.194008018535713145e+00,4.414612053118052160e+00,1.591917473656325299e+00,-2.506525384452106264e-01,-6.888173363713595565e-02,7.880271433332386791e-03,9.655912764023149020e-01,-1.167286110730006543e+00,-5.218458660602898203e-01,-1.476961927032106325e-01,2.536740911381142882e-01,-1.540659957773921618e-01,4.345291773719918253e-03,-9.472518104574980703e-04,-7.944958783248957674e-04,-2.605937328674836923e-03
6.300000000000000711e+00,-1.261458135453434659e+00,4.421456016784852672e+00,1.577084886026962618e+00,-2.582869869178554545e-01,-6.875805711653419638e-02,1.053679626032641078e-02,9.635606560539005105e-01,-1.155376674478405752e+00,-5.335020985566876206e-01,-1.456896400016683135e-01,2.525582564423877185e-01,-1.656232603716611962e-01,5.937145898178054076e-03,-4.902708206528740053e-04,-7.030365968748101928e-04,-2.674089019663745612e-03
6.350000000000000533e+00,-1.327787771049123267e+00,4.424302398360232758e+00,1.561924315749644743e+00,-2.660600975867334905e-01,-6.844263467744074458e-02,1.312966868240721292e-02,9.614339509455853694e-01,-1.142775771398489626e+00,-5.445021460147043690e-01,-1.446386583548755211e-01,2.517547710233315472e-01,-1.767279197036663585e-01,7.395067700826435907e-03,1.111484536155148747e-05,-6.390123776166746917e-04,-2.769693499834235354e-03
6.400000000000000355e+00,-1.388674357187465125e+00,4.429300892011608148e+00,1.548069833070418566e+00,-2.738914233168257550e-01,-6.792716753005918762e-02,1.578658928166460154e-02,9.592289464688180667e-01,-1.126444317133311168e+00,-5.549899102607996904e-01,-1.417554927334324089e-01,2.502954510377616848e-01,-1.877357627327714829e-01,8.766664110301091578e-03,4.497150455508822932e-04,-5.476902760249885470e-04,-2.838265673921773393e-03
6.450000000000000178e+00,-1.447873063672870941e+00,4.430612573772664931e+00,1.535061687393574736e+00,-2.817787140780368960e-01,-6.732244445205287642e-02,1.858272973697852257e-02,9.569342333311366966e-01,-1.110759311519168069e+00,-5.630705652566323494e-01,-1.376297644602730297e-01,2.486549947262049198e-01,-1.983609450706694532e-01,1.003468938490772663e-02,8.625922165588619048e-04,-4.670049375555512913e-04,-2.914608343646594209e-03
6.500000000000000000e+00,-1.517096027833815253e+00,4.424594534810359470e+00,1.522657312284724007e+00,-2.900100924331792673e-01,-6.667485887125354505e-02,2.114133601880177626e-02,9.544640660563065149e-01,-1.095937804956250927e+00,-5.749641296822196601e-01,-1.340525528304357672e-01,2.454468161027814344e-01,-2.081878891432815959e-01,1.139117251792824692e-02,1.215660140428964382e-03,-4.297925136714788002e-04,-2.977327221447126793e-03
6.550000000000000711e+00,-1.569146186044430458e+00,4.417544608892339575e+00,1.511186011947451391e+00,-2.982062121394203902e-01,-6.617491500906194646e-02,2.381826282227712463e-02,9.519068368391579993e-01,-1.075909187601595374e+00,-5.828666382342433394e-01,-1.291608880240658064e-01,2.432886343564953646e-01,-2.175094289495825284e-01,1.246271251665276997e-02,1.588276333854931124e-03,-3.907846897661772581e-04,-3.073880347577297428e-03
6.600000000000000533e+00,-1.631882210318977844e+00,4.404613361315505848e+00,1.499912183675788047e+00,-3.064959688137271487e-01,-6.536025010469953545e-02,2.656961360676171613e-02,9.492535564536871417e-01,-1.058934417215338319e+00,-5.938798628380346223e-01,-1.246246974009456165e-01,2.400617101253146313e-01,-2.264278291166806623e-01,1.353118361790510774e-02,1.945881706572761671e-03,-3.913505573783903485e-04,-3.185339264041195297e-03
6.650000000000000355e+00,-1.700989509723346282e+00,4.389777434385335297e+00,1.488138222062192595e+00,-3.149600965678771014e-01,-6.438544840309481931e-02,2.878929095344751402e-02,9.464807596196996853e-01,-1.043472077612109361e+00,-6.083273198635390511e-01,-1.186781219097182982e-01,2.362182540306773104e-01,-2.350011177111141769e-01,1.470909869354670302e-02,2.297517414501857105e-03,-3.881366118606655665e-04,-3.312325900716520978e-03
6.700000000000000178e+00,-1.747025433380862802e+00,4.380427651500856889e+00,1.479840457975402535e+00,-3.229223952663342057e-01,-6.312961902735776676e-02,3.166053532410985361e-02,9.437867282071223940e-01,-1.018349161776995304e+00,-6.177269343910845034e-01,-1.134115572739800432e-01,2.312765929862720116e-01,-2.450444287643941677e-01,1.580520555396870350e-02,2.579226277754823049e-03,-3.808917854094383965e-04,-3.428602943829316997e-03
6.750000000000000000e+00,-1.780562484218487063e+00,4.373708268478429417e+00,1.473584087082884020e+00,-3.307576211690668733e-01,-6.146243925126561314e-02,3.446170238891903270e-02,9.410813756887989046e-01,-9.879654716001442516e-01,-6.225102723579457598e-01,-1.071271049192443620e-01,2.259944396960634205e-01,-2.553853425664253107e-01,1.689965305502642151e-02,2.798606927451090676e-03,-3.636969607221846360e-04,-3.529278714271900583e-03
6.800000000000000711e+00,-1.789601056096738141e+00,4.370061789936553254e+00,1.470685483289258855e+00,-3.381361382417781281e-01,-5.961934425789134490e-02,3.721548049912819234e-02,9.384692290194789344e-01,-9.470883769099893712e-01,-6.216841298211978062e-01,-9.671984048372229970e-02,2.214691030788519255e-01,-2.656680852009076221e-01,1.766611756080223306e-02,2.965937110879018294e-03,-3.447739870466311023e-04,-3.637356939983920571e-03
6.850000000000000533e+00,-1.794317301376821217e+00,4.361877839971239013e+00,1.470318404174077331e+00,-3.454817112008010116e-01,-5.780394203568843536e-02,4.016252832154082464e-02,9.357820594720346330e-01,-9.048499137273288140e-01,-6.221164565351198217e-01,-8.619391115708863182e-02,2.151652716732702642e-01,-2.766766003807037966e-01,1.832004878868011624e-02,3.123848175979212789e-03,-3.730609457002998994e-04,-3.695942066342921845e-03
6.900000000000000355e+00,-1.803089633276599990e+00,4.353800885505014762e+00,1.469118585007152866e+00,-3.527403482850112182e-01,-5.582653559126440901e-02,4.282471323807792579e-02,9.330721775681249941e-01,-8.627783771853211325e-01,-6.254242551544321183e-01,-7.498773760869029137e-02,2.088837842826387348e-01,-2.863150425514321973e-01,1.899646969532077512e-02,3.281321324842940111e-03,-3.573799487407548574e-04,-3.733298603966339092e-03
6.950000000000000178e+00,-1.833217629645070401e+00,4.342769508826356706e+00,1.465695503437750569e+00,-3.600613173440850301e-01,-5.357540536947290322e-02,4.526331088784553425e-02,9.302885339395563502e-01,-8.256818064423659953e-01,-6.300548505635015228e-01,-6.563009541867051433e-02,2.011410506498464423e-01,-2.957858829714970494e-01,2.004240052696928606e-02,3.456703403250987496e-03,-3.263849795869323877e-04,-3.742816054580406105e-03
7.000000000000000000e+00,-1.853238127090068410e+00,4.337102945369877283e+00,1.462063159425838421e+00,-3.668720258170907744e-01,-5.105984855588818067e-02,4.760040735721529637e-02,9.276486456400078184e-01,-7.811539249407890573e-01,-6.313007678921604970e-01,-5.755578889934399867e-02,1.938774325045294900e-01,-3.051467129536603040e-01,2.109991008489295328e-02,3.672516216946806675e-03,-2.604161031672992156e-04,-3.729665754543955592e-03
7.050000000000000711e+00,-1.893379834678344809e+00,4.327226045948258104e+00,1.456016015934457730e+00,-3.741392229426986349e-01,-4.848160095807774184e-02,4.976776402088769341e-02,9.247662114765745622e-01,-7.435508418199798797e-01,-6.374002287144651113e-01,-5.256685890251382859e-02,1.857582337516817950e-01,-3.130783331581171169e-01,2.252208328738709853e-02,3.853057671781751330e-03,-1.696740220991164842e-04,-3.691858485491934967e-03
7.100000000000000533e+00,-1.957533953990164388e+00,4.306257653229293325e+00,1.447472728725529123e+00,-3.816877951318441431e-01,-4.609473233840151452e-02,5.186377869269636481e-02,9.216831620235651501e-01,-7.147095343230079889e-01,-6.497188481288920237e-01,-4.837410573039042233e-02,1.777924520258722385e-01,-3.202114808066141571e-01,2.403729652028930436e-02,4.091522683036885946e-03,-1.398086863280571313e-04,-3.618196732967539700e-03
7.150000000000000355e+00,-2.040048622308344495e+00,4.275287581115036595e+00,1.437134545668735219e+00,-3.898407671810891761e-01,-4.390539214016263986e-02,5.389772004896324631e-02,9.182546098758243014e-01,-6.913485591743488978e-01,-6.651427659377955326e-01,-4.656726348491395384e-02,1.700410388500226966e-01,-3.255631164194764393e-01,2.548982014138134397e-02,4.327916072473968027e-03,-1.185002648874916006e-04,-3.563529560623691743e-03
7.200000000000000178e+00,-2.156464917399048442e+00,4.225535571028395054e+00,1.424665432029426082e+00,-3.989749479502031071e-01,-4.187459466515312811e-02,5.549481896153835719e-02,9.143226095302401379e-01,-6.850507257352402846e-01,-6.913773460357756084e-01,-4.548903923140774908e-02,1.611136945295371381e-01,-3.291717914806133738e-01,2.708308067014868897e-02,4.502524925476735114e-03,-1.551604185851766912e-04,-3.547933719638027630e-03
7.250000000000000000e+00,-2.258295780678787779e+00,4.174833924372800986e+00,1.414512202965351406e+00,-4.080357558121053274e-01,-3.997992776732685327e-02,5.732343748929457500e-02,9.102870156543892977e-01,-6.748335855880870371e-01,-7.113031720334145325e-01,-4.208124754211292617e-02,1.530518790522396866e-01,-3.324993230774896946e-01,2.843709501871928211e-02,4.643575507780121382e-03,-2.301630677421506190e-04,-3.548719271152484239e-03
7.300000000000000711e+00,-2.386372286091060779e+00,4.105971554080688257e+00,1.402692886912759729e+00,-4.174883635003893145e-01,-3.815336957997590012e-02,5.892381384466402472e-02,9.059667603689773863e-01,-6.732730821186447834e-01,-7.400274141205225309e-01,-4.126764130487258625e-02,1.439431016782544703e-01,-3.349635810864784458e-01,2.989895058677705802e-02,4.762936290637581442e-03,-3.433627229782644378e-04,-3.551922269318841859e-03
7.350000000000000533e+00,-2.466949724237889718e+00,4.047551354570764204e+00,1.396724127980658592e+00,-4.267074911652737335e-01,-3.628493223285211844e-02,6.093045477359946421e-02,9.016050134939233018e-01,-6.597539839135247997e-01,-7.541309943567229279e-01,-3.543315044059862362e-02,1.382326510699252720e-01,-3.381677916713887178e-01,3.076690958329722503e-02,4.868927568458269496e-03,-5.166786951903597214e-04,-3.608960780914877934e-03
7.400000000000000355e+00,-2.548909277989201527e+00,3.989659410518457960e+00,1.391668335333497764e+00,-4.356155880733454944e-01,-3.428443419470018905e-02,6.266013869511900813e-02,8.972944578109078861e-01,-6.457727638497894329e-01,-7.678670370001930978e-01,-3.007105292192553680e-02,1.321553804891292538e-01,-3.427532292135631042e-01,3.162869369210685733e-02,4.997104285306856741e-03,-7.280059615299917970e-04,-3.670717028057453053e-03
7.450000000000000178e+00,-2.617903242139802522e+00,3.932178080774962670e+00,1.388547257320049466e+00,-4.444938062736469853e-01,-3.231476544643396842e-02,6.437986473570705970e-02,8.928808683890138154e-01,-6.281447765193503008e-01,-7.786597058088848833e-01,-2.092573537229569514e-02,1.271530357659884647e-01,-3.472286815174930319e-01,3.234783941579182781e-02,5.120962750535192759e-03,-9.679471450894825638e-04,-3.696972235320838962e-03
7.500000000000000000e+00,-2.670811632839850347e+00,3.879576260924795239e+00,1.388369926979834412e+00,-4.530176159459488594e-01,-3.019940693119382499e-02,6.598479843416389656e-02,8.885432132649800918e-01,-6.033317679549142776e-01,-7.837807804995291505e-01,-1.023241457698928492e-02,1.228985587742773694e-01,-3.534788305321092672e-01,3.309026063166573689e-02,5.246273245229611873e-03,-1.300642395238174945e-03,-3.743050696573492833e-03
7.550000000000000711e+00,-2.718493460847652976e+00,3.830116575031555115e+00,1.389971127135793294e+00,-4.614173392304730670e-01,-2.803188149066455567e-02,6.759403167810665303e-02,8.841602227871727671e-01,-5.788030212477213166e-01,-7.886659422789021878e-01,2.705175724506351381e-04,1.180452154853294522e-01,-3.602023595599007644e-01,3.381628754912118645e-02,5.336789694713854788e-03,-1.639157558175770388e-03,-3.793579651222546423e-03
7.600000000000000533e+00,-2.761403168901201521e+00,3.782950727061562102e+00,1.393106211277919559e+00,-4.696450121269161726e-01,-2.589279773890095296e-02,6.901787338143082484e-02,8.797725039824021431e-01,-5.521371772206191686e-01,-7.900087419124792731e-01,1.089586307555944801e-02,1.127475135870345951e-01,-3.673510069902958253e-01,3.448767749459050874e-02,5.399185972621729605e-03,-1.967773105267444853e-03,-3.864473422426093017e-03
7.650000000000000355e+00,-2.816926653555006155e+00,3.728542822617367136e+00,1.395897817197289559e+00,-4.779060637596355687e-01,-2.357262269859854154e-02,7.058854673941990232e-02,8.752527536375406259e-01,-5.255598099852738514e-01,-7.996489002494165943e-01,1.838561751901875499e-02,1.061120848859424121e-01,-3.742256947214095963e-01,3.529791275001593204e-02,5.433233908474572466e-03,-2.300617199208051990e-03,-3.909357742251766583e-03
7.700000000000000178e+00,-2.880922409208038548e+00,3.668413413453122995e+00,1.397534933243839816e+00,-4.862229574970442503e-01,-2.135915815114125885e-02,7.195740130030196802e-02,8.706050507342633082e-01,-5.000001241407197039e-01,-8.090579966087767527e-01,2.714226105263281563e-02,9.914073586956016759e-02,-3.803804194243303738e-01,3.617239052006224892e-02,5.478720523311494256e-03,-2.612860287421465803e-03,-3.938955261161046842e-03
7.750000000000000000e+00,-2.951322741842112407e+00,3.599630434260146394e+00,1.399786834982306161e+00,-4.945373964882158746e-01,-1.901627229269333211e-02,7.312183647741796189e-02,8.658662378756414313e-01,-4.764138919968027852e-01,-8.227947924475700336e-01,3.505428682695512638e-02,9.099563958402613617e-02,-3.866328604024242277e-01,3.706886140937145496e-02,5.518545334727310674e-03,-2.963020888550254878e-03,-3.938024621248226512e-03
7.800000000000000711e+00,-3.029129403262408538e+00,3.519414738849739432e+00,1.401620505986709064e+00,-5.027816491726297965e-01,-1.692618278669299342e-02,7.399118297338508343e-02,8.610745742580726558e-01,-4.586109919269447666e-01,-8.423158730691858720e-01,4.272092479927636077e-02,8.198615059087106804e-02,-3.920763882234252207e-01,3.791765834815435249e-02,5.566595017944915222e-03,-3.304424055702528343e-03,-3.947396914126584909e-03
7.850000000000000533e+00,-3.104201459507108130e+00,3.436244559827159151e+00,1.404461900475109770e+00,-5.111489397290948089e-01,-1.450767580480843977e-02,7.492277864196757176e-02,8.560974629077764408e-01,-4.383636443841009145e-01,-8.622437056768422758e-01,5.111725436562814667e-02,7.278305993580932998e-02,-3.973736052563614507e-01,3.872928405540364272e-02,5.595260150945555004e-03,-3.644782395988713231e-03,-3.947579219463094938e-03
7.900000000000000355e+00,-3.180559335752766614e+00,3.350605316975997283e+00,1.407172069853877883e+00,-5.196830491887849401e-01,-1.229657358119877822e-02,7.563652340358648085e-02,8.509156474007443238e-01,-4.171128352413213669e-01,-8.833770513116376843e-01,5.874550604340979254e-02,6.374790282483899784e-02,-4.019755840729689056e-01,3.962304262491996715e-02,5.599729088228884606e-03,-3.970280713659614553e-03,-3.947904808876559826e-03
7.950000000000000178e+00,-3.249513794404437217e+00,3.270321278147529043e+00,1.410393274443342948e+00,-5.281044754234833771e-01,-9.827380087967779038e-03,7.624379572537491601e-02,8.456925973731125312e-01,-3.920809052364715996e-01,-8.983046524083749818e-01,6.516839034290834720e-02,5.498067157819315487e-02,-4.058898327807350936e-01,4.049817012550616102e-02,5.560988929398890529e-03,-4.233166013462632063e-03,-3.953007308241577797e-03
8.000000000000000000e+00,-3.301254933063787700e+00,3.194007652495488792e+00,1.415828199180946934e+00,-5.361325118994861860e-01,-7.624930691929516537e-03,7.719935378190108388e-02,8.405617466265921101e-01,-3.650774947972493245e-01,-9.070548716475494988e-01,7.401351326392445473e-02,4.813220094617839256e-02,-4.097567871619803292e-01,4.119135218592141073e-02,5.523979343825094306e-03,-4.533684567112728804e-03,-3.935424782113150152e-03
8.050000000000000711e+00,-3.344514431559902690e+00,3.122388878087167363e+00,1.422022647920858196e+00,-5.443314468191798872e-01,-4.992662183938721167e-03,7.789434109402787465e-02,8.352309985588315389e-01,-3.364260576478029230e-01,-9.135514948102739785e-01,8.134732688770779374e-02,4.243293259188950922e-02,-4.131586734041148290e-01,4.177573916763546724e-02,5.472443276834262557e-03,-4.809005684917468104e-03,-3.913172203024776162e-03
8.099999999999999645e+00,-3.395068976025644503e+00,3.046449759799310097e+00,1.427239695177921597e+00,-5.525559925521064120e-01,-2.706666456954929991e-03,7.818110968808701655e-02,8.297965191174199173e-01,-3.098957839105002665e-01,-9.211170166616584609e-01,8.853491615524697322e-02,3.730969418623478195e-02,-4.173445771730748821e-01,4.261638027615181207e-02,5.472715750679868485e-03,-5.161793582317624265e-03,-3.874854200672866403e-03
8.150000000000000355e+00,-3.444916803483104584e+00,2.967908525422034316e+00,1.431746073352016202e+00,-5.607135473448299212e-01,-4.186052947816891381e-04,7.843625801646947338e-02,8.242862949376013049e-01,-2.801302219238233082e-01,-9.295034261847067159e-01,9.485819940727409361e-02,3.243701443797877837e-02,-4.201546017244449094e-01,4.339896218926158483e-02,5.475283074559958961e-03,-5.457173857542724389e-03,-3.821728448144498004e-03
8.200000000000001066e+00,-3.493609152350216185e+00,2.885275328977395137e+00,1.436826826042949978e+00,-5.687959727197998694e-01,2.045701978034883579e-03,7.841683372841878885e-02,8.187293549819520955e-01,-2.538654694557355707e-01,-9.382736333463617129e-01,9.846536432111201165e-02,2.701958192532284697e-02,-4.224707935551091920e-01,4.416962646907252044e-02,5.455711921927487718e-03,-5.753186888242989988e-03,-3.768436179327038470e-03
8.250000000000000000e+00,-3.527211722355804380e+00,2.806621037424640530e+00,1.443695251593054119e+00,-5.766549924118130610e-01,4.266988690887418660e-03,7.862709805236198224e-02,8.131842300400985435e-01,-2.247123179856731212e-01,-9.431133002677887234e-01,1.052562379455181107e-01,2.309543878066738082e-02,-4.242737980815787235e-01,4.470769850335698514e-02,5.442623708979267387e-03,-6.052680660783019834e-03,-3.687993335924816263e-03
8.300000000000000711e+00,-3.556046785750432093e+00,2.728577653420934279e+00,1.451446852434037371e+00,-5.845061040934372842e-01,6.456318825997400639e-03,7.857320820324044386e-02,8.075501106292903852e-01,-1.952289477154114661e-01,-9.468275126219403148e-01,1.153650575657482608e-01,1.978572124817087191e-02,-4.263166145798585882e-01,4.523097829854821894e-02,5.440299904392140173e-03,-6.381051383673076380e-03,-3.622932632496118563e-03
8.349999999999999645e+00,-3.583951286227466060e+00,2.651907864315500074e+00,1.458968572983681877e+00,-5.922780490820975796e-01,8.719415758352300552e-03,7.827787626073212657e-02,8.018748396429750125e-01,-1.657946897579098966e-01,-9.488213956585797026e-01,1.235125030540701607e-01,1.674808212613191488e-02,-4.280087346764135381e-01,4.582432650715843186e-02,5.436396081233330416e-03,-6.700738021732473813e-03,-3.577835245553567627e-03
8.400000000000000355e+00,-3.620127984966615919e+00,2.566906836352110588e+00,1.465333160122923362e+00,-6.000548773079898979e-01,1.088758357329863875e-02,7.785319063185885957e-02,7.960869835961815744e-01,-1.377106820081133443e-01,-9.572430734181500700e-01,1.291630736364478560e-01,1.285358778444280377e-02,-4.285379288355938843e-01,4.657409787539505686e-02,5.408806943498678001e-03,-6.988046079197226396e-03,-3.493835634437545724e-03
8.450000000000001066e+00,-3.650534763374864600e+00,2.479310767706247809e+00,1.471921926622848931e+00,-6.080543052617832789e-01,1.299639685186091548e-02,7.726444774475260679e-02,7.900197849650204551e-01,-1.080099438833373865e-01,-9.664198703730653151e-01,1.354548445337750984e-01,9.290629048777802879e-03,-4.274877490179008754e-01,4.716870503248364599e-02,5.369570769284109230e-03,-7.226769746527141394e-03,-3.424243164348732965e-03
8.500000000000000000e+00,-3.683743180858035871e+00,2.384974339580550939e+00,1.478326047422632294e+00,-6.159914634703970160e-01,1.532624441065913966e-02,7.650233631100079867e-02,7.838794650345305426e-01,-8.270515669173375550e-02,-9.770416365873700881e-01,1.410270731782225229e-01,4.687373620968403320e-03,-4.252831426143381943e-01,4.787223642211024116e-02,5.286171738078749259e-03,-7.453820872472939271e-03,-3.367212821934144514e-03
8.550000000000000711e+00,-3.710540514775304555e+00,2.299097715156886323e+00,1.484477361471171708e+00,-6.240174128947990617e-01,1.757925890432148960e-02,7.559801489613587888e-02,7.775462547040017380e-01,-5.518607662657790819e-02,-9.836414169226850301e-01,1.444763487735008511e-01,8.409670792827754135e-04,-4.225652089979157755e-01,4.857455788283160381e-02,5.181730941190199405e-03,-7.624738242009509483e-03,-3.308575511640878333e-03
8.599999999999999645e+00,-3.731347461187700887e+00,2.212822618056645485e+00,1.491504334522010033e+00,-6.318037107996213875e-01,1.980427498687439142e-02,7.483643807017061056e-02,7.712531162005389351e-01,-2.758510008386930168e-02,-9.896177431146251369e-01,1.499476214461054613e-01,-2.711996456657215886e-03,-4.191586939199598016e-01,4.916498308605697642e-02,5.066496517023230846e-03,-7.784372798147555332e-03,-3.256607549431404357e-03
8.650000000000000355e+00,-3.746243761525307026e+00,2.124536396492602286e+00,1.499357980646748301e+00,-6.397217339503924460e-01,2.192245456333469580e-02,7.407658674702169432e-02,7.647144358473513259e-01,-2.605528845520746484e-04,-9.955280467060014793e-01,1.535035774202349046e-01,-5.801412561824828562e-03,-4.147341700849156987e-01,4.963293949526936116e-02,4.940642926293392981e-03,-7.937052343417757769e-03,-3.210278526411861587e-03
8.700000000000001066e+00,-3.754485378918273941e+00,2.034083441695816230e+00,1.507862785834222175e+00,-6.475714488922179601e-01,2.400378907531260445e-02,7.311616653814501099e-02,7.581088727092090140e-01,2.691352678794991377e-02,-1.000660873294488384e+00,1.588123245813667372e-01,-8.803299191541422153e-03,-4.095143397712409650e-01,4.996086977537770452e-02,4.827398872676069534e-03,-8.078950829332388894e-03,-3.179315801427656275e-03
8.750000000000000000e+00,-3.755337023313312539e+00,1.935399907277308706e+00,1.518141482794166830e+00,-6.552830719433692108e-01,2.590520795771244361e-02,7.179380114145982039e-02,7.515175752720553159e-01,5.036140099892775363e-02,-1.010094737823424182e+00,1.643391156002194653e-01,-1.308865674118305650e-02,-4.028785945798147305e-01,5.021157436622938897e-02,4.673846447315984330e-03,-8.241415934647843694e-03,-3.153902628013922210e-03
8.800000000000000711e+00,-3.748931805144549489e+00,1.840053759012571399e+00,1.528717802729157249e+00,-6.629893221533345038e-01,2.792236328577252236e-02,7.070484139320462602e-02,7.447592401190878952e-01,7.353645758194156390e-02,-1.015641752440980206e+00,1.684033783797015682e-01,-1.663852817838607639e-02,-3.958781912003153103e-01,5.040768592353413874e-02,4.524067927631576259e-03,-8.383907955116240776e-03,-3.149739501829167988e-03
8.849999999999999645e+00,-3.723602705595324913e+00,1.727639271831096446e+00,1.542357769053537719e+00,-6.716691773324193759e-01,2.937058357482944318e-02,6.954779052505384584e-02,7.369945657025892549e-01,8.273793018272067312e-02,-1.026522561113456300e+00,1.741937790761267091e-01,-1.980061168593676840e-02,-3.840588482781803203e-01,5.024721651030073649e-02,4.321323626227522273e-03,-8.559577317342713376e-03,-3.357942703625448749e-03
8.900000000000000355e+00,-3.665514234685208539e+00,1.607441383129605050e+00,1.560883368352211198e+00,-6.813755729429378238e-01,3.031260518754184258e-02,6.850679040414521526e-02,7.280901690257532977e-01,7.711188758429991796e-02,-1.036813686426185654e+00,1.831163500591468096e-01,-2.258262852625354464e-02,-3.659176233266919764e-01,4.974522942851451746e-02,3.979776594610026988e-03,-8.759458645191973980e-03,-3.742289881099126591e-03
8.950000000000001066e+00,-3.596735799315670778e+00,1.513873644677036667e+00,1.577548939477589451e+00,-6.901876219144161828e-01,3.163683639197738262e-02,6.738081917208968430e-02,7.197916242544978305e-01,8.398689659512638406e-02,-1.035129103255445271e+00,1.876498549353932122e-01,-2.507097556652094009e-02,-3.487044336532041933e-01,4.950428632962852737e-02,3.628130193773096770e-03,-8.857897901959916470e-03,-3.960523510080525209e-03
9.000000000000000000e+00,-3.533575471103040044e+00,1.440289408950189864e+00,1.591027104354416410e+00,-6.979553760529118023e-01,3.323759300292029872e-02,6.567112640568574522e-02,7.123488321088335962e-01,9.899688725900222808e-02,-1.028979995315233875e+00,1.888108031110496687e-01,-2.621159154064051089e-02,-3.346348495636323195e-01,4.944083970655686888e-02,3.386307528117863536e-03,-8.919503318539462669e-03,-4.075808714326048174e-03
9.050000000000000711e+00,-3.476855416957572498e+00,1.372804563643772680e+00,1.604625730614559709e+00,7.054391554563821387e-01,-3.480141317971375409e-02,-6.403944362514814304e-02,-7.050130560846817884e-01,1.182851212247570949e-01,-1.023744685404851085e+00,1.942001486754268424e-01,-2.770534516884077050e-02,-3.225494834929548693e-01,4.928100099906224107e-02,3.166141764569060761e-03,-8.948832885486814395e-03,-4.156769121344605633e-03
9.099999999999999645e+00,-3.419158830014151995e+00,1.304224851802600726e+00,1.621560129456871113e+00,7.122463281068551755e-01,-3.643930721653969307e-02,-6.225235103074053949e-02,-6.982134270973497925e-01,1.376946186152818996e-01,-1.021246661464991989e+00,2.006181430895028761e-01,-3.058549372060173979e-02,-3.117663492182277674e-01,4.888319974723943223e-02,2.934692934431553431e-03,-9.015770812154256381e-03,-4.181909534489366975e-03
9.150000000000000355e+00,-3.355654224254445150e+00,1.235821351854182959e+00,1.640849129738142231e+00,7.188805628027322703e-01,-3.802778286937711499e-02,-6.038664628610558582e-02,-6.914608283227495766e-01,1.561010722259162375e-01,-1.023485992371170106e+00,2.090028029878891747e-01,-3.334249108054718191e-02,-3.014575879712705353e-01,4.838933359008328744e-02,2.708829567674429437e-03,-9.133861527993282839e-03,-4.166903204900079122e-03
9.200000000000001066e+00,-3.296094218504183715e+00,1.173451544418509629e+00,1.660107730626309896e+00,7.255402385591190884e-01,-3.933123358110202777e-02,-5.871914207245840928e-02,-6.845410715587778583e-01,1.748051181968186263e-01,-1.021133117664967838e+00,2.168168818854131763e-01,-3.536308174439443952e-02,-2.918283712652182671e-01,4.797750147413042815e-02,2.452405003511156159e-03,-9.228625621791716055e-03,-4.151435424008901968e-03
9.250000000000000000e+00,-3.236963194456536019e+00,1.113952268367837339e+00,1.678030884965088010e+00,7.321120692878599900e-01,-4.082565297754250228e-02,-5.691417172741095737e-02,-6.775735835454240741e-01,1.949025769280587350e-01,-1.019516904133615398e+00,2.235992014863189270e-01,-3.717704961120411183e-02,-2.817038641834771484e-01,4.765809696316637006e-02,2.199763883381982560e-03,-9.283176015231372341e-03,-4.121064781946256680e-03
9.300000000000000711e+00,-3.184981941941036343e+00,1.053276230081222842e+00,1.694280478574140547e+00,7.384736290630699029e-01,-4.227864656554718159e-02,-5.482446644038047046e-02,-6.707186392985754475e-01,2.176776229075123026e-01,-1.022112020224685613e+00,2.283630599909603764e-01,-3.901314220717668618e-02,-2.718077486264031672e-01,4.739498130730843833e-02,1.973030547195642713e-03,-9.292313669466208126e-03,-4.067844440319589965e-03
9.349999999999999645e+00,-3.132991499207437247e+00,1.001326038258683715e+00,1.710651571036343022e+00,7.449596707233081538e-01,-4.380020351131445194e-02,-5.275729808043203017e-02,-6.635761438353854347e-01,2.417070313435284445e-01,-1.011793000856688884e+00,2.329085101363805865e-01,-3.945358588381883691e-02,-2.636237000606529435e-01,4.715157297032727957e-02,1.776232160790766753e-03,-9.313784588933603573e-03,-4.029763657898337813e-03
9.400000000000000355e+00,-3.097550756493858248e+00,9.439538816127680532e-01,1.725993041855385712e+00,7.510328000033337226e-01,-4.556890801788588546e-02,-5.043688078481609049e-02,-6.567566741175213663e-01,2.722969179304751686e-01,-1.002738081720585983e+00,2.392887077926038331e-01,-4.004927622130791121e-02,-2.588456578948081788e-01,4.698883243099483825e-02,1.679254758786361901e-03,-9.364257786651133952e-03,-3.956529537821936587e-03
9.450000000000001066e+00,-3.066871297140839836e+00,8.806748943299406163e-01,1.739416135785904372e+00,7.570000587722646168e-01,-4.733059109973335177e-02,-4.802421247377036684e-02,-6.499264582867909645e-01,3.036054928379289808e-01,-9.985357345113119454e-01,2.424069267668809702e-01,-4.093125169873040869e-02,-2.535736843019099629e-01,4.690607871869886120e-02,1.610823383481736325e-03,-9.378010310254401155e-03,-3.834870326135383662e-03
9.500000000000000000e+00,-3.027108973936624370e+00,8.147146272350848095e-01,1.754701473486205421e+00,7.628317074001301767e-01,-4.889064951282288268e-02,-4.538088980566475777e-02,-6.431470014045486128e-01,3.332046471386925224e-01,-9.989724855632989842e-01,2.480074353419050026e-01,-4.214375198344613715e-02,-2.471942966767287642e-01,4.665771086282597541e-02,1.516121170267052676e-03,-9.391576594272907363e-03,-3.706738598254614037e-03
9.550000000000000711e+00,-2.978897498213108896e+00,7.454593300923737509e-01,1.772544857333879564e+00,7.686292514633996653e-01,-5.003607655567221535e-02,-4.270007040082838407e-02,-6.363035194193830124e-01,3.629763438688838884e-01,-1.006048686711330520e+00,2.551034277896962466e-01,-4.358053991618792561e-02,-2.402438398364535044e-01,4.626531589446559317e-02,1.400774010157740564e-03,-9.432868653075509105e-03,-3.572368166177562407e-03
9.600000000000001421e+00,-2.919899128336724381e+00,6.725823761388202149e-01,1.792990105967877668e+00,7.744137017845305060e-01,-5.105187594124052652e-02,-3.980846324461608660e-02,-6.293587297443028472e-01,3.891967137211942984e-01,-1.014658497307020735e+00,2.625345604173058289e-01,-4.508998081061271063e-02,-2.322675366673572495e-01,4.569796964292566904e-02,1.265668863387227339e-03,-9.499530559103745025e-03,-3.431352536997513223e-03
9.650000000000000355e+00,-2.890045810023853523e+00,6.061928282404551727e-01,1.807428906840007565e+00,7.801082560842820257e-01,-5.255723839724505547e-02,-3.677748541691457790e-02,-6.223473805260243408e-01,4.274790279841169660e-01,-1.010564299049530046e+00,2.646147120396171171e-01,-4.637591918678493630e-02,-2.287704984428642896e-01,4.564294421484111491e-02,1.214694536997721133e-03,-9.504781461185026273e-03,-3.264897379659366557e-03
9.700000000000001066e+00,-2.854913379414090180e+00,5.369375216522240812e-01,1.822475617116388058e+00,7.856883005818485755e-01,-5.381405153496818944e-02,-3.392196166861340123e-02,-6.153431909940596523e-01,4.655855126419111700e-01,-1.009464148468045330e+00,2.660007374012988701e-01,-4.753307462527316118e-02,-2.242643558784934155e-01,4.550035705163447963e-02,1.156302897598297016e-03,-9.501043283145811300e-03,-3.065091366706048162e-03
9.750000000000000000e+00,-2.814085246281993413e+00,4.633276807892214300e-01,1.838252373790248084e+00,7.911411066048048557e-01,-5.479485250317327194e-02,-3.088184812127280771e-02,-6.083909804031408797e-01,5.005345536039786936e-01,-1.014276613753856138e+00,2.686411286044473323e-01,-4.888604124047334076e-02,-2.186824017840506285e-01,4.525829127130340940e-02,1.085137754642209089e-03,-9.483175741485369570e-03,-2.852778857305048824e-03
9.800000000000000711e+00,-2.771183466833362807e+00,3.961162519951863525e-01,1.854359331244522568e+00,7.966547303005410141e-01,-5.572968232548792394e-02,-2.800807926163852851e-02,-6.012079429729335622e-01,5.350698675047340647e-01,-1.014508016921486400e+00,2.698265027167845442e-01,-4.961715312195335431e-02,-2.126909806254254076e-01,4.495679122923785381e-02,9.707510909159370541e-04,-9.431573713963924827e-03,-2.648168231343642383e-03
9.850000000000001421e+00,-2.716568047734560842e+00,3.282741318924016771e-01,1.875418934795209491e+00,8.020150360225667407e-01,-5.633375340994435654e-02,-2.532275082201038488e-02,-5.941019681092419846e-01,5.647528946976357878e-01,-1.017377726037536512e+00,2.759100461256412951e-01,-5.155059445148447994e-02,-2.052422542238945546e-01,4.432755206304935663e-02,7.377152478141989645e-04,-9.375890544844453847e-03,-2.375352926387047214e-03
9.900000000000000355e+00,-2.662205108424285260e+00,2.560327951603494911e-01,1.894673786849454977e+00,8.073799071739875544e-01,-5.682295110475928807e-02,-2.236596058318088276e-02,-5.868633584802011027e-01,5.977300288205155132e-01,-1.022759120690243773e+00,2.790294590061385693e-01,-5.327808290774460609e-02,-1.976664541845420675e-01,4.378256352922655498e-02,5.606878167626773825e-04,-9.304219937501139945e-03,-2.158750049478332968e-03
9.950000000000001066e+00,-2.592348244861387929e+00,1.709282120469042265e-01,1.915159611237105652e+00,8.126137792620753419e-01,-5.704383027149739771e-02,-1.921835837520674550e-02,-5.796856923219044777e-01,6.276113900467341633e-01,-1.042486559675350755e+00,2.836353847981908372e-01,-5.531219128017034192e-02,-1.872630409795900119e-01,4.300742928715700630e-02,4.014554971025955212e-04,-9.222763390623051408e-03,-1.939444157873074876e-03
1.000000000000000000e+01,-2.525086018690933187e+00,9.583981538796537691e-02,1.933418959533522496e+00,8.181246316454249268e-01,-5.727448310004056020e-02,-1.610883074343414517e-02,-5.719547414374150929e-01,6.568172070156512721e-01,-1.053259765940665726e+00,2.869675628061983397e-01,-5.606570700035481275e-02,-1.779457479854795743e-01,4.239895189708321049e-02,2.717697979707791277e-04,-9.134312763632562032e-03,-1.804545198155347880e-03
1.005000000000000071e+01,-2.472831732443090846e+00,3.453260825527409983e-02,1.958317489179912885e+00,8.237223272868395840e-01,-5.754803235821474156e-02,-1.350293426175384545e-02,-5.639037349292638224e-01,6.867622050900225039e-01,-1.053674750380037661e+00,2.955701651844223066e-01,-5.808153779883006712e-02,-1.737469969275807768e-01,4.157208890959950692e-02,4.691945381187127644e-05,-9.110460660210251832e-03,-1.809537098467851879e-03
1.010000000000000142e+01,-2.420693592023891672e+00,-2.499934136656230266e-04,1.988651995450135379e+00,8.296139373311660625e-01,-5.740941112658385498e-02,-1.193624252613855602e-02,-5.552498542227058964e-01,7.049789385725134805e-01,-1.038469586064482142e+00,3.057473145283841065e-01,-6.325403496643755563e-02,-1.671553330560061612e-01,4.051479476150431774e-02,-5.938345918622048693e-04,-8.901203755714934968e-03,-1.887027221119223731e-03
1.015000000000000036e+01,-2.379036462386669104e+00,-5.964180225186745121e-02,2.009134548465322023e+00,8.351330764308088073e-01,-5.777671754676450000e-02,-9.044333107209093919e-03,-5.469303388909598773e-01,7.408220414923470942e-01,-1.033983802816052844e+00,3.092160669952691010e-01,-6.503990195464610935e-02,-1.647701705224979551e-01,4.014928280524848736e-02,-7.563133025427776083e-04,-8.858173982607143657e-03,-1.928705934350091397e-03
1.020000000000000107e+01,-2.331575984893427211e+00,-1.131295269855463886e-01,2.029611639242775212e+00,8.405091981036357796e-01,-5.786034525303061088e-02,-6.058468944536175849e-03,-5.386647967933594350e-01,7.804008387833978322e-01,-1.024198053306700107e+00,3.129030628272924108e-01,-6.598373375904757754e-02,-1.632456799082910026e-01,3.977034875602993014e-02,-8.476227403084325273e-04,-8.866150758322921543e-03,-1.916161336996186374e-03
1.025000000000000000e+01,-2.281117112020822457e+00,-1.727541462880786693e-01,2.048651987495747839e+00,8.456591814075531399e-01,-5.797595684289267443e-02,-2.960865614825324357e-03,-5.305568495496679748e-01,8.222378945221493485e-01,-1.016849766619348561e+00,3.142296052893646663e-01,-6.664310944393853076e-02,-1.614514620634054376e-01,3.951998048524655444e-02,-8.851959282271950561e-04,-8.883508284856142176e-03,-1.886433252683022152e-03
1.030000000000000071e+01,-2.235246190424798662e+00,-2.233120337553656798e-01,2.066492584213494244e+00,8.509120679710092672e-01,-5.824984965473632009e-02,1.696914549119313926e-04,-5.220685575681714985e-01,8.632977278823328326e-01,-1.004820377995117475e+00,3.144953750135535686e-01,-6.728812643511776492e-02,-1.608430427178487998e-01,3.935447657108188946e-02,-9.327002636332653489e-04,-8.879200056760638143e-03,-1.885782542153338192e-03
1.035000000000000142e+01,-2.188033892866500185e+00,-2.777599247333692456e-01,2.082915114006687052e+00,8.559411839475500328e-01,-5.821528110072627521e-02,3.363746201628527166e-03,-5.137746158388136752e-01,9.082297715120533077e-01,-9.910164435773074487e-01,3.148689373888567400e-01,-6.744917603916494864e-02,-1.603423246206290287e-01,3.928843609119019725e-02,-9.273210609689342679e-04,-8.883826226517141031e-03,-1.875793954305619935e-03
1.040000000000000036e+01,-2.139986200628364088e+00,-3.266895013923121760e-01,2.099200626161825234e+00,8.610025689208431476e-01,-5.832948590176282450e-02,6.635582819509117797e-03,-5.052011643165423838e-01,9.543457299259563431e-01,-9.759030840876836699e-01,3.131367788322880208e-01,-6.758495211137340031e-02,-1.599941825373241977e-01,3.921245881511143533e-02,-9.386620455369162983e-04,-8.874792662652042016e-03,-1.873318907453483569e-03
1.045000000000000107e+01,-2.087844822362691311e+00,-3.781910245431017725e-01,2.116064250797669022e+00,8.659330066277105553e-01,-5.804128521471215579e-02,1.007300987867764883e-02,-4.966787409536487785e-01,9.964422570038452553e-01,-9.659470962493850177e-01,3.128677195914250087e-01,-6.787731981237001000e-02,-1.593917118949688405e-01,3.908270137285646539e-02,-9.478780000963005518e-04,-8.871985854775308461e-03,-1.866181715962946441e-03
1.050000000000000000e+01,-2.036138269583741334e+00,-4.268891993256055395e-01,2.131902023884806763e+00,8.707212201797264184e-01,-5.767635882360388350e-02,1.321095375462803291e-02,-4.882043271648380811e-01,1.043110845627106098e+00,-9.498808583497115876e-01,3.132719513182892768e-01,-6.793286803622945735e-02,-1.592254138256134210e-01,3.905082052443790280e-02,-9.482713583060318596e-04,-8.868631815542709837e-03,-1.864604654132625194e-03
1.055000000000000071e+01,-1.974062763643752660e+00,-4.908076638058887498e-01,2.149871573492120547e+00,8.752873061197049553e-01,-5.723749014932256324e-02,1.679439388715540937e-02,-4.799103560052431772e-01,1.090973288825060727e+00,-9.475410342693342258e-01,3.128534831103795821e-01,-6.878320708616479651e-02,-1.580235672524693269e-01,3.888661216189234077e-02,-9.352020371464376137e-04,-8.884836301233576400e-03,-1.848985490545199768e-03
1.060000000000000142e+01,-1.918268791966945663e+00,-5.377968294103177005e-01,2.165402788586112237e+00,8.799537376368732344e-01,-5.661327304950303230e-02,2.001077162876215357e-02,-4.712493246173840578e-01,1.140823523711541831e+00,-9.327315254533395938e-01,3.094041597261569798e-01,-6.878320708616479651e-02,-1.580235672524693269e-01,3.888661216189234077e-02,-9.352020371464376137e-04,-8.884836301233576400e-03,-1.848985490545199768e-03
1.065000000000000036e+01,-1.848352182824892331e+00,-6.012064373774052006e-01,2.185085710361624134e+00,8.842873968063318380e-01,-5.590540881463959555e-02,2.331978482514440731e-02,-4.629973787727721390e-01,1.189583819143130716e+00,-9.311814691279874934e-01,3.100350970269086792e-01,-7.004767652373208864e-02,-1.562056520608180177e-01,3.853144904353001526e-02,-9.538494954290315615e-04,-8.887436696268551789e-03,-1.836364368361054818e-03
1.070000000000000107e+01,-1.772072661698461449e+00,-6.707307388202593534e-01,2.206192440781630459e+00,8.885585735064679413e-01,-5.483037617099480870e-02,2.699505858624918694e-02,-4.546741229815295382e-01,1.237208610096756534e+00,-9.361333829955121866e-01,3.104965722203417156e-01,-7.157361409152940279e-02,-1.538096143582887154e-01,3.806522177842188576e-02,-9.728074661227799260e-04,-8.895951088699435849e-03,-1.814049293429398054e-03
1.075000000000000000e+01,-1.700435999188274483e+00,-7.287998326180264996e-01,2.224726875052160935e+00,8.928937954433623370e-01,-5.375818998407166927e-02,3.025339202038716466e-02,-4.460218148696813989e-01,1.286605398991562899e+00,-9.334410713049335895e-01,3.079468668754092309e-01,-7.231293089830959087e-02,-1.523786682639818868e-01,3.775569151275215418e-02,-9.801307447819772572e-04,-8.891371034949267782e-03,-1.803668056229680875e-03
1.080000000000000071e+01,-1.637314504347217481e+00,-7.697944935673448619e-01,2.239349602721583121e+00,8.972595942036014627e-01,-5.288146677412981778e-02,3.344227962115686736e-02,-4.370473487108067490e-01,1.334871569549951786e+00,-9.170661107114583821e-01,3.036492817510485498e-01,-7.210713253450447280e-02,-1.525669578267729587e-01,3.776819505425590973e-02,-9.847772673806237664e-04,-8.880731664384092228e-03,-1.796333579731685618e-03
1.085000000000000142e+01,-1.563046085744722147e+00,-8.202195938351075633e-01,2.258487543720016255e+00,9.013991900766865628e-01,-5.158754856785030540e-02,3.651569113524465865e-02,-4.283512918887586451e-01,1.380559202068018632e+00,-9.083888909663961897e-01,3.027768403662882690e-01,-7.278156179469041920e-02,-1.515329713452798210e-01,3.740646960869131038e-02,-1.017324682213588362e-03,-8.883649109996212198e-03,-1.793723084396315563e-03
1.090000000000000036e+01,-1.481839511663211706e+00,-8.812516974928428226e-01,2.277924012884677385e+00,9.053036712622424265e-01,-5.021839510134459145e-02,3.975512477089448299e-02,-4.199082109783058847e-01,1.431463116430864435e+00,-9.099125645640383508e-01,3.013589777810561365e-01,-7.375949650838851956e-02,-1.494179713479453775e-01,3.701988896983341576e-02,-1.041854785034540239e-03,-8.867308987921665442e-03,-1.763246660176928529e-03
1.095000000000000107e+01,-1.386459213260602841e+00,-9.729045077660978258e-01,2.296197053414327449e+00,9.090118364583318344e-01,-4.845736990421387058e-02,4.337499763686837595e-02,-4.116648807715067582e-01,1.489732634613144535e+00,-9.312424088917632403e-01,2.976669478707023586e-01,-7.492180264743025786e-02,-1.470169641881726996e-01,3.692185828140515103e-02,-9.719888369703151218e-04,-8.925558398732597390e-03,-1.701541723251836884e-03
1.100000000000000000e+01,-1.306102795874616307e+00,-1.024905485472553002e+00,2.312868529763594250e+00,9.128769509934516746e-01,-4.692642678196378564e-02,4.640289130107924653e-02,-4.028651815350591803e-01,1.541519017724647611e+00,-9.274940531752902118e-01,2.938362942004805189e-01,-7.527552994194636193e-02,-1.460278846442319700e-01,3.670241702952984492e-02,-9.786417044627732011e-04,-8.910186228391741778e-03,-1.692724626410058424e-03
1.105000000000000071e+01,-1.219612744618713496e+00,-1.081251445338165640e+00,2.331214652436904622e+00,9.166139652103645341e-01,-4.506287157709876895e-02,4.932551632171128242e-02,-3.941512017312078231e-01,1.592729453732730338e+00,-9.245236972046795287e-01,2.925612610228918720e-01,-7.608086529397289910e-02,-1.445415562575835255e-01,3.639623617135809286e-02,-1.009269192332607661e-03,-8.903280746590348099e-03,-1.674326873325178520e-03
1.110000000000000142e+01,-1.131286969926747821e+00,-1.137901628235404194e+00,2.347986137205964052e+00,9.203217396486252921e-01,-4.305954706673210952e-02,5.219419110812990870e-02,-3.852655413492152570e-01,1.647519033858879212e+00,-9.219218787068895749e-01,2.869494084207429574e-01,-7.661185210751945973e-02,-1.435595606478883290e-01,3.623216178886005251e-02,-1.015996731899879374e-03,-8.912410962788368946e-03,-1.663369572427599941e-03
1.115000000000000036e+01,-1.042841140016933288e+00,-1.184358469814238202e+00,2.362860193739364956e+00,9.239678046141497347e-01,-4.122814360513904486e-02,5.459646155219359531e-02,-3.763016909307773661e-01,1.694021509002968218e+00,-9.183086725761873126e-01,2.830377209984422660e-01,-7.712837277872761077e-02,-1.395641184277427727e-01,3.558492753936508268e-02,-1.036546263895996153e-03,-8.710002476697354876e-03,-1.662392810439796169e-03
1.120000000000000107e+01,-9.404009887782058819e-01,-1.240271328707249765e+00,2.387891700343497181e+00,9.274538265600370535e-01,-3.903712385801540175e-02,5.687611255143316946e-02,-3.675195374141019267e-01,1.736141578140377728e+00,-9.278969541637510643e-01,2.872181995443704450e-01,-7.957945947207480109e-02,-1.335961148769988505e-01,3.436256512594186574e-02,-1.198324982067669334e-03,-8.537354752428691004e-03,-1.655564779781117492e-03
1.125000000000000000e+01,-8.511347371925757077e-01,-1.285735152225138567e+00,2.401692599554107410e+00,9.309500561403108998e-01,-3.699317263961412333e-02,5.943475268570803938e-02,-3.583727226277084177e-01,1.783997182926525316e+00,-9.229131843037186034e-01,2.860594740255834600e-01,-7.965429144845052878e-02,-1.316021127726678674e-01,3.406480914703595431e-02,-1.200358368024787188e-03,-8.426013715365308215e-03,-1.656562843334498034e-03
1.130000000000000071e+01,-7.530195694113076543e-01,-1.340715169186462496e+00,2.417646350992003867e+00,9.342582224774944599e-01,-3.466244583252903189e-02,6.197825428145691679e-02,-3.494549821913010557e-01,1.832721316497609942e+00,-9.248364828847845942e-01,2.822015728034919513e-01,-7.974369731346270251e-02,-1.284090619379640030e-01,3.352227577875891568e-02,-1.189441112434828224e-03,-8.316089929902454117e-03,-1.626195137365325913e-03
1.135000000000000142e+01,-6.618208646757794966e-01,-1.380101992695282442e+00,2.431893185520604739e+00,9.376075269747453644e-01,-3.270887081790480738e-02,6.410430755386468948e-02,-3.401659784328222025e-01,1.879292221852965739e+00,-9.160643820669195359e-01,2.805463366962645533e-01,-7.959340851844019793e-02,-1.253962796455638240e-01,3.292301631288945679e-02,-1.194544466569067744e-03,-8.133759730394856530e-03,-1.620204331003001789e-03
1.140000000000000036e+01,-5.317535055885429518e-01,-1.472969311125882363e+00,2.449827035016260979e+00,9.406462527615030433e-01,-2.976927714972040992e-02,6.684882782940847201e-02,-3.314055695391367462e-01,1.936434169759062351e+00,-9.466594172545460539e-01,2.739470358534510375e-01,-8.085964275185889005e-02,-1.210118611354423362e-01,3.267356911787594465e-02,-1.178934802448392861e-03,-8.162772642443904061e-03,-1.598655330698815812e-03
1.145000000000000107e+01,-4.245344909165195690e-01,-1.529574468847658020e+00,2.466438096611939912e+00,9.436881402839714106e-01,-2.707583675462613831e-02,6.915755532257847338e-02,-3.223923471381119343e-01,1.987264302236095403e+00,-9.535600365974563619e-01,2.708128752836150288e-01,-8.128105101349310246e-02,-1.192199720606214458e-01,3.240311150806944596e-02,-1.203128635857348468e-03,-8.152644490573835584e-03,-1.591540680213565824e-03
1.150000000000000000e+01,-3.234545656558914795e-01,-1.576867957854533708e+00,2.480563837291420271e+00,9.466836539993571664e-01,-2.447700381257677735e-02,7.130519937293465504e-02,-3.132195780553481135e-01,2.038319017732649119e+00,-9.513946076100678884e-01,2.659519523226362425e-01,-8.121489151733170264e-02,-1.181461878012210753e-01,3.216271504642987528e-02,-1.202026221839364506e-03,-8.100964630948668740e-03,-1.588024393008184536e-03
1.155000000000000071e+01,-2.008532181732906041e-01,-1.645757917986433227e+00,2.496606902471325995e+00,9.495113116643775220e-01,-2.137831619454376442e-02,7.373401357346860696e-02,-3.041948912464294552e-01,2.090467762791428097e+00,-9.677160943420216599e-01,2.580568122338221526e-01,-8.209791312479410019e-02,-1.164193359963408836e-01,3.222750072979504304e-02,-1.248212353964893483e-03,-8.178787353026640769e-03,-1.578670884301919351e-03
1.160000000000000142e+01,-8.368809288311514216e-02,-1.705988526901785152e+00,2.516065401222034037e+00,9.522207884159701319e-01,-1.825782870839255320e-02,7.532112992649002414e-02,-2.954131838390428588e-01,2.134060532271369048e+00,-9.828493962389694971e-01,2.592301021763303015e-01,-8.202324719647206830e-02,-1.110216993118856993e-01,3.119219732619494395e-02,-1.271276691918437046e-03,-8.032069121662406899e-03,-1.518986709721896000e-03
1.165000000000000036e+01,3.463016116816022838e-02,-1.767197725210569503e+00,2.531118425995964483e+00,9.548866006986581612e-01,-1.517791165831777582e-02,7.718944374360105221e-02,-2.863616604547596922e-01,2.184701828967792192e+00,-9.954912237327044888e-01,2.538410193781686641e-01,-8.209535663093582569e-02,-1.089886137395859739e-01,3.101809402260023024e-02,-1.291301514369481594e-03,-8.037298701254018407e-03,-1.485408149894957034e-03
1.170000000000000107e+01,1.490949713431763690e-01,-1.820461941363190395e+00,2.547296726246394361e+00,9.575274689866160038e-01,-1.196885627581099724e-02,7.872508978666771517e-02,-2.771285854140910776e-01,2.233883083480606935e+00,-1.001506099850878462e+00,2.504716760860312696e-01,-8.212014214344023899e-02,-1.062795170114280707e-01,3.048583408557813818e-02,-1.320152754250267495e-03,-7.957605372102685010e-03,-1.458664856352181582e-03
1.175000000000000000e+01,2.736368835655637044e-01,-1.881413597203021704e+00,2.561879291189616659e+00,9.600374106884623782e-01,-8.639370230131051751e-03,8.061602588128974345e-02,-2.678704681963403056e-01,2.284340841186538906e+00,-1.017443891173361870e+00,2.422246100019018189e-01,-8.210695333469460178e-02,-1.041814124238149980e-01,3.028887171631238287e-02,-1.336495986184765405e-03,-7.969069580695908525e-03,-1.452859221478468299e-03
1.180000000000000071e+01,3.973593707158493693e-01,-1.940594307662054430e+00,2.576709051329893807e+00,9.625385352030920716e-01,-5.255277468588995769e-03,8.201168835657500489e-02,-2.583912407198007966e-01,2.331145245312591818e+00,-1.032688344109115253e+00,2.372110529944977397e-01,-8.174787349224320321e-02,-1.015618258890107067e-01,2.989197207370795917e-02,-1.342107518829866591e-03,-7.938503494017848730e-03,-1.425652520454252304e-03
1.185000000000000142e+01,5.184666321376558695e-01,-1.992903687851178995e+00,2.588714464909116497e+00,9.648895550049521042e-01,-2.146217912708608087e-03,8.327692570628979218e-02,-2.490953512932865821e-01,2.376561929244452198e+00,-1.039369014139288172e+00,2.309257315731771121e-01,-8.101418508077955216e-02,-9.917271773148703118e-02,2.953029813354775268e-02,-1.314407405910633089e-03,-7.860090983114213434e-03,-1.432462514538860969e-03
1.190000000000000036e+01,6.410276369860189449e-01,-2.046975991042179199e+00,2.600165192298196537e+00,9.671073063537481973e-01,1.068514070587928957e-03,8.467520128776707955e-02,-2.398591806909932400e-01,2.427348215327699954e+00,-1.046793946149749299e+00,2.228475524881867453e-01,-8.093028147045845666e-02,-9.877840429513684573e-02,2.953842419240320857e-02,-1.317850899008815059e-03,-7.870397821554646692e-03,-1.427065640667270685e-03
1.195000000000000107e+01,7.666956893967511455e-01,-2.103455110411547313e+00,2.612411718547799300e+00,9.692846892604249920e-01,4.426316484103460895e-03,8.589625780676285460e-02,-2.304114402161880348e-01,2.475890045621944591e+00,-1.058719377531075478e+00,2.141774380524801569e-01,-8.044188249783498779e-02,-9.742715214141471625e-02,2.929417150467577419e-02,-1.303454914941908158e-03,-7.848979291337990910e-03,-1.409656620123576204e-03
1.200000000000000000e+01,8.928936174775481405e-01,-2.157855953900288171e+00,2.623428584906182692e+00,9.714071300618571936e-01,7.761647856764599361e-03,8.681152903072947291e-02,-2.208431636136387599e-01,2.525300240477397651e+00,-1.066513856224585721e+00,2.079846714507327665e-01,-8.035461732069160146e-02,-9.704957493593238671e-02,2.924223783820513109e-02,-1.305211921941065506e-03,-7.847782082104459711e-03,-1.406457917424637407e-03
1.205000000000000071e+01,1.019326177217089180e+00,-2.211750758811703577e+00,2.635608569557402969e+00,9.733894299948443463e-01,1.107087757178391862e-02,8.757092554420098374e-02,-2.114752615400545266e-01,2.572681680238452895e+00,-1.072718794096711559e+00,2.004094331537560059e-01,-8.034201272939954508e-02,-9.637100608013531022e-02,2.903143363743078409e-02,-1.319337514390951996e-03,-7.819598914966821579e-03,-1.391172703251577613e-03
1.210000000000000142e+01,1.148342528259335804e+00,-2.265183952294376191e+00,2.644928912845962987e+00,9.752993338777979915e-01,1.461933136094347926e-02,8.826941717987446534e-02,-2.019554269605247365e-01,2.624134911643086987e+00,-1.075630874926439606e+00,1.896524402874290305e-01,-8.013150782074146550e-02,-9.624579464674896945e-02,2.896138875732733389e-02,-1.296632579847713284e-03,-7.795340190147237794e-03,-1.390500742826880761e-03
1.215000000000000036e+01,1.282951147947625659e+00,-2.322496105895289542e+00,2.655611116579609465e+00,9.771238953186415221e-01,1.814433410793387866e-02,8.879057882268923119e-02,-1.923951908168083369e-01,2.672390865215835465e+00,-1.088301994728771760e+00,1.814075765305789290e-01,-7.979467540580166551e-02,-9.541482694935679576e-02,2.879864383396225913e-02,-1.291980805562345860e-03,-7.792994471760749525e-03,-1.382311135329812243e-03
1.220000000000000107e+01,1.426157987761930812e+00,-2.388442053943228061e+00,2.668422447684061893e+00,9.788036845887030379e-01,2.202516943618776021e-02,8.927752929657455094e-02,-1.829966166615797640e-01,2.710911661830770480e+00,-1.121902832941952477e+00,1.746972033053253714e-01,-7.901683370736282963e-02,-9.122091798195060275e-02,2.841041678753008712e-02,-1.355871714317606180e-03,-7.777370755181363220e-03,-1.344798607051213898e-03
1.225000000000000000e+01,1.563120290601508477e+00,-2.445916212542915691e+00,2.677604149956319013e+00,9.804626567221569333e-01,2.568129928763618688e-02,8.956750198108059946e-02,-1.732371560292355339e-01,2.758735600907207708e+00,-1.132102034575766858e+00,1.677897006291825532e-01,-7.880058527143439517e-02,-9.071501552777502808e-02,2.828706390117098277e-02,-1.348093097955611582e-03,-7.759236788130435131e-03,-1.339743497047498006e-03
1.230000000000000071e+01,1.702883966501591573e+00,-2.503247384219569938e+00,2.685280370052891108e+00,9.819826389621333362e-01,2.918333341320349106e-02,8.984808901783467028e-02,-1.636635290090662775e-01,2.804913886639293086e+00,-1.143984648815403737e+00,1.577288438889642985e-01,-7.857303145610745887e-02,-9.055651075188002330e-02,2.832209506254537365e-02,-1.343667230782774613e-03,-7.771282035510878976e-03,-1.334828134480740272e-03
1.235000000000000142e+01,1.844722630996487256e+00,-2.560880432443735089e+00,2.691857930286920553e+00,9.834091957266845041e-01,3.251175615662539597e-02,8.998609222620408687e-02,-1.541163283940563677e-01,2.854284576328050438e+00,-1.154502395706339390e+00,1.461367334611664293e-01,-7.833534298226919879e-02,-9.102105816069887279e-02,2.841266466559422624e-02,-1.320395944597784138e-03,-7.794814477050990460e-03,-1.329960033849108235e-03
1.240000000000000036e+01,1.988265062523657090e+00,-2.618179696021663894e+00,2.698279756661823736e+00,9.847307614412713628e-01,3.584873624074523535e-02,9.002632063742012358e-02,-1.446217728204291508e-01,2.904385379388696009e+00,-1.163592266347299287e+00,1.348767524971535292e-01,-7.841077386994300957e-02,-9.146682777689339738e-02,2.846817229438294503e-02,-1.309900014940258142e-03,-7.797115502248173034e-03,-1.326998250507486522e-03
1.245000000000000107e+01,2.135521390858890367e+00,-2.678390138947094545e+00,2.705056448961208115e+00,9.859794397222958473e-01,3.934334291059576189e-02,8.993969824438821647e-02,-1.349351566243402467e-01,2.947926080665218773e+00,-1.179433386336242506e+00,1.256058746507367763e-01,-7.797810788290682193e-02,-9.087919062667468295e-02,2.842186027631668846e-02,-1.307752602950150228e-03,-7.808247857957561697e-03,-1.329139218478273031e-03
1.250000000000000000e+01,2.284395216735424672e+00,-2.739166552857136949e+00,2.711920857967593079e+00,9.871092295572728714e-01,4.284915648151384898e-02,8.968662999937029867e-02,-1.254417279497768989e-01,2.996295833196365610e+00,-1.193627366798941658e+00,1.178370472834721627e-01,-7.782221235173394924e-02,-9.079682332264815692e-02,2.832651780082443699e-02,-1.294831511209713860e-03,-7.801311660756924012e-03,-1.326582323561474683e-03
1.255000000000000071e+01,2.435645492557494851e+00,-2.798998211961093663e+00,2.716148718410044349e+00,9.881609613386322932e-01,4.641797091963933281e-02,8.926057356124188213e-02,-1.158267519596910128e-01,3.043621125680302963e+00,-1.208474443461293513e+00,1.070740655529219543e-01,-7.756478264839482273e-02,-9.135539956193776401e-02,2.844681232383495378e-02,-1.269330623090040872e-03,-7.829672393519669302e-03,-1.317810564798085676e-03
1.260000000000000142e+01,2.589043530685799954e+00,-2.858019233816047500e+00,2.719897981021234035e+00,9.891425637200631504e-01,4.988976598971411880e-02,8.855409958441663731e-02,-1.061422222001477955e-01,3.091014504272620922e+00,-1.218472504710861992e+00,9.597751212567824652e-02,-7.769854082020127839e-02,-9.207222326252689770e-02,2.855686747927291269e-02,-1.251551717101726576e-03,-7.836804809947551034e-03,-1.312962064875759479e-03
1.265000000000000036e+01,2.748756997713510231e+00,-2.920240335985521352e+00,2.724696332349749284e+00,9.900054960638426937e-01,5.270290252855753393e-02,8.811849928429346668e-02,-9.667808392978305410e-02,3.148927780507785101e+00,-1.215871345547307802e+00,8.647723464633672030e-02,-7.839442608699528914e-02,-9.454653816346830775e-02,2.853890885034035541e-02,-1.170470312416598728e-03,-7.823848955504746072e-03,-1.287103367799656561e-03
1.270000000000000107e+01,2.908255859408336530e+00,-2.980424415016505790e+00,2.728074860352486475e+00,9.908071653032091142e-01,5.573361987206488372e-02,8.732114145122332749e-02,-8.700541968998697084e-02,3.195268082375519292e+00,-1.224419949791456297e+00,7.722372131787372251e-02,-7.854074291484408610e-02,-9.522980054926930005e-02,2.858835675464012349e-02,-1.148238149337517389e-03,-7.825585874449364834e-03,-1.287849061230128588e-03
1.275000000000000000e+01,3.072050733953307855e+00,-3.038734026795613552e+00,2.729530067653041403e+00,9.914944445298925491e-01,5.877187944917210832e-02,8.645518829842058217e-02,-7.752504800808872332e-02,3.246216796545784433e+00,-1.224692185244396825e+00,6.428433584143379564e-02,-7.911631193585247357e-02,-9.726420260519602623e-02,2.875139286494315591e-02,-1.089943133328173490e-03,-7.828332330293024180e-03,-1.272065134817542504e-03
1.280000000000000071e+01,3.235693507637062094e+00,-3.099430086376890880e+00,2.731876004683517323e+00,9.920868194324834466e-01,6.202421895437795762e-02,8.533554892343993281e-02,-6.807777215342550314e-02,3.291624406694255267e+00,-1.239857686711823836e+00,5.257278224058321847e-02,-7.922043587371550843e-02,-9.754588656994077345e-02,2.880871759375145877e-02,-1.086174925108229685e-03,-7.833656084543750078e-03,-1.272045930862221799e-03
1.285000000000000142e+01,3.406872709343375938e+00,-3.158126339311602582e+00,2.732168158183622797e+00,9.926345634588842337e-01,6.475165774175535571e-02,8.410689166886448076e-02,-5.839415227817549431e-02,3.341342198705240740e+00,-1.237231515989722475e+00,3.847941886152313196e-02,-7.989841326804113242e-02,-9.978485697759409412e-02,2.894492321742710150e-02,-1.012563379463829460e-03,-7.830239200438916455e-03,-1.261089653387312314e-03
1.290000000000000036e+01,3.576345110351605516e+00,-3.224759796852144422e+00,2.736189560024458789e+00,9.930376023897370397e-01,6.800657349911637395e-02,8.288046801463848368e-02,-4.880834173198555365e-02,3.382512314971120482e+00,-1.259007879825161602e+00,2.872831558271003380e-02,-7.974974906185466894e-02,-9.961295619444218707e-02,2.882428376167866721e-02,-1.019265208806408463e-03,-7.845211845607104675e-03,-1.267604424507070638e-03
1.295000000000000107e+01,3.752122096580790434e+00,-3.280378279125053975e+00,2.732378475265182072e+00,9.933962945831982250e-01,7.052512394253415695e-02,8.155580175363028039e-02,-3.922575686439104536e-02,3.433217687045491129e+00,-1.256583090514810985e+00,1.444670648972374606e-02,-7.988371358776064080e-02,-1.024227829673740042e-01,2.914845861653837800e-02,-9.097347273429976129e-04,-7.886997603246237443e-03,-1.238643285050278729e-03
1.300000000000000000e+01,3.955484070191240153e+00,-3.331903806729152873e+00,2.730994105381085113e+00,9.936968834624432256e-01,7.193694720683191379e-02,8.056507972839102583e-02,-3.001411920991539986e-02,3.517959247727650229e+00,-1.207972327180133920e+00,3.116929271014914557e-03,-8.251929659313225751e-02,-1.102863264631972900e-01,2.926887902129143154e-02,-6.305124936036930316e-04,-7.849362221413776555e-03,-1.165946505049795991e-03
1.305000000000000071e+01,4.136970143067225436e+00,-3.397104262702281385e+00,2.733833078565995667e+00,9.938724299097245751e-01,7.483697393220560545e-02,7.872329252561326152e-02,-2.048569285957302019e-02,3.564402962668192565e+00,-1.223765076467939750e+00,-8.439436450873877976e-03,-8.305977479643612826e-02,-1.104182495732742991e-01,2.912917247498265916e-02,-6.416605761848351470e-04,-7.837672199421642782e-03,-1.170784416288018831e-03
1.310000000000000142e+01,4.316237105668977669e+00,-3.457947577085260349e+00,2.732499438856068164e+00,9.939401221433847855e-01,7.771798112471874076e-02,7.698583643338670346e-02,-1.077636265829073209e-02,3.603503077122072629e+00,-1.237791011342453062e+00,-1.715868416706816529e-02,-8.292730703690109895e-02,-1.107046581480371356e-01,2.917976334345421738e-02,-6.280314302489164958e-04,-7.851958455120926217e-03,-1.167134637126647891e-03
1.315000000000000036e+01,4.506404695186894571e+00,-3.509175276763007112e+00,2.729465054836039073e+00,9.939511013490647251e-01,7.988131836518841400e-02,7.535836405032952934e-02,-1.140206507067080977e-03,3.655507658656412584e+00,-1.230072483858332788e+00,-2.848139365277324933e-02,-8.437722102250393152e-02,-1.132352811878911264e-01,2.934795985303658566e-02,-5.683510059762305038e-04,-7.828571527299644367e-03,-1.145938467435261496e-03
1.320000000000000107e+01,4.687535862795106034e+00,-3.566401645022936329e+00,2.725703678942080987e+00,9.938451536861533375e-01,8.253136698254877335e-02,7.340833768137999815e-02,8.461673439381449044e-03,3.692047212700136694e+00,-1.242790974454099029e+00,-3.975896194039063580e-02,-8.442408971151643682e-02,-1.134542730125391030e-01,2.947313275726981888e-02,-5.657584983548149616e-04,-7.829554406873493952e-03,-1.139110276489196808e-03
1.325000000000000000e+01,4.890208584535989722e+00,-3.601997180097590068e+00,2.718983724179478756e+00,9.937287386053955673e-01,8.421873003217654474e-02,7.136158731335354166e-02,1.783040766823522014e-02,3.750477519589209496e+00,-1.209338861169882540e+00,-5.053912776048579553e-02,-8.699187660281110235e-02,-1.183251303661449483e-01,2.985388234819993936e-02,-4.468152731515300782e-04,-7.802748003059994941e-03,-1.108518549222039769e-03
1.330000000000000071e+01,5.105838730491869093e+00,-3.655339662245246313e+00,2.718015572484976605e+00,9.935113425894654959e-01,8.562650172203115084e-02,6.973506148137713356e-02,2.720910783383678408e-02,3.815342187533032892e+00,-1.182519354806878642e+00,-5.998250540848396734e-02,-8.839202333610110540e-02,-1.229629519443100893e-01,2.983336385714633818e-02,-2.704584319515554751e-04,-7.810882905222806330e-03,-1.057964530766951870e-03
1.335000000000000142e+01,5.296907667032923150e+00,-3.714455249285212979e+00,2.713854167069349010e+00,9.931179922766837365e-01,8.831315103708177461e-02,6.753427145626002270e-02,3.683154828543805381e-02,3.848839264450824249e+00,-1.199018085640483733e+00,-7.086676227732699451e-02,-8.814217290173045893e-02,-1.231551498857655219e-01,2.988294245837332108e-02,-2.552747457774328602e-04,-7.826159935060717290e-03,-1.050096655894290198e-03
1.340000000000000036e+01,5.490273301501126468e+00,-3.774868506299060567e+00,2.710093603016610952e+00,9.926326662546053337e-01,9.095559436159353361e-02,6.513169999410457767e-02,4.653312147793884496e-02,3.885212648739396979e+00,-1.217372619755608287e+00,-8.003261337578378154e-02,-8.814217290173045893e-02,-1.231551498857655219e-01,2.988294245837332108e-02,-2.552747457774328602e-04,-7.826159935060717290e-03,-1.050096655894290198e-03
1.345000000000000107e+01,5.688283371864965687e+00,-3.827518037532436690e+00,2.704412476036180735e+00,9.920993087161520396e-01,9.293839682710615391e-02,6.275475699351906744e-02,5.624283523103174032e-02,3.921137824482507472e+00,-1.223827456214784615e+00,-9.116105024156118120e-02,-8.886755143583140171e-02,-1.239841062640660296e-01,2.998156125383635504e-02,-2.384377862704574686e-04,-7.806584286384172545e-03,-1.035853262452247426e-03
1.350000000000000000e+01,5.885169103513471001e+00,-3.889165445109846075e+00,2.699669069305382418e+00,9.914550791822239750e-01,9.515570112934207403e-02,6.018101536608922580e-02,6.588219710862616707e-02,3.954245685130114207e+00,-1.243851419277181236e+00,-9.916510319635532533e-02,-8.886755143583140171e-02,-1.239841062640660296e-01,2.998156125383635504e-02,-2.384377862704574686e-04,-7.806584286384172545e-03,-1.035853262452247426e-03
1.355000000000000071e+01,6.083830637980259581e+00,-3.952349327745967145e+00,2.693848001658210478e+00,9.907168789074485282e-01,9.733092269386083017e-02,5.771197438933386298e-02,7.533979922677437602e-02,3.988420680434699772e+00,-1.264578486304879901e+00,-1.082182088377326018e-01,-8.849507651498336736e-02,-1.245574718718969465e-01,3.005390314229300017e-02,-2.134847651279458416e-04,-7.847160458074207631e-03,-1.023109096235960518e-03
1.360000000000000142e+01,6.296948431740108987e+00,-4.003086031483140239e+00,2.685303239134972042e+00,9.899654671496377345e-01,9.868982412344788624e-02,5.499458407917705988e-02,8.487807836915776949e-02,4.029087233345202357e+00,-1.259768652489820173e+00,-1.196814208619741415e-01,-8.940532487876047540e-02,-1.265611196899944224e-01,3.024687548588668104e-02,-1.358267893650845785e-04,-7.852599098536361399e-03,-9.944062729025286793e-04
1.365000000000000036e+01,6.508565483924433792e+00,-4.062816702339190122e+00,2.679246348460040839e+00,9.890940298408372744e-01,1.003859505366361954e-01,5.228235750017460465e-02,9.424551003784072123e-02,4.064526842772078652e+00,-1.269318389507570810e+00,-1.291120630361425048e-01,-9.001047089947691870e-02,-1.275395866699959024e-01,3.027613912040681352e-02,-1.041760541040799267e-04,-7.854210420986107444e-03,-9.837800372636291025e-04
1.370000000000000107e+01,6.700375928600077025e+00,-4.093693043935038745e+00,2.659627849917465259e+00,9.881546971880346142e-01,1.016585378153603142e-01,4.977001517859701296e-02,1.036280932160233842e-01,4.088358273796099951e+00,-1.264527593368611980e+00,-1.421822487431101401e-01,-8.921816097763696218e-02,-1.302600534850617831e-01,3.101086632611617724e-02,1.508265832495832423e-05,-7.959995344914080895e-03,-9.396846983123098703e-04
1.375000000000000000e+01,6.914398347342700646e+00,-4.117979682322627788e+00,2.642190358878399259e+00,9.871910049992917990e-01,1.023971914846681375e-01,4.724849881126116230e-02,1.128552798260794021e-01,4.125527073750981266e+00,-1.237019762707513237e+00,-1.574137734051045401e-01,-9.040358468784741308e-02,-1.338743661293269327e-01,3.162454366008505408e-02,1.466469516040049643e-04,-7.998597760062725950e-03,-8.774204371019625470e-04
1.380000000000000071e+01,7.144550763636251745e+00,-4.160284354853165389e+00,2.631636666338111219e+00,9.860941343330994480e-01,1.034809356720756968e-01,4.459285327666076548e-02,1.221537212815603790e-01,4.166210764919249243e+00,-1.221680226557342097e+00,-1.698252838916600727e-01,-9.191200944644013771e-02,-1.367093356227143397e-01,3.184719613212805972e-02,2.480075542110992261e-04,-8.012179516803384291e-03,-8.232063028469763840e-04
1.385000000000000142e+01,7.342846622527909872e+00,-4.208503271212629571e+00,2.616462043103283452e+00,9.848691414207340067e-01,1.047204714812172699e-01,4.174984677240799191e-02,1.316181880456433473e-01,4.185566151739155139e+00,-1.233036042843521640e+00,-1.811313675561978809e-01,-9.093282045159656324e-02,-1.380575580941497960e-01,3.222254645022511882e-02,3.125366747239835844e-04,-8.095782076312823400e-03,-7.893559464368063612e-04
1.390000000000000036e+01,7.591695284134497790e+00,-4.276405634536069478e+00,2.613442001053102537e+00,9.835805256928836782e-01,1.058173964728186811e-01,3.872502265206032718e-02,1.409695027373739085e-01,4.232877379010441032e+00,-1.234902430500159909e+00,-1.866395205029117155e-01,-9.251704361173111735e-02,-1.396194568121345292e-01,3.198193757514395524e-02,3.686318052427036947e-04,-8.081980961103584632e-03,-7.779611165157323659e-04
1.395000000000000107e+01,7.793151995763232698e+00,-4.313095803586279864e+00,2.596635180028739942e+00,9.822267557000148308e-01,1.066258340280180766e-01,3.557802618025642655e-02,1.503187811218870129e-01,4.249424993620642077e+00,-1.235390085545543526e+00,-1.984573226818669989e-01,-9.278410118246253890e-02,-1.402738469513387931e-01,3.232458216442330584e-02,3.985312498274474493e-04,-8.072864719933943098e-03,-7.463658857263999122e-04
1.400000000000000000e+01,8.006359620166033864e+00,-4.354747171017566920e+00,2.583084128378008160e+00,9.808145211229721827e-01,1.071087629689369686e-01,3.241513716403280482e-02,1.596240800512749580e-01,4.270525038447217980e+00,-1.231456988348707871e+00,-2.076395336633453104e-01,-9.328976190179580352e-02,-1.417858363205473371e-01,3.255992271443668151e-02,4.470554341444520725e-04,-8.080927107309988922e-03,-7.130445466802309493e-04
1.405000000000000071e+01,8.213077623467919253e+00,-4.415311609201350684e+00,2.569535010942515907e+00,9.792512498839390789e-01,1.079780648185000302e-01,2.931148191670988543e-02,1.689632035285830447e-01,4.286462053813664852e+00,-1.252649692909446610e+00,-2.151647337008258387e-01,-9.242096760483591023e-02,-1.422312165086487001e-01,3.270793191085315937e-02,4.816111690142645596e-04,-8.127854790740239241e-03,-6.903181428517472362e-04
1.410000000000000142e+01,8.395226679211303278e+00,-4.442698862439637963e+00,2.545881566008562302e+00,9.777075404520211288e-01,1.081840684473908409e-01,2.599143013416996620e-02,1.780691389236503108e-01,4.286878543579561551e+00,-1.254698692162167228e+00,-2.259809124452473450e-01,-9.166539259585045063e-02,-1.428035827176650230e-01,3.327665283944818836e-02,5.261878427239709104e-04,-8.150186800073901464e-03,-6.396171236203856145e-04
1.415000000000000036e+01,8.605578636127779291e+00,-4.506670471846402570e+00,2.532832173018627397e+00,9.759429094502420909e-01,1.089960945982795665e-01,2.276634720075282683e-02,1.874486124015170563e-01,4.302244334630962008e+00,-1.278397203136055982e+00,-2.319656569806290147e-01,-9.095055603449578308e-02,-1.432830574062493312e-01,3.337502488682553281e-02,5.536562144550782882e-04,-8.197291506107009379e-03,-6.222516844350523511e-04
1.420000000000000107e+01,8.809142898379116460e+00,-4.567839642573229497e+00,2.517302591710467219e+00,9.741254328921316041e-01,1.096282618355723798e-01,1.974809324370762828e-02,1.966501919980400415e-01,4.311421209717490655e+00,-1.302863069963911880e+00,-2.410749171384852507e-01,-8.991152767915061572e-02,-1.438483526125745038e-01,3.356866195465255109e-02,5.887381850182728379e-04,-8.257388469295981470e-03,-5.957733158652372485e-04
1.425000000000000000e+01,9.010049292838534285e+00,-4.608247244006681065e+00,2.495950563435532565e+00,9.723412566946055824e-01,1.096208368617359458e-01,1.657373121461723844e-02,2.055749597808872453e-01,4.316272863827678385e+00,-1.307758043293793193e+00,-2.506401636778738395e-01,-8.958207515193419845e-02,-1.445160029000860380e-01,3.395331165476758034e-02,6.423254917492015941e-04,-8.273124650590726881e-03,-5.487406273413023136e-04
1.430000000000000071e+01,9.238075375668673317e+00,-4.676262270783215769e+00,2.485668508324234693e+00,9.703455814977743898e-01,1.098582946049138781e-01,1.307969259810609630e-02,2.149174939733505818e-01,4.335354848044362441e+00,-1.326223567911760215e+00,-2.548289779219515272e-01,-9.046545633627982308e-02,-1.442864501867452964e-01,3.383355907835215032e-02,6.260651701262203795e-04,-8.226384862914363008e-03,-5.543238292677444374e-04
1.435000000000000142e+01,9.448184968593167810e+00,-4.721476620857517403e+00,2.465824133131560902e+00,9.682998146694447028e-01,1.094892260021519542e-01,9.727873794796112333e-03,2.243054764645780186e-01,4.343836299990557315e+00,-1.331289892131003016e+00,-2.623772805871145697e-01,-9.052556376270164129e-02,-1.448559653731653629e-01,3.412487231070106264e-02,6.668939279204953241e-04,-8.233132331815443822e-03,-5.255761466845054004e-04
1.440000000000000036e+01,9.659412365985003746e+00,-4.785157531634670391e+00,2.451197359269450260e+00,9.660496779364554643e-01,1.095816844883842761e-01,6.165185340038421141e-03,2.338842976201733759e-01,4.352026810086932151e+00,-1.352952652117100474e+00,-2.671700857896321946e-01,-9.032940029810090921e-02,-1.448586741848206239e-01,3.418330711576818282e-02,6.694061741327531328e-04,-8.237998549927403810e-03,-5.225825255558023876e-04
1.445000000000000107e+01,9.867034539230159496e+00,-4.843766564820914944e+00,2.434501419621814655e+00,9.637613662150831262e-01,1.095000861946208159e-01,2.850560303708942790e-03,2.432398701293887189e-01,4.355355797489482761e+00,-1.370899832872374047e+00,-2.725065697948126919e-01,-9.004023288556470273e-02,-1.450900909315410436e-01,3.432873906437246270e-02,6.835446752524848004e-04,-8.254075959787852967e-03,-5.130333081491675112e-04
1.450000000000000000e+01,1.007823776152917183e+01,-4.875968146147840798e+00,2.411224944814150284e+00,9.614890606252021188e-01,1.085369777329116964e-01,-3.624693548798535057e-04,2.525042165561568464e-01,4.359147043882668271e+00,-1.364758168763082979e+00,-2.790261055586129024e-01,-9.057537742642922385e-02,-1.454922456564847200e-01,3.468073475814827805e-02,7.361257713738557579e-04,-8.229686066456845181e-03,-4.754636840478259491e-04
1.455000000000000071e+01,1.029820816209643297e+01,-4.928360101709821528e+00,2.392760698437382594e+00,9.590462078545023417e-01,1.079731425182028776e-01,-3.466073088271086258e-03,2.618399473571388358e-01,4.365704506837432497e+00,-1.370824701253222200e+00,-2.839163198881846095e-01,-9.054206779433401908e-02,-1.462512874046928701e-01,3.487187475020107202e-02,7.898671994531684774e-04,-8.254070365492662681e-03,-4.615069880161609467e-04
1.460000000000000142e+01,1.051063948784175217e+01,-4.978564206956155758e+00,2.373075229610437820e+00,9.565800265458549445e-01,1.071260889109125203e-01,-6.781269648908247807e-03,2.709846273686603024e-01,4.367384896500250413e+00,-1.378722679311270571e+00,-2.880680391655229267e-01,-9.043577659922510947e-02,-1.466620035226849639e-01,3.507866399527052870e-02,8.279422327872688675e-04,-8.264650986630053819e-03,-4.443541497676686933e-04
1.465000000000000036e+01,1.071376181236474601e+01,-5.034527405700103486e+00,2.353125658873407300e+00,9.539756820339645449e-01,1.063359516006205235e-01,-9.727558591651766506e-03,2.802292598728201023e-01,4.364267862857545310e+00,-1.394942984408082065e+00,-2.952502622374307828e-01,-8.967169278263406595e-02,-1.470417535916311025e-01,3.528490821353622020e-02,8.696934301314106826e-04,-8.292648937022016956e-03,-4.323285399447552462e-04
1.470000000000000107e+01,1.093011590151103185e+01,-5.108943446942921796e+00,2.339269343532610623e+00,9.512268122475858734e-01,1.054089477106464195e-01,-1.305001114975663096e-02,2.896311492447271041e-01,4.365364159661552890e+00,-1.421325791417877848e+00,-2.975965737895103214e-01,-8.961105295072387122e-02,-1.469330926384015135e-01,3.525212691516189240e-02,8.570562118335695945e-04,-8.292915588975191196e-03,-4.383840437641193318e-04
1.475000000000000000e+01,1.114631028427736581e+01,-5.177438001813433388e+00,2.323373279857916973e+00,9.484056275429963989e-01,1.043859839818587348e-01,-1.622327354768762775e-02,2.989433681959032807e-01,4.366253811042735578e+00,-1.441127429100370616e+00,-3.020330894452480930e-01,-8.951052232299963607e-02,-1.470267985968128910e-01,3.528802221659819993e-02,8.651495275445038021e-04,-8.297335073984694540e-03,-4.364797956213285648e-04
1.480000000000000071e+01,1.130842169884325443e+01,-5.137976797975377430e+00,2.275446473704525463e+00,9.457517023628997377e-01,1.017371654042054790e-01,-1.876545902178559239e-02,3.079790970194180022e-01,4.337690851816398130e+00,-1.394086150411896652e+00,-3.164812060952775230e-01,-8.805663169512184529e-02,-1.491106743592220396e-01,3.648760227265135381e-02,1.084897485298317405e-03,-8.376872575952570843e-03,-3.467438833710685111e-04
1.485000000000000142e+01,1.152506122282097856e+01,-5.207752746840002445e+00,2.259401060257065108e+00,9.427557827004460211e-01,1.006342203038471800e-01,-2.177478127487625023e-02,3.171910257071242079e-01,4.337613168778204908e+00,-1.415112800334989762e+00,-3.196095759505909739e-01,-8.804674426054401315e-02,-1.491209193754907403e-01,3.649256858169320356e-02,1.085825250215782670e-03,-8.377383648013237219e-03,-3.465134881599611378e-04
1.490000000000000036e+01,1.156795657431994861e+01,-5.204513007442587380e+00,2.212895538948789209e+00,9.397046787560955350e-01,9.891930445160031227e-02,-2.548365956395542975e-02,3.263750465736365292e-01,4.257828808049912261e+00,-1.434398686330273787e+00,-3.311703764985919340e-01,-8.430632822416798955e-02,-1.467451642067837958e-01,3.740401834396223785e-02,1.072202171205208178e-03,-8.310677726378104188e-03,-3.418959313018445534e-04
1.495000000000000107e+01,1.178513492969045018e+01,-5.279736496227314113e+00,2.197214253223580993e+00,9.365445137777661522e-01,9.761837798156564050e-02,-2.841525198602315450e-02,3.354811461879588230e-01,4.254619998629121547e+00,-1.458042217137682561e+00,-3.362204691249313648e-01,-8.441902550830034102e-02,-1.467811048520348827e-01,3.737275456178469624e-02,1.069852307932421141e-03,-8.311663736714318407e-03,-3.422826683955614599e-04
1.500000000000000000e+01,1.197842621567493282e+01,-5.341772226700201465e+00,2.176083809611975450e+00,9.333075839509984428e-01,9.577730778093858366e-02,-3.131601219155708687e-02,3.446490511146135249e-01,4.240160547686877557e+00,-1.474757989629496668e+00,-3.419036721458085237e-01,-8.396006114956117150e-02,-1.467353049726835834e-01,3.750993494379402382e-02,1.084536753079506401e-03,-8.312090500869714904e-03,-3.331029537069278806e-04
1.505000000000000071e+01,1.219023666997788702e+01,-5.416009379812235736e+00,2.158955540376594318e+00,9.300739340586587911e-01,9.411979093580954969e-02,-3.419897585791884659e-02,3.534605666677947955e-01,4.232011190772201559e+00,-1.495249444571720820e+00,-3.439619663693806451e-01,-8.396006114956117150e-02,-1.467353049726835834e-01,3.750993494379402382e-02,1.084536753079506401e-03,-8.312090500869714904e-03,-3.331029537069278806e-04
1.510000000000000142e+01,1.240159957612174324e+01,-5.491262385114417555e+00,2.141726588870885184e+00,9.266364476074439027e-01,9.251316956224427124e-02,-3.690345524360183482e-02,3.625249541950013032e-01,4.222326463360822402e+00,-1.515347462537433465e+00,-3.453081343261426017e-01,-8.396006114956117150e-02,-1.467353049726835834e-01,3.750993494379402382e-02,1.084536753079506401e-03,-8.312090500869714904e-03,-3.331029537069278806e-04
1.515000000000000036e+01,1.261244583968047550e+01,-5.567523825410146898e+00,2.124395742671398413e+00,9.231392701209880647e-01,9.075942827578244165e-02,-3.965695100138376394e-02,3.714888159511890442e-01,4.211844734813200652e+00,-1.535649555037553515e+00,-3.481474345941835691e-01,-8.396006114956117150e-02,-1.467353049726835834e-01,3.750993494379402382e-02,1.084536753079506401e-03,-8.312090500869714904e-03,-3.331029537069278806e-04
1.520000000000000107e+01,1.282277210035667636e+01,-5.644858208662310695e+00,2.106925217131480288e+00,9.195519065203729969e-01,8.899292813831656546e-02,-4.232323900212844880e-02,3.804120048006954802e-01,4.200058705649798441e+00,-1.558714493957609859e+00,-3.505585884460543089e-01,-8.396006114956117150e-02,-1.467353049726835834e-01,3.750993494379402382e-02,1.084536753079506401e-03,-8.312090500869714904e-03,-3.331029537069278806e-04
1.525000000000000000e+01,1.302662710431277659e+01,-5.721472701525627258e+00,2.088606792869512674e+00,9.159022335652121649e-01,8.681593217246166838e-02,-4.497590044147289218e-02,3.893112647365353229e-01,4.184675555225845223e+00,-1.580521841849638953e+00,-3.527930831559394909e-01,-8.382119934627298152e-02,-1.467204080722123161e-01,3.753468910674372799e-02,1.085438461128877688e-03,-8.312684400229834389e-03,-3.332974136014464172e-04
1.530000000000000071e+01,1.323551506522642640e+01,-5.801055285045534582e+00,2.070927235631398133e+00,9.121833253444925349e-01,8.471448742025539103e-02,-4.745941814779074119e-02,3.981113414783107873e-01,4.170831375944556996e+00,-1.601651159032786209e+00,-3.548665754124407656e-01,-8.382119934627298152e-02,-1.467204080722123161e-01,3.753468910674372799e-02,1.085438461128877688e-03,-8.312684400229834389e-03,-3.332974136014464172e-04
1.535000000000000142e+01,1.344369541539015778e+01,-5.881726102266744860e+00,2.053115755649438601e+00,9.083277827542179939e-01,8.246841605661095476e-02,-5.007045855097412568e-02,4.069797889458579565e-01,4.155804894326949217e+00,-1.625265532946588376e+00,-3.573093100945065048e-01,-8.382119934627298152e-02,-1.467204080722123161e-01,3.753468910674372799e-02,1.085438461128877688e-03,-8.312684400229834389e-03,-3.332974136014464172e-04
1.540000000000000036e+01,1.365110246615160428e+01,-5.963532701759723942e+00,2.035235002275459504e+00,9.044160999679303758e-01,8.002419581074453336e-02,-5.241313447602706510e-02,4.157890204635520948e-01,4.140132529515116566e+00,-1.647682892080010619e+00,-3.582919224697825311e-01,-8.382119934627298152e-02,-1.467204080722123161e-01,3.753468910674372799e-02,1.085438461128877688e-03,-8.312684400229834389e-03,-3.332974136014464172e-04
1.545000000000000107e+01,1.378770258629599610e+01,-5.908679906131075299e+00,1.978136985405998027e+00,9.006557429502979328e-01,7.532586173810056074e-02,-5.320911444637653476e-02,4.246340040362896473e-01,4.091611917814555355e+00,-1.588369943565723030e+00,-3.699786606791335419e-01,-7.946775550307655367e-02,-1.519487767977310277e-01,3.901407216447941306e-02,1.461078737388106074e-03,-8.647184886344515611e-03,-2.690556218829694688e-04
1.550000000000000000e+01,1.389639424827055159e+01,-5.870442753604284469e+00,1.929742218758837558e+00,8.966561629900827723e-01,7.117444514295960534e-02,-5.377744583643050830e-02,4.336472184273797992e-01,4.037860626947495923e+00,-1.550054694844368308e+00,-3.788477862790805006e-01,-7.529686824593261052e-02,-1.579356122338024526e-01,4.043731640004276373e-02,1.728214523408828918e-03,-9.050344538196392064e-03,-2.387708504202773496e-04
1.555000000000000071e+01,1.419794210970097481e+01,-5.910573473284093104e+00,1.908981184702963407e+00,8.926302525092393303e-01,6.780352481080988147e-02,-5.460120234500370762e-02,4.423037678236544923e-01,4.055155728549100225e+00,-1.520104293728681943e+00,-3.801838010022246528e-01,-7.614055408843890815e-02,-1.613372426753336419e-01,4.068927978909615134e-02,1.894448347104914438e-03,-9.233960824165839132e-03,-2.152574489478454819e-04
1.560000000000000142e+01,1.458010409953965691e+01,-5.961704194715171212e+00,1.899117462840508974e+00,8.885007954985939538e-01,6.465371552942164590e-02,-5.549068178439379995e-02,4.508957947261313937e-01,4.096304431008305436e+00,-1.484422166307421964e+00,-3.756883351099329915e-01,-7.975296359154264436e-02,-1.634884185566680970e-01,4.050433317635589170e-02,1.995882643966872920e-03,-9.297502073613583135e-03,-1.924884966811110253e-04
1.565000000000000036e+01,1.495186479826361392e+01,-5.959826440345397103e+00,1.881405320483332755e+00,8.843677699758777377e-01,6.089316051204222979e-02,-5.565231531205047655e-02,4.594436747101387497e-01,4.133653724634036131e+00,-1.416538309465594780e+00,-3.760787938912997785e-01,-8.277848589371275545e-02,-1.675814412179955359e-01,4.073797445987140109e-02,2.180492218862390037e-03,-9.474938272439274722e-03,-1.548912285468001559e-04
1.570000000000000107e+01,1.532599788115393480e+01,-5.950591829279027856e+00,1.865728766245713599e+00,8.801427167961786147e-01,5.679134680534283358e-02,-5.569131796170851550e-02,4.679978825832066813e-01,4.169078573084026296e+00,-1.347425798702413857e+00,-3.743408671178307667e-01,-8.616658432785895272e-02,-1.713100167674070085e-01,4.090593727092496634e-02,2.344797028949415808e-03,-9.622388716909810111e-03,-1.147681503686308460e-04
1.575000000000000000e+01,1.569055358041254777e+01,-5.943929034509558562e+00,1.853007727994439469e+00,8.758862627849756111e-01,5.310092215077168165e-02,-5.598535743353030836e-02,4.763078694335693419e-01,4.201359806527919183e+00,-1.282517727834266763e+00,-3.701786280303944743e-01,-8.982672174541533883e-02,-1.740712081942450973e-01,4.094008887807073366e-02,2.460715406830843357e-03,-9.707274224655285805e-03,-7.940921155646325021e-05
1.580000000000000071e+01,1.611579559849896981e+01,-5.953173246213396830e+00,1.846474376820237184e+00,8.716168630769859371e-01,4.929871138873904296e-02,-5.625219269414438034e-02,4.844474913469422050e-01,4.252599612799451201e+00,-1.216101264105500013e+00,-3.665972101971300967e-01,-9.360457539186599341e-02,-1.765850605543417828e-01,4.068916884906629422e-02,2.628528798697392713e-03,-9.764177339155799551e-03,-4.204986970578487773e-05
1.585000000000000142e+01,1.701773100768378910e+01,-5.897863429297564686e+00,1.884888388944598647e+00,8.677663713279053503e-01,4.505230344574062684e-02,-5.495369287957992122e-02,4.918657402030861547e-01,4.464044191527498207e+00,-1.028413785193586616e+00,-3.438897646692944954e-01,-1.079434201181437708e-01,-1.806825062125371195e-01,3.919126296336825771e-02,2.904358872931737858e-03,-9.713412678949063031e-03,8.574514436733847748e-05
1.590000000000000036e+01,1.764663818691406405e+01,-5.732624267595287648e+00,1.906326501354889347e+00,8.638384903863262076e-01,4.015537815194603066e-02,-5.457785371806775365e-02,4.991912118778498719e-01,4.568980350648296884e+00,-8.325462397485531296e-01,-3.273014931376831971e-01,-1.189945714248710207e-01,-1.825437715593334342e-01,3.822307962724496438e-02,3.119301017106792650e-03,-9.495662309292754802e-03,2.241891221189981729e-04
1.595000000000000107e+01,1.805013107387899751e+01,-5.416809535395017861e+00,1.909119303396743739e+00,8.600587644505932605e-01,3.405326085212362353e-02,-5.422197371705234775e-02,5.061613129065510863e-01,4.584552556514061017e+00,-5.862686229430570384e-01,-3.170992189247751614e-01,-1.271443093042626260e-01,-1.853640328314145602e-01,3.806737233299297557e-02,3.407297973401619828e-03,-9.280026768262061854e-03,4.079804271935651974e-04
1.600000000000000000e+01,1.826050381654058086e+01,-4.782795146376297879e+00,1.905600464911532121e+00,8.567595928375423275e-01,2.492511877876180115e-02,-5.342739226523066098e-02,5.123350976562609516e-01,4.514192431703945019e+00,-1.856594433602454242e-01,-3.044804635334411036e-01,-1.339105722208131510e-01,-1.904172937559359124e-01,3.846556851649848147e-02,3.983159069784998965e-03,-8.930539301865009910e-03,6.923838121447637405e-04
1.605000000000000071e+01,1.814938705419364595e+01,-3.920949510515259195e+00,1.921615428736418218e+00,8.532434485228214127e-01,1.476778184086263192e-02,-5.311942217175996683e-02,5.185902594153909417e-01,4.329060574652614513e+00,2.926128878320866100e-01,-2.882830397234109054e-01,-1.375821524270084417e-01,-1.975911013818592854e-01,3.898045805011218778e-02,4.606023635092937329e-03,-8.487715692419729036e-03,9.756958629181237313e-04
1.610000000000000142e+01,1.755985042556211795e+01,-2.939601485174833329e+00,1.948902951919332383e+00,8.490865441960632198e-01,4.801952880066402522e-03,-5.389106014594876454e-02,5.254757228931420387e-01,3.984833423077052572e+00,7.530102727404752727e-01,-2.680318103565358934e-01,-1.360887287893865205e-01,-2.055612265077411682e-01,3.985618949178273973e-02,5.046838709040064180e-03,-8.000551412918402439e-03,1.214795048256866669e-03
1.615000000000000213e+01,1.617354532485276408e+01,-1.404985785891359251e+00,2.063697775588018590e+00,8.445807273279786198e-01,-7.803718969085923773e-03,-5.563643838725290669e-02,5.324726131173092014e-01,3.367566990768169788e+00,1.405815158752305338e+00,-2.202129690438594245e-01,-1.302404613503667929e-01,-2.183134326801943748e-01,4.021472798931788328e-02,5.506281687960750022e-03,-7.171563124646401430e-03,1.525813035783914456e-03
1.619999999999999929e+01,1.306195523525344271e+01,5.449398236657134742e-01,2.171840561010657478e+00,8.392046712757553761e-01,-2.150633966621919371e-02,-6.186054983328728718e-02,5.398576381208622932e-01,2.176411416441565549e+00,2.027937068893190364e+00,-1.804852693668394514e-01,-1.058536724019904507e-01,-2.297784418320308053e-01,4.224206610954259894e-02,5.572571280387225712e-03,-5.885848961471545557e-03,1.876914825392718292e-03
1.625000000000000000e+01,9.666857684019090513e+00,1.942749217669924144e+00,2.226142841917924109e+00,8.335783701953279889e-01,-3.098120747860394833e-02,-7.029335151283711003e-02,5.470339205741826527e-01,9.308062255080327141e-01,2.295343639566614691e+00,-1.637051783548926498e-01,-7.469870047369919774e-02,-2.339741617812006180e-01,4.477546526905066410e-02,5.098814999156283008e-03,-4.709089404603150966e-03,2.171755498200974004e-03
1.630000000000000071e+01,9.783958671116035788e+00,1.917724709822960394e+00,2.021806670439228792e+00,8.295082161253489739e-01,-3.126223179514742850e-02,-7.021971339883478769e-02,5.531798840286162866e-01,8.983085630015815726e-01,2.215862228658082245e+00,-2.284688070329208287e-01,-8.266377337066581343e-02,-2.232655787018764104e-01,4.830706228835219412e-02,4.314807883618788746e-03,-4.544812367748469334e-03,2.286738381774035961e-03
1.635000000000000142e+01,9.699093319437210425e+00,1.943865472065890998e+00,1.970298861951959690e+00,8.250727072883073943e-01,-3.334860506651342316e-02,-7.032465517642690067e-02,5.596403676490619983e-01,7.902544128489576991e-01,2.188797322411788926e+00,-2.462354540591308316e-01,-8.651485707897627053e-02,-2.195383802100692172e-01,4.919310510176794216e-02,3.863556461701801118e-03,-4.418880171559877446e-03,2.396419851121407187e-03
1.640000000000000213e+01,9.649973198907989769e+00,1.984122624074400987e+00,1.949482431795640291e+00,8.203945111803644386e-01,-3.573672668537699465e-02,-7.005492298290599829e-02,5.663638761051104087e-01,6.943395135689768294e-01,2.183798684567571424e+00,-2.514855509339244399e-01,-8.990697121996774066e-02,-2.174645176576971983e-01,4.947404350538089218e-02,3.529865059448986184e-03,-4.324702585657781533e-03,2.499791204777774938e-03
1.644999999999999929e+01,9.625176123808678597e+00,2.037686154737389899e+00,1.933335486375634238e+00,8.155241832421817882e-01,-3.820169991358100814e-02,-6.943240669392214404e-02,5.732713821320358782e-01,6.083386861205359875e-01,2.187098551959261616e+00,-2.561656178234349990e-01,-9.266051735758912278e-02,-2.157658821258779669e-01,4.961013758431907089e-02,3.265704856404635058e-03,-4.245085316629461369e-03,2.568173055951233213e-03
1.650000000000000000e+01,9.610237288026004521e+00,2.098143356914408564e+00,1.918586201612237030e+00,8.104385453475785317e-01,-4.079817967506508408e-02,-6.891219183297983553e-02,5.803240323878346985e-01,5.271492210393434741e-01,2.195172970118231426e+00,-2.583020440734732359e-01,-9.496428620049625346e-02,-2.141998892132788157e-01,4.967886783921405397e-02,3.049159194431490943e-03,-4.171932384574514319e-03,2.609630083543748678e-03
1.655000000000000071e+01,9.615661180504607941e+00,2.181864875938241966e+00,1.908093821423044956e+00,8.050161290929677138e-01,-4.321294683815039839e-02,-6.780946125130579705e-02,5.877784872641608205e-01,4.548235514819764513e-01,2.213215835776376927e+00,-2.615250597970031898e-01,-9.733948575997911079e-02,-2.129696132096496053e-01,4.967018121273264475e-02,2.857318513494393891e-03,-4.117838193326710944e-03,2.625758647827630687e-03
1.660000000000000142e+01,9.637795910427380264e+00,2.293013366896565763e+00,1.894639022536269923e+00,7.993108504461607922e-01,-4.590532853595456070e-02,-6.662957752712986292e-02,5.954455177172782721e-01,3.914868071791121618e-01,2.241155343597206695e+00,-2.622057461306903647e-01,-9.935461935457327864e-02,-2.118448241966668921e-01,4.969616218850007872e-02,2.700437981438440042e-03,-4.078741768442042948e-03,2.616314979978046854e-03
1.665000000000000213e+01,9.662065354223940972e+00,2.406265826328410906e+00,1.888675802608843934e+00,7.934813379054496130e-01,-4.852703448309784312e-02,-6.530983944434243238e-02,6.031310953613718828e-01,3.278443964467553928e-01,2.272169902925657237e+00,-2.601972876265971624e-01,-1.010337783245078697e-01,-2.112951002063631067e-01,4.958275498423587307e-02,2.596187710913102492e-03,-4.050020160865070058e-03,2.614357253292844477e-03
1.669999999999999929e+01,9.690947131378893076e+00,2.532633078487682710e+00,1.897895141837807831e+00,7.875467675166746284e-01,-5.152635240479918471e-02,-6.389601641705312807e-02,6.107638030105623228e-01,2.622097203128100906e-01,2.315201244171974704e+00,-2.553241435303673645e-01,-1.031791202133593710e-01,-2.114837043235753555e-01,4.923747458954950279e-02,2.499843518696704368e-03,-4.029689669285851927e-03,2.617728005434628597e-03
1.675000000000000000e+01,9.716274838611651532e+00,2.666865258018015439e+00,1.901307848278444235e+00,7.815993364171681668e-01,-5.409952885685540003e-02,-6.216654618016134032e-02,6.183130589157392887e-01,1.997723646407533749e-01,2.358435015880035124e+00,-2.508206079107176967e-01,-1.048781122962492429e-01,-2.116720339488415425e-01,4.901309153815662512e-02,2.413305068601508292e-03,-4.028825652038035311e-03,2.627472633614554541e-03
1.680000000000000071e+01,9.744948265266470955e+00,2.823142506048250233e+00,1.901150144401473785e+00,7.756056433704111575e-01,-5.687214036412398255e-02,-6.027450141095564567e-02,6.257542889202074576e-01,1.425660111834978483e-01,2.410787256002510315e+00,-2.479690282503858034e-01,-1.063634984834845448e-01,-2.116111410808236282e-01,4.883994060832516637e-02,2.339509208882518520e-03,-4.034043994801121864e-03,2.658713451156758268e-03
1.685000000000000142e+01,9.764104711890805532e+00,2.978093300740471072e+00,1.889644153516074176e+00,7.696749581217153802e-01,-5.944111619530114549e-02,-5.838936887575289780e-02,6.329754293399419973e-01,8.297293902669840293e-02,2.457864628838504650e+00,-2.483576652272052043e-01,-1.076156971394569978e-01,-2.107424744964880858e-01,4.881513821324894725e-02,2.259134701694274182e-03,-4.007073987392350059e-03,2.706117530169516866e-03
1.690000000000000213e+01,9.792856058006448094e+00,3.174316473790047777e+00,1.876953950792078496e+00,7.633059441080913832e-01,-6.207841297454235602e-02,-5.594490305160689653e-02,6.406094552489556282e-01,2.913253810099972543e-02,2.517186023014173823e+00,-2.464288913250407831e-01,-1.086381694721312574e-01,-2.096682105827935294e-01,4.878337425341884581e-02,2.207851397947098275e-03,-3.991557123395364851e-03,2.739559853927965583e-03
1.694999999999999929e+01,9.816362956164750742e+00,3.381578421123407452e+00,1.858048074035581143e+00,7.568103322566255287e-01,-6.475086198377816293e-02,-5.366419420441531640e-02,6.482018212889908426e-01,-2.212361833653717427e-02,2.576214940839399059e+00,-2.470896582183983725e-01,-1.094736296693011313e-01,-2.081736529618351261e-01,4.882946411467446735e-02,2.155923662723577966e-03,-3.958766243886517600e-03,2.758253919077512887e-03
1.700000000000000000e+01,9.836027311279263330e+00,3.602375709173776919e+00,1.833126204988911212e+00,7.503247027489383658e-01,-6.725397382917158717e-02,-5.106250043849529241e-02,6.556541500653154664e-01,-7.121713227165843429e-02,2.636196848993631825e+00,-2.478712879393340784e-01,-1.101074299145296531e-01,-2.061627124493598251e-01,4.893799833770193924e-02,2.105076440652271612e-03,-3.907371230122933491e-03,2.782219867116444457e-03
1.705000000000000071e+01,9.847979428384006084e+00,3.828077203621457869e+00,1.805386379445906408e+00,7.436757386939001346e-01,-6.955898750739768210e-02,-4.869021804642151979e-02,6.631268397536171921e-01,-1.224456341472975052e-01,2.697712069679884195e+00,-2.490206469952823409e-01,-1.108644535451204088e-01,-2.038406538829863612e-01,4.908328343137782074e-02,2.033561625462411166e-03,-3.839874272516724096e-03,2.802088864385741691e-03
1.710000000000000142e+01,9.857154982572820856e+00,4.051901050798532467e+00,1.777471330666537064e+00,7.369278802683173479e-01,-7.186246029620596554e-02,-4.635380419254797602e-02,6.705403872402463383e-01,-1.738235421143558002e-01,2.756274034018967534e+00,-2.489181276133572984e-01,-1.115581796517477048e-01,-2.012077073543001859e-01,4.918965046942245373e-02,1.972746775517054268e-03,-3.761169330262301418e-03,2.825716473070935108e-03
1.715000000000000213e+01,9.858733205245023612e+00,4.259627611561597860e+00,1.754501905282802143e+00,7.303700214712330885e-01,-7.377339701849275344e-02,-4.367622825573041351e-02,6.776499868765700763e-01,-2.293295596370920064e-01,2.810864432999197415e+00,-2.493317478716929048e-01,-1.119989267234342972e-01,-1.990626399076148856e-01,4.922238797720295683e-02,1.929609021564744229e-03,-3.690655600682934100e-03,2.854916897478900970e-03
1.719999999999999929e+01,9.858356044352223790e+00,4.485347795115014691e+00,1.724674107449627014e+00,7.236073473350491669e-01,-7.575936450117472243e-02,-4.100911636074920652e-02,6.848147033675768824e-01,-2.818326624382995749e-01,2.869377539011032763e+00,-2.494351743487485951e-01,-1.122681478653528991e-01,-1.964744840666295123e-01,4.933839410560339478e-02,1.889010133311194110e-03,-3.599676657477531190e-03,2.881135756175794236e-03
1.725000000000000000e+01,9.854164303223893029e+00,4.710267417653048128e+00,1.696496291401116796e+00,7.167166412539304199e-01,-7.783123495215375776e-02,-3.814024747622694195e-02,6.919572794168433738e-01,-3.361544407913383270e-01,2.926710165880851200e+00,-2.519307640511885826e-01,-1.125229197434651912e-01,-1.939928571722879247e-01,4.942420341574702697e-02,1.853032200880827063e-03,-3.512723171060863105e-03,2.893517154178106010e-03
1.730000000000000071e+01,9.846457112715880200e+00,4.938833237190412895e+00,1.667625969042038303e+00,7.098004962420938480e-01,-7.974860583711992912e-02,-3.535674034923021875e-02,6.989801973685592085e-01,-3.889174574729962197e-01,2.983892543068161096e+00,-2.524295971013429396e-01,-1.127595277218086806e-01,-1.914343806607758658e-01,4.951569983036156058e-02,1.817658268045226630e-03,-3.425730275383145201e-03,2.902306818551179425e-03
1.735000000000000142e+01,9.834921741952161511e+00,5.168936062047431612e+00,1.636178137297117363e+00,7.027015896572135212e-01,-8.156463144557579703e-02,-3.262169698327924833e-02,7.060407294740889128e-01,-4.445215552232715805e-01,3.041793867987589106e+00,-2.552484926378835173e-01,-1.128445478341073699e-01,-1.888465478868180947e-01,4.963768982589535778e-02,1.788875053624943779e-03,-3.330178810585150261e-03,2.909294287240402673e-03
1.740000000000000213e+01,9.820056207907285284e+00,5.409386982016214596e+00,1.600985743959357110e+00,6.955364615172816567e-01,-8.327959427574582740e-02,-2.967026249712169036e-02,7.130310059181423910e-01,-4.970363569825183570e-01,3.102272048792058978e+00,-2.557203714363345259e-01,-1.128821322139371280e-01,-1.861503332886608186e-01,4.982501506184447426e-02,1.756612956761235186e-03,-3.232011070058287208e-03,2.916711192742506634e-03
1.744999999999999929e+01,9.801553490034185856e+00,5.657431820467055950e+00,1.563373934936769682e+00,6.882059013964860750e-01,-8.481501374288237527e-02,-2.685178127125946446e-02,7.200402992676210312e-01,-5.484592697055181709e-01,3.160671474967260863e+00,-2.606125140813753127e-01,-1.130269148187124234e-01,-1.830410469261435358e-01,5.001888337151470798e-02,1.713234886362501952e-03,-3.112724769762671446e-03,2.917021882764955429e-03
1.750000000000000000e+01,9.777973850289297886e+00,5.896756873604803495e+00,1.526758904263902927e+00,6.809947572829426754e-01,-8.609394112134509391e-02,-2.406448945260668271e-02,7.268114433625311177e-01,-6.024582214546621017e-01,3.213369650131823185e+00,-2.634807234711727952e-01,-1.131026429765077945e-01,-1.802382436738738380e-01,5.021123591745693671e-02,1.668576981581804727e-03,-2.991015827600248828e-03,2.933535803314119787e-03
1.755000000000000071e+01,9.751664512450103572e+00,6.132287088319074542e+00,1.494534122740651894e+00,6.736525193676927703e-01,-8.757886838931067119e-02,-2.111022946170001968e-02,7.335370359929227480e-01,-6.556412493660502827e-01,3.268629342674131077e+00,-2.643220602636883187e-01,-1.130688390065838628e-01,-1.775471333264161677e-01,5.030974387354560790e-02,1.637878153777101459e-03,-2.878155714274448045e-03,2.945170089240501700e-03
1.760000000000000142e+01,9.725102254181839712e+00,6.445877541315759629e+00,1.455749638106490051e+00,6.654818072807141549e-01,-8.873662259365201754e-02,-1.748650431276004696e-02,7.409142987930427138e-01,-6.965453917153381358e-01,3.346938775060775306e+00,-2.646533986783067283e-01,-1.131611617157736310e-01,-1.727586933978785821e-01,5.037773455536715544e-02,1.598564518635059179e-03,-2.761200800947730995e-03,2.862975615853890262e-03
1.765000000000000213e+01,9.692640367381587296e+00,6.753653851608082626e+00,1.415941540531072462e+00,6.570097358381304931e-01,-8.987024913978679252e-02,-1.403048097613344633e-02,7.483746995570074168e-01,-7.419722326315500993e-01,3.420094389315373462e+00,-2.662869017459472687e-01,-1.126034223549189778e-01,-1.684898650333858938e-01,5.045219673068380289e-02,1.605348751506523175e-03,-2.641087952376842615e-03,2.729428691517233989e-03
1.769999999999999929e+01,9.653916189357515165e+00,7.090724021448503223e+00,1.367918860311416962e+00,6.477393503918636997e-01,-9.091498503397504871e-02,-1.083248450669517353e-02,7.563404370583465264e-01,-7.914217404787750043e-01,3.494877047902795741e+00,-2.703203677520477077e-01,-1.114190732298470932e-01,-1.645757697595083835e-01,5.066670920116972399e-02,1.649292348079225718e-03,-2.522756256089440149e-03,2.494739762982264332e-03
1.775000000000000000e+01,9.613228087627748053e+00,7.401800479274244005e+00,1.324179166288274700e+00,6.387135172600986177e-01,-9.218671916377360609e-02,-7.652042556476546659e-03,7.638639263139523905e-01,-8.399187796832355835e-01,3.564307948001401272e+00,-2.722867334884647161e-01,-1.103930307441885750e-01,-1.606064110069067852e-01,5.079439369016387762e-02,1.690200267223281472e-03,-2.397042525511598483e-03,2.303822476675373293e-03
1.780000000000000071e+01,9.567106042046745529e+00,7.694302723618724471e+00,1.283371327157636133e+00,6.298484500367657057e-01,-9.305220695126559249e-02,-4.366120558832445840e-03,7.711116350821382026e-01,-8.906319226473105033e-01,3.625011142128671260e+00,-2.739293593278646077e-01,-1.094617919170360054e-01,-1.568901801208055502e-01,5.088693236174188228e-02,1.724811905379543828e-03,-2.268000857091458621e-03,2.127901589998843369e-03
1.785000000000000142e+01,9.515955687803950624e+00,7.973155079245345611e+00,1.245980868372061012e+00,6.208655515646122058e-01,-9.384590240739848488e-02,-1.150863471270502023e-03,7.782786062811833938e-01,-9.462643797876773011e-01,3.682057404253909816e+00,-2.734883562469938023e-01,-1.083350196057241699e-01,-1.539735457772974103e-01,5.095822909075999052e-02,1.773907952205992138e-03,-2.151446748232586133e-03,1.944292040627339192e-03
1.790000000000000213e+01,9.464039455045114124e+00,8.230554567274172229e+00,1.211756209725012301e+00,6.121134854175217521e-01,-9.458498323645560257e-02,2.006938593248047253e-03,7.850902713151244328e-01,-1.005226223749450698e+00,3.732286843465935089e+00,-2.723324918388706495e-01,-1.071135286785133561e-01,-1.513252858872881912e-01,5.096559703654020279e-02,1.835815585940549308e-03,-2.024943570511346467e-03,1.798284195308594204e-03
1.794999999999999929e+01,9.406725706364287731e+00,8.485279002513578916e+00,1.177380964361493865e+00,6.033463058621241215e-01,-9.505381170425425408e-02,5.044990896765370360e-03,7.917780977962652900e-01,-1.061012964034369954e+00,3.779859261761175482e+00,-2.706132796351067293e-01,-1.057837960581129166e-01,-1.487929665053470962e-01,5.098940572762916679e-02,1.897860927048478910e-03,-1.900412540443599790e-03,1.664495800354474963e-03
1.800000000000000000e+01,9.345258898564848593e+00,8.730562634459113625e+00,1.145344363478700167e+00,5.946036608572768944e-01,-9.550661067342514077e-02,8.078523853737688831e-03,7.982854823088941787e-01,-1.120713244583028123e+00,3.822350656465310248e+00,-2.703411070826607365e-01,-1.046501902127944111e-01,-1.465183879325540617e-01,5.099841131101214009e-02,1.950688122968214505e-03,-1.776755860001979223e-03,1.526560760818938605e-03
1.805000000000000071e+01,9.291791513413555137e+00,8.934264637989155489e+00,1.132532779047487947e+00,5.861554205380784532e-01,-9.597775485407666896e-02,1.116772038632503523e-02,8.044161706283458058e-01,-1.184282000602643770e+00,3.866604318235887572e+00,-2.633418569256309461e-01,-1.041089720900188892e-01,-1.452004649036744699e-01,5.073265729823021181e-02,2.004339245578668459e-03,-1.700084230474207137e-03,1.422406447859067080e-03
1.810000000000000142e+01,9.231125286665651686e+00,9.142745532027156230e+00,1.112277053732196652e+00,5.775470524212327206e-01,-9.633259260220022879e-02,1.425128279879559964e-02,8.105284293475911728e-01,-1.246275995435542017e+00,3.906443343180749928e+00,-2.610226848389370358e-01,-1.032151747791844182e-01,-1.442841123564591044e-01,5.063770662777251214e-02,2.073687457270866844e-03,-1.617059890592318326e-03,1.319156762533962770e-03
1.815000000000000213e+01,9.168453464845192968e+00,9.345362407215231926e+00,1.090107955160779518e+00,5.690978639451067522e-01,-9.634865281831268835e-02,1.717895623423979293e-02,8.164247925044382237e-01,-1.308587528241876186e+00,3.941360707390599405e+00,-2.585920399135248626e-01,-1.025142758100748008e-01,-1.430642731060544071e-01,5.053926586450908226e-02,2.132907657512463605e-03,-1.501202149288563157e-03,1.230443689572529621e-03
1.819999999999999929e+01,9.106464209962089384e+00,9.554988514911791242e+00,1.058759880875375314e+00,5.605039888959668648e-01,-9.617647757764959116e-02,1.996151115588455649e-02,8.223058443577055954e-01,-1.373405950497051276e+00,3.970980042434874679e+00,-2.597280795706417567e-01,-1.021098170109509679e-01,-1.412100728782098580e-01,5.055043577145593853e-02,2.182284951881129087e-03,-1.331338542222190811e-03,1.145515813041593847e-03
1.825000000000000000e+01,9.038426577258105610e+00,9.764970420829492070e+00,1.026807132393286137e+00,5.518501887503853842e-01,-9.616531847925399723e-02,2.255721011638454204e-02,8.280729273256751677e-01,-1.440474555218657970e+00,4.000919816271391483e+00,-2.620160005465966280e-01,-1.013018947116317708e-01,-1.398655103920000142e-01,5.058943462936943414e-02,2.258451099845647670e-03,-1.175365340657195858e-03,1.051572526899079022e-03
1.830000000000000071e+01,8.965055123627974965e+00,9.969801753495511676e+00,1.000284248764740980e+00,5.430847891504160252e-01,-9.593757616758281925e-02,2.516592668168854754e-02,8.337994779362656317e-01,-1.507121167075001544e+00,4.030042683395721248e+00,-2.608944040045224622e-01,-1.003154796279296518e-01,-1.386782812600372561e-01,5.053263397386959649e-02,2.343263793167478688e-03,-1.045637691458830816e-03,9.572281841367311084e-04
1.835000000000000142e+01,8.887249592544140597e+00,1.016512101836278958e+01,9.829484886375822184e-01,5.342213709520244880e-01,-9.562108134882109367e-02,2.832125679479545119e-02,8.394415060225369762e-01,-1.572025760314352150e+00,4.058787111521709789e+00,-2.565060038061719450e-01,-9.953046408361122810e-02,-1.378116891219818563e-01,5.035917113051986693e-02,2.410642166927161063e-03,-9.501923086943585804e-04,8.777532328990584340e-04
1.840000000000000213e+01,8.804089958845032982e+00,1.036082254336016106e+01,9.652052463088757195e-01,5.255996204325317223e-01,-9.510338317960218002e-02,3.129570603168461279e-02,8.448200780597906467e-01,-1.635610307285918941e+00,4.085285405910241252e+00,-2.529289003895816568e-01,-9.875935120858440885e-02,-1.372371996827941310e-01,5.023088097734827728e-02,2.470772393234212973e-03,-8.603349172636587253e-04,8.059011603972126908e-04
1.844999999999999929e+01,8.717913207555811894e+00,1.055804831215926498e+01,9.460013577144910091e-01,5.167339739246205044e-01,-9.469836027768266384e-02,3.400073366767984717e-02,8.502130149926236946e-01,-1.702370215747559534e+00,4.109528367114561931e+00,-2.478935357042049703e-01,-9.805157536345487923e-02,-1.365243077906120595e-01,5.010809127514165295e-02,2.530727269553012266e-03,-7.518455708108225544e-04,7.286638355323475733e-04
1.850000000000000000e+01,8.625263129591223432e+00,1.074744744342129721e+01,9.272394468510446464e-01,5.077557997876743778e-01,-9.397058256620630101e-02,3.660937178383833618e-02,8.555777762960767863e-01,-1.770404403515365876e+00,4.126261229688652499e+00,-2.433769558925495402e-01,-9.712497051033631978e-02,-1.361432067911286237e-01,4.997073243069371368e-02,2.605675380708608740e-03,-6.329618784970608225e-04,6.406141429281475780e-04
1.855000000000000071e+01,8.523632902736533623e+00,1.093386314744767773e+01,9.077934775052773908e-01,4.985739196369123327e-01,-9.315335101070429391e-02,3.907183691085394650e-02,8.609412822102177065e-01,-1.842269257454693721e+00,4.137603721345024077e+00,-2.393887642641823466e-01,-9.580834293101365973e-02,-1.359721567562121036e-01,4.984654789366640970e-02,2.694345858007949311e-03,-5.110714323321528113e-04,5.513537321918053190e-04
1.860000000000000142e+01,8.414077103893417231e+00,1.111725465097520527e+01,8.882447892582728821e-01,4.892305972759706800e-01,-9.194425928681036753e-02,4.134036752133492254e-02,8.663086343136595646e-01,-1.914527379424514786e+00,4.143041735087937383e+00,-2.345757977884348755e-01,-9.440433648397393573e-02,-1.358395541787416061e-01,4.973808301867900517e-02,2.778867214696735186e-03,-3.815777780285771882e-04,4.657105764055870906e-04
1.865000000000000213e+01,8.289965662013679903e+00,1.128862920223793509e+01,8.722700424393998730e-01,4.797338099068356176e-01,-9.056238375245093120e-02,4.356410061118120430e-02,8.716398886118538192e-01,-1.985827547251463709e+00,4.138133250485476644e+00,-2.279483330953911702e-01,-9.282055026287841515e-02,-1.362421695106010300e-01,4.963420511991210871e-02,2.850523877671171189e-03,-2.613626204867843038e-04,3.812194543912159213e-04
1.869999999999999929e+01,8.143802604364703157e+00,1.144352675169730915e+01,8.632826895016523228e-01,4.698075099795117615e-01,-8.928458268443426049e-02,4.571157107178385609e-02,8.770516627496163231e-01,-2.056583449851914658e+00,4.119163719852990013e+00,-2.187547872588211928e-01,-9.028119602834534796e-02,-1.369454898228496253e-01,4.941383650640093772e-02,2.937446302227512789e-03,-1.576946979363491477e-04,2.765263680138685940e-04
1.875000000000000000e+01,7.974202810736493952e+00,1.158304806071033966e+01,8.604855929758575828e-01,4.596853564995272423e-01,-8.776707815487395925e-02,4.739389609712239826e-02,8.824625383690766212e-01,-2.125139508878167049e+00,4.086651120455806918e+00,-2.062214983971350779e-01,-8.677422841734862280e-02,-1.380997583370239534e-01,4.914700971018843428e-02,3.030211600517660007e-03,-7.824406662278877956e-05,1.701456964649974274e-04
1.880000000000000071e+01,7.775146257495886282e+00,1.170327860128826103e+01,8.662614924767058078e-01,4.490811221987131563e-01,-8.601578838835136076e-02,4.907890299796341393e-02,8.879857493863240192e-01,-2.193413788194616298e+00,4.036646097184422466e+00,-1.910053226360198531e-01,-8.251899410243179744e-02,-1.398139546017773127e-01,4.883977319393243560e-02,3.110728468048185816e-03,-2.526443289867585733e-05,3.154538267085402648e-05
1.885000000000000142e+01,7.558767451851934993e+00,1.181235722359646267e+01,8.715441601547769812e-01,4.382284816500258140e-01,-8.390412020784256131e-02,5.068532435407438475e-02,8.935025989766247623e-01,-2.264333782406327877e+00,3.968052284023068310e+00,-1.778400016733342193e-01,-7.865073609698525203e-02,-1.418173314546508912e-01,4.867982386750790286e-02,3.155414139091939837e-03,4.802799178844183886e-05,-1.294156469215092481e-04
1.890000000000000213e+01,7.366307469144581788e+00,1.195094920202682687e+01,8.669440496145845998e-01,4.272753610729964069e-01,-8.180515340613235542e-02,5.231659298526614155e-02,8.988919049555145202e-01,-2.331046532316342734e+00,3.920241709004088193e+00,-1.691883372471559288e-01,-7.637876862099401976e-02,-1.427437086800120991e-01,4.865745036701652620e-02,3.176629354590818338e-03,1.550234154679551609e-04,-3.002404155747614642e-04
1.894999999999999929e+01,7.167712316797456573e+00,1.208616329064304118e+01,8.668410048028680759e-01,4.162351693978683653e-01,-7.971527019365735878e-02,5.408475331756797122e-02,9.041397009936339435e-01,-2.394702888751861547e+00,3.875833419960377224e+00,-1.608420484983291987e-01,-7.396336949100200397e-02,-1.436063844604883177e-01,4.857342548477064370e-02,3.195405923946032217e-03,2.397279382669655502e-04,-4.740290958231050907e-04
1.900000000000000000e+01,6.970090427374771913e+00,1.222175931669496585e+01,8.693966476970544921e-01,4.051910709383427789e-01,-7.740502489210641934e-02,5.577494743030841223e-02,9.092402396465071313e-01,-2.451140268593547056e+00,3.833615881182717455e+00,-1.491002595841626199e-01,-7.174765027586291199e-02,-1.442074861778702421e-01,4.843692911346494934e-02,3.206422445006917605e-03,3.157316279546943500e-04,-6.625975593999705853e-04
1.905000000000000071e+01,6.772412403651453694e+00,1.236568493110237199e+01,8.700352640370626611e-01,3.938478731098374319e-01,-7.532292898135886650e-02,5.754132838859850330e-02,9.142752893651899804e-01,-2.512133513221402659e+00,3.798701527481602280e+00,-1.366028250337175398e-01,-6.885344680168638265e-02,-1.450098487817584048e-01,4.830221037228345227e-02,3.275601927182493489e-03,3.659182270092394386e-04,-8.781177191716807396e-04
1.910000000000000142e+01,6.568069506194441409e+00,1.249613917518036033e+01,8.747912124681690438e-01,3.825423945084300836e-01,-7.295015427958932708e-02,5.928867444070801129e-02,9.191433209665424986e-01,-2.570536257118581691e+00,3.756973526316378376e+00,-1.238163378491480143e-01,-6.613974269100955650e-02,-1.455337556187951131e-01,4.810836223426050856e-02,3.318716672516442041e-03,4.328913665227882208e-04,-1.089057046489064380e-03
1.915000000000000213e+01,6.354435067346611454e+00,1.261295128415316746e+01,8.839203578996095434e-01,3.709554926043473477e-01,-7.050895147457034162e-02,6.070460244932321392e-02,9.239780633273131372e-01,-2.623333045274963471e+00,3.704527220253628794e+00,-1.088419375992170229e-01,-6.344112820357344917e-02,-1.461816577994543009e-01,4.790284240565392121e-02,3.341902073773263867e-03,4.990691145755669043e-04,-1.294152360004107707e-03
1.920000000000000284e+01,6.120014465873135023e+00,1.270560733873195325e+01,9.001204869670521580e-01,3.592736212029215559e-01,-6.762377437086393439e-02,6.198162269851819478e-02,9.287129635658354365e-01,-2.671652716106065029e+00,3.635045149785293361e+00,-9.411541440969903305e-02,-6.036137974080561797e-02,-1.475293608270566159e-01,4.772325280854620294e-02,3.347946921794849734e-03,5.464744342006296876e-04,-1.501820120182143165e-03
1.925000000000000000e+01,5.867735632608223284e+00,1.277485969841930569e+01,9.248935134291232929e-01,3.471010492338872933e-01,-6.467168398164038767e-02,6.299071743130281453e-02,9.334723372597621971e-01,-2.718193056612574932e+00,3.549371752113713363e+00,-7.495560885634468262e-02,-5.717603767404721982e-02,-1.492546110389511571e-01,4.754378666954605509e-02,3.317621683068932344e-03,5.735849836330665207e-04,-1.714270525723509157e-03
1.930000000000000071e+01,5.599695569774449488e+00,1.282367719365629810e+01,9.557551815750330304e-01,3.347433572259145285e-01,-6.153345838401972495e-02,6.411876514701790597e-02,9.381094297833528772e-01,-2.758730809894470948e+00,3.452228282235862977e+00,-5.407473110884311596e-02,-5.355066959990958941e-02,-1.512635463639382949e-01,4.737310944030359572e-02,3.275502006824473292e-03,5.860250759703715959e-04,-1.929534586980206738e-03
1.935000000000000142e+01,5.297282968896054989e+00,1.282982346305795573e+01,9.986400264711488006e-01,3.217724834733229344e-01,-5.811794923132453106e-02,6.511320249115287728e-02,9.427857888820245780e-01,-2.794497644350734777e+00,3.325516458744106618e+00,-2.782401956022538536e-02,-4.881307001344809687e-02,-1.540390474785756914e-01,4.719441322231385239e-02,3.221534466067391134e-03,5.727731375075597545e-04,-2.159402081610836948e-03
1.940000000000000213e+01,4.990085974234006905e+00,1.281862083508225147e+01,1.045865361689781725e+00,3.087587939766726075e-01,-5.481009402174231993e-02,6.598616377479987749e-02,9.472643173505922443e-01,-2.818999107172362351e+00,3.195470548863110327e+00,-6.847484128585795693e-04,-4.365737288806745969e-02,-1.563159224081031584e-01,4.697521554914966396e-02,3.160345324694106405e-03,5.610994589659484876e-04,-2.371485713513597597e-03
1.945000000000000284e+01,4.693264104993133401e+00,1.280742413154370496e+01,1.092387966908911379e+00,2.959421287345980200e-01,-5.133030501099721671e-02,6.675938626078857518e-02,9.514865425078776751e-01,-2.842216670174944060e+00,3.070399083809159713e+00,2.359794235699186338e-02,-3.890879826573682282e-02,-1.583655112016586208e-01,4.679439841639744524e-02,3.092605561052052480e-03,5.487022065621578737e-04,-2.560852400625519484e-03
1.950000000000000000e+01,4.403238567637359324e+00,1.279288773857877004e+01,1.138083929782703452e+00,2.833994124159031069e-01,-4.795133002361674779e-02,6.743590790631009968e-02,9.554254765894295565e-01,-2.860352160996651794e+00,2.947560635623407421e+00,4.648948469361371960e-02,-3.393269248046610481e-02,-1.606538199995673211e-01,4.665856427304327508e-02,3.051459774005202668e-03,5.192209075253882049e-04,-2.724197573960215977e-03
1.955000000000000071e+01,4.127254616070207938e+00,1.279581077384001730e+01,1.176654944458714658e+00,2.708375551508778734e-01,-4.481842871637701370e-02,6.828532025246854265e-02,9.591535029416866642e-01,-2.879735445919970882e+00,2.838673705788631541e+00,6.772811215601010071e-02,-2.849124594903392274e-02,-1.635643793175907967e-01,4.663182216381996092e-02,3.085429510610881478e-03,4.487884312232742518e-04,-2.895623870658483624e-03
1.960000000000000142e+01,3.799149624963842786e+00,1.273889850685542413e+01,1.226255984810329602e+00,2.575244919804041688e-01,-4.194834421505384131e-02,6.843620575140789419e-02,9.629319592734478794e-01,-2.897786705743936153e+00,2.683522654834157084e+00,9.096367310508507442e-02,-2.015577312203649038e-02,-1.692063506533052486e-01,4.683429487361863430e-02,3.185189657971467837e-03,2.841492108967646037e-04,-3.077069671122271890e-03
1.965000000000000213e+01,3.486770086825496939e+00,1.266681241336372388e+01,1.279547740345808648e+00,2.446501859266901335e-01,-3.870054477236010981e-02,6.868077752580233064e-02,9.664013168238181350e-01,-2.902223059569882579e+00,2.529739528185529718e+00,1.160908700181182418e-01,-1.241661308294694961e-02,-1.738209605666369284e-01,4.696275246830274031e-02,3.242770954813069609e-03,1.511676228482092721e-04,-3.226390276721081366e-03
1.970000000000000284e+01,3.183018873944190474e+00,1.257361554561464523e+01,1.337096454646301558e+00,2.319386107866330260e-01,-3.519052756005170562e-02,6.885503534380443824e-02,9.696520467179015057e-01,-2.893103485784946471e+00,2.373877950285378180e+00,1.419204148209260996e-01,-4.772717220958988191e-03,-1.777971500264368399e-01,4.706395572737594180e-02,3.272574247590034728e-03,3.455272689265035031e-05,-3.347057066404396375e-03
1.975000000000000000e+01,2.894515591188198123e+00,1.247520421629063847e+01,1.394875591769376033e+00,2.196699774005372308e-01,-3.145491367792640353e-02,6.885547087399103428e-02,9.726328256670564443e-01,-2.880283479549783809e+00,2.223692328523873218e+00,1.650210229923444183e-01,2.162050341783794405e-03,-1.814046395901114384e-01,4.719926908810399141e-02,3.275223165172055136e-03,-7.049814874766509288e-05,-3.438259729314413916e-03
1.980000000000000071e+01,2.624546232132279666e+00,1.238056815275933964e+01,1.451970743179767709e+00,2.075060250249903260e-01,-2.772327970988597637e-02,6.928865904075551252e-02,9.753828740903693895e-01,-2.862418926019068888e+00,2.082975496020359252e+00,1.877064121030207478e-01,8.320508715333609084e-03,-1.846435174703657534e-01,4.732656540009733820e-02,3.259961329459365627e-03,-1.660831223865633153e-04,-3.506398080179192259e-03
1.985000000000000142e+01,2.362623752239512154e+00,1.227874629668562712e+01,1.511028902607091329e+00,1.956245263737754481e-01,-2.388516407704211267e-02,6.939206862589362979e-02,9.779290794479260640e-01,-2.840939202320324597e+00,1.939928913958445245e+00,2.111924862677231618e-01,1.406534666532338607e-02,-1.880023653284160490e-01,4.749061672179084870e-02,3.226176942358203494e-03,-2.650516698398143467e-04,-3.567047627733135277e-03
1.990000000000000213e+01,2.077715719298072194e+00,1.208359331460090935e+01,1.595468004501590986e+00,1.837154730106423939e-01,-1.955379858102787236e-02,6.930021910081499148e-02,9.803385912887992992e-01,-2.790071843815046471e+00,1.752302147893999518e+00,2.392104821363200684e-01,2.209569068367232825e-02,-1.928205332613477929e-01,4.771158002429165546e-02,3.157815630636590272e-03,-4.352345754138915571e-04,-3.547809106139122523e-03
1.995000000000000284e+01,1.799009716865069830e+00,1.179889889167463579e+01,1.708515399503062193e+00,1.725619669125778022e-01,-1.470699519033834626e-02,6.930713544817755645e-02,9.824472468502833955e-01,-2.698632888792560802e+00,1.535045424372564193e+00,2.795593062224273062e-01,3.190127244000767748e-02,-1.978497492381292855e-01,4.780860971261415709e-02,3.029460147175304374e-03,-6.617061446963731254e-04,-3.446253327740961356e-03
2.000000000000000000e+01,1.561883375356386106e+00,1.159191521422550863e+01,1.801131393074615339e+00,1.615360980772324873e-01,-1.052997927732463382e-02,6.948946487215282297e-02,9.843609210173795976e-01,-2.625000350351773815e+00,1.367781484394237967e+00,3.117367278526408936e-01,3.980009563876001077e-02,-2.022920658835206109e-01,4.794388827544573267e-02,2.951706577143525367e-03,-8.767620034325771449e-04,-3.391387715924264797e-03
2.005000000000000071e+01,1.370377195037260298e+00,1.148629898892905210e+01,1.865898411753661668e+00,1.510640345725855482e-01,-6.827245401196365207e-03,6.952322671818199351e-02,9.860525174277365856e-01,-2.584108023276427080e+00,1.254264506429305426e+00,3.312749845523126346e-01,4.478883752474645263e-02,-2.064496898265968661e-01,4.812261813079916212e-02,2.936232165027352452e-03,-1.053147008984651502e-03,-3.351958872675617034e-03
2.010000000000000142e+01,1.200118161462651489e+00,1.140658681659891016e+01,1.923892764647935794e+00,1.407737965740700203e-01,-3.468419802684391540e-03,6.959169859295993854e-02,9.875868082093550715e-01,-2.550076973730645236e+00,1.157000193239524410e+00,3.504290179808113304e-01,4.863040874962608340e-02,-2.107616284165697851e-01,4.834244824757595593e-02,2.929596223278404035e-03,-1.223364744200129478e-03,-3.302631843546826890e-03
2.015000000000000213e+01,1.046016710393796734e+00,1.133962391251438007e+01,1.976943523416799353e+00,1.306295183309043595e-01,-1.664473566303949074e-04,6.939036736753609325e-02,9.889999383986390891e-01,-2.516037823584803323e+00,1.068388236936160585e+00,3.666022105614294424e-01,5.165637982760378638e-02,-2.147262362568260197e-01,4.858590895631779288e-02,2.916240820528541878e-03,-1.368470467510846979e-03,-3.250585123675451237e-03
2.020000000000000284e+01,8.972840625754519017e-01,1.130638588931554089e+01,2.020081035389769575e+00,1.206417886201636425e-01,2.936949811585632796e-03,6.920657774122460082e-02,9.902764173510747447e-01,-2.494973906015728105e+00,9.937761731545532440e-01,3.787437802249753460e-01,5.359344140063027062e-02,-2.184239867894413600e-01,4.886719497644625293e-02,2.908733430182053326e-03,-1.493789036769098758e-03,-3.221348814416025684e-03
2.025000000000000000e+01,7.365940945271733931e-01,1.131551125440759797e+01,2.045305977259086916e+00,1.100670301192881728e-01,5.778969593968616598e-03,6.867970008334248200e-02,9.915316188541914988e-01,-2.494975693796796623e+00,9.289404661147131481e-01,3.826145719348363339e-01,5.434204209002949787e-02,-2.224356271879657510e-01,4.934577394703570929e-02,2.929317531017358416e-03,-1.575628870126625190e-03,-3.236003960763328153e-03
2.030000000000000071e+01,6.020971927397702483e-01,1.130322400895118840e+01,2.077716675107961208e+00,9.978294596171739805e-02,9.241519892241499556e-03,6.810997499820807544e-02,9.926323535483949634e-01,-2.476526637490498395e+00,8.634490107320565988e-01,3.885755568721452335e-01,5.466844990821321387e-02,-2.259630832287673474e-01,4.976541101561592767e-02,2.898130991393983464e-03,-1.647432204626273714e-03,-3.216366207332290242e-03
2.035000000000000142e+01,4.642674301513860513e-01,1.132865306064092792e+01,2.100250079973163153e+00,8.897867345897664260e-02,1.242595574361067372e-02,6.783335538412030297e-02,9.936433098404428010e-01,-2.472704249459962256e+00,8.185225966666368480e-01,3.914419750567263434e-01,5.365230294836974279e-02,-2.279021382186184053e-01,5.006911210411321700e-02,2.854281694841345231e-03,-1.668513265837510582e-03,-3.298542562221639697e-03
2.040000000000000213e+01,3.148615522795852883e-01,1.138736629055772198e+01,2.108025857658677005e+00,7.753748466037102549e-02,1.523115517904782314e-02,6.692915650652490889e-02,9.946237672576397904e-01,-2.483918257186831013e+00,7.765018364390596783e-01,3.884767807172187504e-01,5.288033833282955454e-02,-2.314068357606163251e-01,5.060483595829356335e-02,2.908622123204568973e-03,-1.720884508967670092e-03,-3.439874525929496885e-03
2.045000000000000284e+01,1.932017809948872178e-01,1.142693793165737404e+01,2.121758977718485983e+00,6.683814108975169588e-02,1.814646184865819148e-02,6.588087951650410667e-02,9.954210559015583826e-01,-2.481743634669243193e+00,7.309464643434518960e-01,3.868048685465121372e-01,5.167669267409855105e-02,-2.348106996600635987e-01,5.111154706966401090e-02,2.922767253708471059e-03,-1.761523484254524366e-03,-3.524856876653017796e-03
2.050000000000000000e+01,9.184451176996726030e-02,1.145283741788924381e+01,2.139907501945156998e+00,5.675126287900693345e-02,2.126425461442892073e-02,6.480060862823625034e-02,9.960562267054710039e-01,-2.468294447172326933e+00,6.796350706647205087e-01,3.854777687844996303e-01,5.029092366089033678e-02,-2.386883107841543394e-01,5.163278583549735928e-02,2.924794509902646240e-03,-1.812126456322708194e-03,-3.570804769247609093e-03
2.055000000000000071e+01,1.026755825000498501e-02,1.146813356787679972e+01,2.161755223694104444e+00,4.725444090429305188e-02,2.450522293101358579e-02,6.345800250874361614e-02,9.965638934767425683e-01,-2.444371229794030764e+00,6.238757057811786799e-01,3.841902740742050293e-01,4.847410949941449720e-02,-2.428853531889072492e-01,5.217746575870819276e-02,2.898987190028554962e-03,-1.863821845833698969e-03,-3.590581515354733522e-03
2.060000000000000142e+01,-5.777684408073022887e-02,1.147947157138853846e+01,2.182871243531694816e+00,3.763135238227506563e-02,2.753218769554601972e-02,6.164465808405920899e-02,9.970084232784985900e-01,-2.416715109950813734e+00,5.636906162363085615e-01,3.831388364666234447e-01,4.707867650893610145e-02,-2.480909357857437880e-01,5.281781796036193882e-02,2.910831387578643233e-03,-1.950409426287585480e-03,-3.591356593337238258e-03
2.065000000000000213e+01,-1.091105412102312960e-01,1.148486814117331711e+01,2.206579998948167809e+00,2.864765918488757987e-02,3.078991149189412926e-02,5.984843300571896646e-02,9.973211408770535913e-01,-2.380644261671756023e+00,5.009010947930468971e-01,3.820804814971249797e-01,4.490174717010860655e-02,-2.531897916488517475e-01,5.344088779293623692e-02,2.882407575364727241e-03,-2.013777745806798278e-03,-3.566778577197875916e-03
2.070000000000000284e+01,-1.495703426466979402e-01,1.148627526760963669e+01,2.231295980785426014e+00,1.968739984900370887e-02,3.394567084405711310e-02,5.810764907636622317e-02,9.975387705933791427e-01,-2.342600776116312566e+00,4.376089389299903099e-01,3.796363371783161855e-01,4.242600130967808664e-02,-2.583636028448238475e-01,5.407757992056689417e-02,2.840224798070928487e-03,-2.077849154973220556e-03,-3.530178940181380367e-03
2.075000000000000000e+01,-1.826126367397690742e-01,1.148400190052769787e+01,2.256348597055767957e+00,1.096958495367450839e-02,3.732582278511956814e-02,5.617490120807552834e-02,9.976626842944568141e-01,-2.297489150693666549e+00,3.709344779462128150e-01,3.773022999370240771e-01,3.985335222434591151e-02,-2.630420913087176404e-01,5.465657584637596128e-02,2.786725021205813460e-03,-2.124261136262437649e-03,-3.486203966221517511e-03
2.080000000000000071e+01,-2.143285458940193400e-01,1.148085240834010179e+01,2.282409387690371272e+00,2.135589571581673722e-03,4.063732019556795527e-02,5.420770053292661012e-02,9.977001416595254746e-01,-2.252643033513234361e+00,3.074399192282903925e-01,3.753530517171128067e-01,3.719486770399725584e-02,-2.675945211955743641e-01,5.520247979626061174e-02,2.727953839000652782e-03,-2.175812195613914448e-03,-3.452249495896790327e-03
2.085000000000000142e+01,-2.441996050775777916e-01,1.147413730890616534e+01,2.309651861373440251e+00,-6.811660320703930190e-03,4.373285604973378010e-02,5.201877434122748056e-02,9.976648163092879384e-01,-2.202121703391916707e+00,2.444037145874418393e-01,3.730172236409756703e-01,3.519292749444440094e-02,-2.721536372280176086e-01,5.571048128883226286e-02,2.686630132706396834e-03,-2.250114539179103815e-03,-3.419475313364013069e-03
2.090000000000000213e+01,-2.697804726421051402e-01,1.146411292955894012e+01,2.338121885363260599e+00,-1.559568263823386119e-02,4.670275590010850020e-02,4.994680293631570400e-02,9.975374399744719733e-01,-2.147663394453992236e+00,1.850111342859329100e-01,3.704727231595130177e-01,3.366874348232120479e-02,-2.768200096283375822e-01,5.619449254376138875e-02,2.657088708098327961e-03,-2.341901578842637850e-03,-3.383449729560918801e-03
2.095000000000000284e+01,-2.918645992645839682e-01,1.145158733620624147e+01,2.367820956278675837e+00,-2.442271565712272538e-02,4.946801431348081535e-02,4.778101936310887726e-02,9.973331543212803352e-01,-2.092998320912914600e+00,1.257852397531022126e-01,3.680553556254615999e-01,3.221739056217311215e-02,-2.815014302297050297e-01,5.665563825615325955e-02,2.625914862349783621e-03,-2.442937083349162267e-03,-3.344848326442860249e-03
2.100000000000000000e+01,-3.062041067976383202e-01,1.143553323414961831e+01,2.396674613393773079e+00,-3.334317103327148063e-02,5.255135006758258898e-02,4.553591814633888707e-02,9.970221004120672914e-01,-2.032640857050975303e+00,6.552491641911338538e-02,3.672417808955980023e-01,3.091794190763389599e-02,-2.860710818137413569e-01,5.712990009127450614e-02,2.595580073146381422e-03,-2.538941328622174899e-03,-3.302482496931398621e-03
2.105000000000000071e+01,-3.209362789876601951e-01,1.141788122292272156e+01,2.425193674910436581e+00,-4.210972533889124902e-02,5.538851593421159625e-02,4.319779701164629809e-02,9.966407746363928899e-01,-1.973056777912624016e+00,6.607849899356931650e-03,3.643210838518838313e-01,2.955264175368167712e-02,-2.902085728913862406e-01,5.756212482235368438e-02,2.557587883056162102e-03,-2.622627509682641349e-03,-3.262410391230659290e-03
2.110000000000000142e+01,-3.511370419473170412e-01,1.140489113030741031e+01,2.451594142891183381e+00,-5.137032551941256298e-02,5.797991441244399607e-02,4.073702155941470726e-02,9.961625942863057137e-01,-1.918479096552149876e+00,-4.827397958439010039e-02,3.601417050512541462e-01,2.787566963614479185e-02,-2.935286047260595166e-01,5.792656770258472476e-02,2.510718703911732613e-03,-2.686203862213026525e-03,-3.251253389929797608e-03
2.115000000000000213e+01,-3.861694071941670359e-01,1.139200228684069138e+01,2.478402485343555117e+00,-6.067662062951505869e-02,6.042552020212781094e-02,3.848255949561561057e-02,9.955833449952598002e-01,-1.868179098484388456e+00,-1.034105568902567579e-01,3.565262733073934487e-01,2.610020798881836079e-02,-2.966444587840082470e-01,5.825080970598799091e-02,2.462627506856747330e-03,-2.758115619895190520e-03,-3.248738457368638768e-03
2.120000000000000284e+01,-4.112152324805312675e-01,1.136956142312967621e+01,2.510225278379722980e+00,-6.970486207185200289e-02,6.276839420889164523e-02,3.609250237113843796e-02,9.949365267013623448e-01,-1.809946392853214014e+00,-1.570854635563710966e-01,3.542229172573517770e-01,2.465243627177853003e-02,-2.999366127434004992e-01,5.851684461621441818e-02,2.411332112305312157e-03,-2.857261777278310121e-03,-3.227377675965735666e-03
2.125000000000000000e+01,-4.394267637972305574e-01,1.134167816172331200e+01,2.545808567705326819e+00,-7.879443137652820950e-02,6.493397066994648081e-02,3.389485943992514433e-02,9.941962359316353082e-01,-1.752417993560503540e+00,-2.076947076865012787e-01,3.531210963821132531e-01,2.346044918004243363e-02,-3.031130258236854891e-01,5.869635302209111338e-02,2.357489978132855900e-03,-2.973085442371155643e-03,-3.205068339249467213e-03
2.130000000000000071e+01,-4.684143196145750809e-01,1.130643840383888410e+01,2.585074055835694384e+00,-8.800367426237197532e-02,6.698834229222806746e-02,3.175025797598768351e-02,9.933578591986474970e-01,-1.694308259126974248e+00,-2.552691246192784202e-01,3.525038156580181381e-01,2.259851694076198819e-02,-3.061967822165511111e-01,5.882193729193480741e-02,2.291043614193538028e-03,-3.105822014296264529e-03,-3.191185058924514168e-03
2.135000000000000142e+01,-4.994825315794862997e-01,1.127268923160283620e+01,2.620649491931796859e+00,-9.709688237391321530e-02,6.892976274669131154e-02,2.949948902124710157e-02,9.924468063268865325e-01,-1.635490757226368608e+00,-3.044559173979339284e-01,3.512047056674230117e-01,2.187302828711192026e-02,-3.088841827277610808e-01,5.894348627033369620e-02,2.238122609817712761e-03,-3.220534221974380874e-03,-3.170208626083881234e-03
2.140000000000000213e+01,-5.290998632731981344e-01,1.123776750640657518e+01,2.657752098495434812e+00,-1.063532545444207805e-01,7.076970401344435946e-02,2.734057255614004769e-02,9.914298398444346683e-01,-1.578260530327374234e+00,-3.535220197207103454e-01,3.498848146632105860e-01,2.003029123286741847e-02,-3.110076989150458160e-01,5.905010464945156107e-02,2.123101327487905785e-03,-3.304928102130592991e-03,-3.138275958892016836e-03
2.145000000000000284e+01,-5.755075670868974314e-01,1.120918204360477866e+01,2.691721630093866224e+00,-1.157619924476513962e-01,7.250753122409156481e-02,2.505913302260610528e-02,9.903099812041140648e-01,-1.529609375954807504e+00,-3.999050277614821236e-01,3.455809096999975516e-01,1.787376330664218124e-02,-3.126770776699980270e-01,5.912420627242098020e-02,2.015229576557256257e-03,-3.374910847902571134e-03,-3.126447327746121555e-03
2.150000000000000000e+01,-6.340674624863190667e-01,1.118439714432233245e+01,2.723001434165666090e+00,-1.253524976325877671e-01,7.386589584626733485e-02,2.276184717543749958e-02,9.890967996517138205e-01,-1.486312279025461480e+00,-4.477233231731360674e-01,3.406761425848374158e-01,1.560114996244800663e-02,-3.140021112114476098e-01,5.918279416328319636e-02,1.918711784338213329e-03,-3.436883774552807261e-03,-3.129619509030728310e-03
2.155000000000000071e+01,-6.902904400705964783e-01,1.115560569315089801e+01,2.755853392705954086e+00,-1.349123400919171045e-01,7.525364348804372550e-02,2.034710505491265850e-02,9.877861838214694323e-01,-1.445986597610461777e+00,-4.941825269510188856e-01,3.365584056788288869e-01,1.300170341573563849e-02,-3.149662577480388803e-01,5.918449683781773496e-02,1.799959270576682435e-03,-3.486405302235929139e-03,-3.124698609248534407e-03
2.160000000000000142e+01,-7.662164795789975225e-01,1.113162230162834376e+01,2.788934645929436851e+00,-1.447989788441282899e-01,7.642653353912415293e-02,1.788116292294151047e-02,9.863429954683177181e-01,-1.413927251012264241e+00,-5.366568200749534112e-01,3.334833238973876068e-01,9.921174448361231440e-03,-3.154626467349043173e-01,5.909799985888478796e-02,1.683575936919901560e-03,-3.525317681959478505e-03,-3.129224953515606644e-03
2.165000000000000213e+01,-8.573494624800100938e-01,1.110996167518299416e+01,2.821651645265164099e+00,-1.546365699722807296e-01,7.713477372063236304e-02,1.531762160198660468e-02,9.848365998371165775e-01,-1.391638865021277427e+00,-5.818462433962900970e-01,3.305224304532962676e-01,6.555606125731193098e-03,-3.156224806051898257e-01,5.897691069182651319e-02,1.566785112379870610e-03,-3.557977818364911789e-03,-3.146470514721850815e-03
2.170000000000000284e+01,-9.434299755600216164e-01,1.108355824578928761e+01,2.856893927775223219e+00,-1.642705188648584391e-01,7.780475108494837311e-02,1.266330359546120714e-02,9.832605240131062629e-01,-1.369449753018880278e+00,-6.291145936012128015e-01,3.286349332075865770e-01,2.894357528494208211e-03,-3.157566696063266454e-01,5.880484335908157251e-02,1.436374424595459730e-03,-3.590404719566377134e-03,-3.149530083587943202e-03
2.175000000000000000e+01,-1.026118521714532328e+00,1.105205665723221919e+01,2.894979936186578229e+00,-1.739687512017984716e-01,7.837372357298177938e-02,9.957417251536839625e-03,9.815769368216997748e-01,-1.344083484839294185e+00,-6.743404693265746541e-01,3.270839954244547654e-01,-6.358999773419279737e-04,-3.161175625458062521e-01,5.860213813889170870e-02,1.301371795375763250e-03,-3.638513883247899202e-03,-3.130231310268908468e-03
2.180000000000000071e+01,-1.122284490158554027e+00,1.102035129853493700e+01,2.934949431874099179e+00,-1.837355351137438531e-01,7.889657122958733393e-02,7.404376836620710917e-03,9.797763823385120530e-01,-1.322202855893373608e+00,-7.199508213710683613e-01,3.272438551568387366e-01,-4.495631550593898532e-03,-3.161735766511949430e-01,5.835455892345105949e-02,1.148382444568831276e-03,-3.681396510430501659e-03,-3.114412595775558224e-03
2.185000000000000142e+01,-1.227893355802240904e+00,1.098756207272030316e+01,2.972691555900758509e+00,-1.935328555232317393e-01,7.915650366526706672e-02,4.694802036846534160e-03,9.778840629616321056e-01,-1.303268099216652320e+00,-7.646609274951947643e-01,3.227095704462211168e-01,-8.088164422872561737e-03,-3.158373330758688646e-01,5.812958369889400373e-02,9.927209072057964837e-04,-3.711004313858361128e-03,-3.102928222184108374e-03
2.190000000000000213e+01,-1.344376196257635936e+00,1.095329615881356666e+01,3.009221696453519890e+00,-2.036258987182895108e-01,7.933559463323940075e-02,2.266231946757799390e-03,9.758264297446153090e-01,-1.284956515215402328e+00,-8.064986477260558395e-01,3.176358488329544816e-01,-1.152815760383536087e-02,-3.150289459792645630e-01,5.789283515840058097e-02,8.296372810903676013e-04,-3.724855954725169154e-03,-3.095704934115657558e-03
2.195000000000000284e+01,-1.456435171564127051e+00,1.091536893482451021e+01,3.045232423593037030e+00,-2.134321652353790844e-01,7.948982676812198223e-02,-2.400894504652179679e-04,9.737186557935344489e-01,-1.266157850672631202e+00,-8.495127352631809403e-01,3.131306235124401427e-01,-1.486013382063841592e-02,-3.142660918825823102e-01,5.766463865359932467e-02,6.776178715615563657e-04,-3.745306798213853851e-03,-3.094650804484607408e-03
2.200000000000000000e+01,-1.578188157642056222e+00,1.087622720337167870e+01,3.082344495530788375e+00,-2.235132717738297359e-01,7.941137784700276481e-02,-2.571361375752761243e-03,9.714571727616579944e-01,-1.251065746165167303e+00,-8.919561502639820061e-01,3.106310772488890537e-01,-1.837592957240927541e-02,-3.133467702177587522e-01,5.740874462478106482e-02,5.243479021646632729e-04,-3.766388698506158584e-03,-3.104255386325386386e-03
2.205000000000000071e+01,-1.703472362789823613e+00,1.083344120174724878e+01,3.120702675490684364e+00,-2.337297589049868174e-01,7.923155071058143872e-02,-5.048565283226366489e-03,9.690548349617755797e-01,-1.238442155742450534e+00,-9.367129838483022608e-01,3.073338143746752182e-01,-2.173241131075962299e-02,-3.123512877301489743e-01,5.708231910875970205e-02,3.826234619971079546e-04,-3.787071228410187392e-03,-3.120632240610301134e-03
2.210000000000000142e+01,-1.828686109993135966e+00,1.078686523276985731e+01,3.160159755222302636e+00,-2.439023200991253526e-01,7.886559401783770074e-02,-7.701404180413640860e-03,9.665570674844435883e-01,-1.225406029693423271e+00,-9.826825768679856576e-01,3.053697578580301664e-01,-2.485888890247271027e-02,-3.115007411697645612e-01,5.673159545762724437e-02,2.514353029350982786e-04,-3.820791577390845236e-03,-3.131374813886950593e-03
2.215000000000000213e+01,-1.948592379332636293e+00,1.073534749445460612e+01,3.202468150439349071e+00,-2.539658203440998685e-01,7.827912395013811309e-02,-1.025434847425815872e-02,9.639857826689747222e-01,-1.207830783251120144e+00,-1.026041680721609728e+00,3.049330971499713550e-01,-2.808380840256866073e-02,-3.107354751547543037e-01,5.631425171365656707e-02,1.100301229805160179e-04,-3.856665719059347661e-03,-3.139569544831567055e-03
2.220000000000000284e+01,-2.058691716404634775e+00,1.068103387830741902e+01,3.243513009076019582e+00,-2.637736306079958015e-01,7.784029856399959924e-02,-1.296996449321543253e-02,9.613512051983856832e-01,-1.188096096014845005e+00,-1.069349185937833457e+00,3.073917065384230707e-01,-3.096524423755462468e-02,-3.101447494782041403e-01,5.590708556959037706e-02,-1.756742036394722678e-05,-3.893595616480618419e-03,-3.137532721225569886e-03
2.225000000000000000e+01,-2.171096633781030238e+00,1.062402027469448207e+01,3.285012454720531494e+00,-2.735585679814148130e-01,7.696825883325919548e-02,-1.549578897374881241e-02,9.586456475362599150e-01,-1.173929139644631414e+00,-1.115191948886473217e+00,3.054980066217828361e-01,-3.405706708173676656e-02,-3.093478583943704563e-01,5.549335669697932211e-02,-1.473210273575532967e-04,-3.932504781991769810e-03,-3.140254867645152215e-03
2.230000000000000071e+01,-2.282960657563889217e+00,1.056527714460621326e+01,3.323110208623668793e+00,-2.833031772373978963e-01,7.591881664376270988e-02,-1.794675220541822047e-02,9.558522674199625424e-01,-1.161730713304689022e+00,-1.159990582768984924e+00,3.043145261228885623e-01,-3.714189237416309908e-02,-3.081861269865021069e-01,5.514438179810324248e-02,-2.746318274060474381e-04,-3.959437333993353486e-03,-3.144053559528447398e-03
2.235000000000000142e+01,-2.396874661658003447e+00,1.050487067076100800e+01,3.358994340367894349e+00,-2.930072017866535150e-01,7.527183677993916355e-02,-2.048961872197927955e-02,9.529224028290853576e-01,-1.150659627437439658e+00,-1.207617700508171632e+00,3.008404848615531257e-01,-4.042139095847448876e-02,-3.064674006590606958e-01,5.482998933526711527e-02,-4.188704381022626986e-04,-3.964182365115904647e-03,-3.139489617286055686e-03
2.240000000000000213e+01,-2.515829645420102789e+00,1.044051709048259902e+01,3.395900418884651550e+00,-3.029840019206143653e-01,7.424782227708250082e-02,-2.308354499709495619e-02,9.498184591897795848e-01,-1.142714693040939977e+00,-1.252166991529247042e+00,2.963455361403878885e-01,-4.387236561317861550e-02,-3.044103654223170863e-01,5.448044468133356882e-02,-5.702318880422927328e-04,-3.966953437536789411e-03,-3.142395163046326958e-03
2.245000000000000284e+01,-2.631630416106534032e+00,1.037262246976597169e+01,3.429675173763861995e+00,-3.126865857552741379e-01,7.319706200032954913e-02,-2.561220647183781382e-02,9.466854303742471277e-01,-1.131332341219429161e+00,-1.296564778560525655e+00,2.936748147366355921e-01,-4.700909603364302608e-02,-3.019490955570330315e-01,5.413392952868228275e-02,-7.117296333224740288e-04,-3.951664882761538045e-03,-3.149510999388591310e-03
2.250000000000000000e+01,-2.745222353506169721e+00,1.030094929014915728e+01,3.463868931915721205e+00,-3.222706718126339687e-01,7.201659963322494529e-02,-2.800808315519984215e-02,9.434886171781154962e-01,-1.118571228460776501e+00,-1.340024048032852910e+00,2.893937823162615608e-01,-5.014093246419654842e-02,-2.994118385438933605e-01,5.379321330492879694e-02,-8.692630554146117032e-04,-3.932675309602868575e-03,-3.165903489312772018e-03
2.255000000000000071e+01,-2.849743982558547106e+00,1.022561480107577658e+01,3.497220101405499548e+00,-3.318937578693728074e-01,7.075920585049402800e-02,-3.054606257344578274e-02,9.401630743312633376e-01,-1.102388520315330522e+00,-1.381719249765734681e+00,2.837736494830382372e-01,-5.303914901703848245e-02,-2.968990772679172552e-01,5.343806207965575567e-02,-1.022256096421515770e-03,-3.912521160188214657e-03,-3.174869163304727248e-03
2.260000000000000142e+01,-2.945591687872750608e+00,1.014668119304658944e+01,3.532957630553473560e+00,-3.411165615409111340e-01,6.916754322519230724e-02,-3.301633510023145590e-02,9.368912765221192318e-01,-1.082113348678611864e+00,-1.422312021697047735e+00,2.809710719512854560e-01,-5.573885088976168745e-02,-2.948224765489969035e-01,5.302534169708718326e-02,-1.174215196162285138e-03,-3.907474166050494725e-03,-3.173770418922924365e-03
2.265000000000000213e+01,-3.034497624820606365e+00,1.006507066948257645e+01,3.566913467868762400e+00,-3.503811259578864523e-01,6.748282073121397717e-02,-3.545517611927036933e-02,9.334999014274153462e-01,-1.061132568917770191e+00,-1.462843297418292110e+00,2.798519200153391506e-01,-5.847186165268335872e-02,-2.924069290006138799e-01,5.259376858421925538e-02,-1.324380476939961268e-03,-3.886245205562685774e-03,-3.163126712132072541e-03
2.270000000000000284e+01,-3.118238032482343769e+00,9.980252346117524098e+00,3.601050413867994848e+00,-3.596361144223272355e-01,6.588270265694166905e-02,-3.758887465358039248e-02,9.300045221374491078e-01,-1.041793396109668812e+00,-1.505731910788119743e+00,2.782579549888187787e-01,-6.147448753274327438e-02,-2.897377912906593522e-01,5.214103498072011206e-02,-1.481471627782901881e-03,-3.860662453251572940e-03,-3.137967484552878477e-03
2.275000000000000000e+01,-3.195909569176306420e+00,9.892806328411998251e+00,3.633595160857328921e+00,-3.686177717218278027e-01,6.405406184322104401e-02,-3.982049730150470646e-02,9.265162402931099717e-01,-1.022406647100694066e+00,-1.547502099645095663e+00,2.741939036442812561e-01,-6.449379793398789251e-02,-2.868412761105073594e-01,5.167717363848185058e-02,-1.635684884695892379e-03,-3.822948743094487910e-03,-3.105824256766526528e-03
2.280000000000000071e+01,-3.267058220963372062e+00,9.803795821929575993e+00,3.664843257607412585e+00,-3.773079928218724399e-01,6.216170717385079147e-02,-4.190942718696531732e-02,9.230483197681597085e-01,-1.001473125955372190e+00,-1.592522336951529560e+00,2.709076910103190849e-01,-6.719511529678806605e-02,-2.843038038028760095e-01,5.123463664853659949e-02,-1.776228050462026623e-03,-3.789785120302461077e-03,-3.075183382459845474e-03
2.285000000000000142e+01,-3.334514919524961929e+00,9.711948978587068737e+00,3.694751280784372760e+00,-3.862386167659674352e-01,6.020273557296410005e-02,-4.411190785164294942e-02,9.193745162521811398e-01,-9.815897677436747903e-01,-1.637370787909861791e+00,2.675549040828990033e-01,-6.993479310593171683e-02,-2.815793238981339486e-01,5.078789596364299830e-02,-1.909705841484032668e-03,-3.751479469396945196e-03,-3.039411325347689003e-03
2.290000000000000213e+01,-3.401845669399047534e+00,9.616960554981057285e+00,3.723822148125391251e+00,-3.949018181668716432e-01,5.799227272498058000e-02,-4.636894690653464018e-02,9.157179538894437698e-01,-9.670482464034685366e-01,-1.684455436147564766e+00,2.610806344039730553e-01,-7.274174853262529994e-02,-2.787461128934078936e-01,5.036567050873579782e-02,-2.036906799387005161e-03,-3.719647402505234408e-03,-2.997766978761513476e-03
2.295000000000000284e+01,-3.468371994176024931e+00,9.518314465937523394e+00,3.751752455564480560e+00,-4.035837956233950252e-01,5.570928635115825200e-02,-4.849772524625615283e-02,9.119564496018419675e-01,-9.537061716248944609e-01,-1.734055224586894761e+00,2.543190373075226440e-01,-7.560666246168762372e-02,-2.756770246542347702e-01,4.994652563516772253e-02,-2.160918352086426807e-03,-3.685442243108749856e-03,-2.957476119844598336e-03
2.300000000000000000e+01,-3.533693651246332390e+00,9.416552990607058859e+00,3.778365683789941976e+00,-4.120878182666624645e-01,5.339781749661572097e-02,-5.049441033478115071e-02,9.081754332989651068e-01,-9.427673851576133801e-01,-1.782676318545612926e+00,2.507508524981419407e-01,-7.839928870350965084e-02,-2.725952195899544184e-01,4.956609917444661922e-02,-2.281318131635492498e-03,-3.655114678787897524e-03,-2.921531734944302246e-03
2.305000000000000071e+01,-3.598857584477891614e+00,9.311885616328144266e+00,3.803427585912597664e+00,-4.207177021151671248e-01,5.068604929065180509e-02,-5.242275858099309377e-02,9.042562656221950768e-01,-9.324605579653166831e-01,-1.830097343785635378e+00,2.476580544834384445e-01,-8.101209601581169095e-02,-2.691909631687537940e-01,4.915019741115233404e-02,-2.391720950930898218e-03,-3.612611281229903461e-03,-2.887626542341697501e-03
2.310000000000000142e+01,-3.664324016514939775e+00,9.203818938904776203e+00,3.828060023301876225e+00,-4.293647342673148626e-01,4.805773953800337311e-02,-5.424110856262136932e-02,9.002190182283160702e-01,-9.246424432555323536e-01,-1.878116464197809199e+00,2.427039706219994708e-01,-8.357253431995433079e-02,-2.657223858733610555e-01,4.874906307723308324e-02,-2.500478974494548846e-03,-3.577181823351827713e-03,-2.857080353181250861e-03
2.315000000000000213e+01,-3.728037736760516641e+00,9.092951012337746164e+00,3.851004521995001983e+00,-4.379886754800396687e-01,4.510914313112270035e-02,-5.594710253804480171e-02,8.961032346079407240e-01,-9.155609301833633751e-01,-1.928590124620376711e+00,2.349294587029799875e-01,-8.604486814519123061e-02,-2.623210063165215544e-01,4.838959275975991681e-02,-2.603488794596520248e-03,-3.541491290476237591e-03,-2.835933676048204080e-03
2.320000000000000284e+01,-3.786237800503855055e+00,8.983632277346153217e+00,3.866570365334702331e+00,-4.465027875421148096e-01,4.248232092895840029e-02,-5.771394643144371617e-02,8.919078503482962272e-01,-9.017018071510638499e-01,-1.975711588010948816e+00,2.269728007490030564e-01,-8.781213514888426552e-02,-2.588759498919387947e-01,4.810304307605339086e-02,-2.679273191523798801e-03,-3.475858786899880832e-03,-2.806143373777528118e-03
2.325000000000000000e+01,-3.841626650857107084e+00,8.876112523893580075e+00,3.876385361712576305e+00,-4.547851403448089358e-01,3.986390354809792730e-02,-5.968714029960019152e-02,8.877042247270857667e-01,-8.841731253839648641e-01,-2.022494189731904424e+00,2.150309244827028621e-01,-8.913884130903931835e-02,-2.554853784410133222e-01,4.787912413374199871e-02,-2.740861869991519182e-03,-3.378450599969366145e-03,-2.767841069136716368e-03
2.330000000000000071e+01,-3.895736898867320441e+00,8.764290672429920548e+00,3.883871712441191892e+00,-4.629760769455235625e-01,3.728754307460026979e-02,-6.143796716894868448e-02,8.834524138275584582e-01,-8.677828897508592654e-01,-2.072038240888917304e+00,2.022848105024420418e-01,-9.046380226185932183e-02,-2.517448430678050908e-01,4.766122200853219887e-02,-2.794229579771577172e-03,-3.277501118957238963e-03,-2.735052546407770995e-03
2.335000000000000142e+01,-3.947769936184659656e+00,8.648696524509082550e+00,3.889112117252534251e+00,-4.713815431151863744e-01,3.450164836460684059e-02,-6.323881062682727705e-02,8.789823262733869047e-01,-8.509276550468485301e-01,-2.121265943724881087e+00,1.908516915626094768e-01,-9.175388709390792930e-02,-2.476851200782007600e-01,4.743890071279031201e-02,-2.839818976039052562e-03,-3.169318409472473685e-03,-2.699921652653785274e-03
2.340000000000000213e+01,-3.996338211350052294e+00,8.531940866961846837e+00,3.891858960502205367e+00,-4.797019366071468838e-01,3.168029618570393502e-02,-6.462337683884866735e-02,8.744748309785038698e-01,-8.336420702382887349e-01,-2.171227843961051285e+00,1.781421523445077537e-01,-9.265275408475040497e-02,-2.437856440799528734e-01,4.720493836909670643e-02,-2.862843744076782725e-03,-3.057412702289871026e-03,-2.669144522991574557e-03
2.345000000000000284e+01,-4.040902642544391021e+00,8.417073046335906028e+00,3.895653655706967644e+00,-4.877943152335696975e-01,2.902564437263584554e-02,-6.626783730694361940e-02,8.699556263012652169e-01,-8.080627493369199055e-01,-2.218836255165676175e+00,1.663657710984282334e-01,-9.308885454373118373e-02,-2.411246578420271347e-01,4.696499104627290672e-02,-2.863501872850048816e-03,-2.966598628324808827e-03,-2.629383184103760342e-03
2.350000000000000000e+01,-4.083704452280426445e+00,8.298568887936308869e+00,3.898844442061309312e+00,-4.958811276814777402e-01,2.635895459297146748e-02,-6.788456268327623666e-02,8.653316120837213354e-01,-7.861268665330197747e-01,-2.266530387402961200e+00,1.551364713877107782e-01,-9.349865684266980836e-02,-2.385204758082921372e-01,4.677136034261615560e-02,-2.862789497047994042e-03,-2.892688920854017635e-03,-2.586152779170439089e-03
2.355000000000000071e+01,-4.124047773780743498e+00,8.176416296245568205e+00,3.899805702704856269e+00,-5.038344191897908830e-01,2.334425258213260537e-02,-6.914570138470019223e-02,8.607117960682806324e-01,-7.650664183052542366e-01,-2.316648650236030615e+00,1.428270171374402542e-01,-9.395085843715456075e-02,-2.355082510917205774e-01,4.657839440975679313e-02,-2.862121679428631868e-03,-2.808502163275715044e-03,-2.537692662134913551e-03
2.360000000000000142e+01,-4.161575707325134488e+00,8.052093679211720811e+00,3.897162881140715740e+00,-5.117095557828991170e-01,2.033942967924214779e-02,-7.044755420388244815e-02,8.560238198949151611e-01,-7.435049866507674743e-01,-2.365497418890789572e+00,1.299582123597187722e-01,-9.417968262238474164e-02,-2.322275350794063553e-01,4.642122027561998432e-02,-2.852267105574856059e-03,-2.716226085498427319e-03,-2.484932796653729122e-03
2.365000000000000213e+01,-4.194391682228590490e+00,7.926424031875263232e+00,3.890095664937733844e+00,-5.192486425770493907e-01,1.719032822045294534e-02,-7.155471211849601110e-02,8.514489197663026587e-01,-7.220408827900064441e-01,-2.412474600484418641e+00,1.151715278840080015e-01,-9.425564094220949263e-02,-2.284586375807811931e-01,4.628305989123769615e-02,-2.839776601896789373e-03,-2.600336359565657597e-03,-2.418652238372656551e-03
2.370000000000000284e+01,-4.224951731637848873e+00,7.799967330113251052e+00,3.879657941110789210e+00,-5.268422485717664250e-01,1.432565568928055068e-02,-7.257967148004325353e-02,8.467373925821194414e-01,-6.992848276056740087e-01,-2.456933784305399548e+00,9.991659670397459725e-02,-9.416664774409823357e-02,-2.245223588691478145e-01,4.620113752766032145e-02,-2.828298056790499310e-03,-2.472402717575030058e-03,-2.350465035396717608e-03
2.375000000000000000e+01,-4.253311848496710290e+00,7.672336739886778112e+00,3.866070377174737338e+00,-5.345338510483766958e-01,1.152461496058725630e-02,-7.360677658898033549e-02,8.418567501502746131e-01,-6.771847483089217246e-01,-2.502569490733483448e+00,8.424078908638717167e-02,-9.390845988662602228e-02,-2.205158403500122044e-01,4.615948510582594533e-02,-2.810935898653939106e-03,-2.337078941946668913e-03,-2.282039181580030121e-03
2.380000000000000071e+01,-4.281813119245493127e+00,7.535193161722633093e+00,3.855295764943561743e+00,-5.418808001217800818e-01,8.678251774382085906e-03,-7.422584630173936771e-02,8.371262808837806046e-01,-6.646771724753044452e-01,-2.551523573200446204e+00,6.988842642821889439e-02,-9.443108490160202761e-02,-2.156708326295856959e-01,4.598069344013131637e-02,-2.820107083198996386e-03,-2.194958298854679610e-03,-2.192263166729500716e-03
2.385000000000000142e+01,-4.311087652985153618e+00,7.396247062861303512e+00,3.844681864725029374e+00,-5.492472200757394507e-01,5.308095266111654935e-03,-7.487043280833036163e-02,8.322822439862641586e-01,-6.533670740396083643e-01,-2.602324535612912992e+00,5.560393388753410993e-02,-9.477410913762390754e-02,-2.112454495136571464e-01,4.579774969387043898e-02,-2.820058706978646485e-03,-2.064256020021312289e-03,-2.119031999025089170e-03
2.390000000000000213e+01,-4.341895806604179064e+00,7.252874081106943649e+00,3.835879488651961378e+00,-5.565799471935523046e-01,2.040459735528308075e-03,-7.537030426339912104e-02,8.273656483933404804e-01,-6.417637144463842480e-01,-2.654549847588936196e+00,4.431689497746450074e-02,-9.512016295006081590e-02,-2.070694137031355853e-01,4.554745955455759970e-02,-2.811201576625603753e-03,-1.948198123736837126e-03,-2.056123792602179614e-03
2.395000000000000284e+01,-4.372737987627465017e+00,7.107020981291475969e+00,3.828509632063503698e+00,-5.639337342833108391e-01,-1.117113806137530951e-03,-7.566860083578991203e-02,8.223452792115840682e-01,-6.297020602492591212e-01,-2.706817467674151434e+00,3.366646149077914124e-02,-9.541860880046508508e-02,-2.033583652447240320e-01,4.531155269801172975e-02,-2.802494276628332212e-03,-1.852662820186055069e-03,-2.002998411576642317e-03
2.400000000000000000e+01,-4.404435791546772450e+00,6.958046835230671689e+00,3.821049210056811418e+00,-5.713489177594238688e-01,-4.554670601182444351e-03,-7.609192753249541252e-02,8.171595240314092345e-01,-6.195703826243103007e-01,-2.757988011278398766e+00,2.200454098919650894e-02,-9.575825947162247553e-02,-1.996952120967125655e-01,4.508635519993257207e-02,-2.798820046708582789e-03,-1.759555054292122117e-03,-1.960135836502137092e-03
2.405000000000000071e+01,-4.434412809610820183e+00,6.807419279194053097e+00,3.812508856198974616e+00,-5.787489344659012547e-01,-8.090661097597706686e-03,-7.608778110364756986e-02,8.119081608312057607e-01,-6.068409878724728701e-01,-2.810619376509212231e+00,9.277121394135853447e-03,-9.605680944547966005e-02,-1.960460645541548808e-01,4.485327160316683603e-02,-2.795588471957954815e-03,-1.657886182415214352e-03,-1.921552084664465091e-03
2.410000000000000142e+01,-4.463572930770075331e+00,6.654064218071852999e+00,3.802919045456182534e+00,-5.860713040098498583e-01,-1.151611548980508402e-02,-7.613177853996817845e-02,8.065926840708146361e-01,-5.995076509076079363e-01,-2.859624697251454517e+00,-9.728167158060364514e-04,-9.628243972448405352e-02,-1.923736236305293168e-01,4.463841695887420941e-02,-2.790777416561544735e-03,-1.560473312568067938e-03,-1.888793694100283698e-03
2.415000000000000213e+01,-4.491889409547365375e+00,6.497801587240314980e+00,3.793809486314774215e+00,-5.933768681664901568e-01,-1.506732668038236050e-02,-7.583883697671767177e-02,8.012024330951904583e-01,-5.892357003823537331e-01,-2.909416050521965502e+00,-1.148933147446945177e-02,-9.661175373135365285e-02,-1.888268085139021835e-01,4.441749434400617258e-02,-2.791291983064006499e-03,-1.464565706276591819e-03,-1.859980038997449377e-03
2.420000000000000284e+01,-4.519625815146055103e+00,6.340072038148446332e+00,3.782812956726751441e+00,-6.006104402155187927e-01,-1.853516693257530740e-02,-7.524975256001462109e-02,7.957769922726837253e-01,-5.801650481144782212e-01,-2.958166080181266810e+00,-2.254450578382889009e-02,-9.682012171866921646e-02,-1.851027556161040644e-01,4.424784212061282085e-02,-2.796019156583839059e-03,-1.371896350431868038e-03,-1.835809356978154814e-03
2.425000000000000000e+01,-4.547304162595599664e+00,6.181081092139221411e+00,3.770798265379328384e+00,-6.079404592942269092e-01,-2.189867372658636790e-02,-7.449283865611594502e-02,7.901769820939449351e-01,-5.745122616716580310e-01,-3.004787581652428763e+00,-3.195283773797906457e-02,-9.692083311957112868e-02,-1.814225191474511389e-01,4.409727083788131385e-02,-2.800581651674367584e-03,-1.280014312697518811e-03,-1.815509427445523511e-03
2.430000000000000071e+01,-4.574604699023070431e+00,6.023711375021640890e+00,3.759436755586837098e+00,-6.152202861322014771e-01,-2.530531580113629803e-02,-7.383433826780123888e-02,7.844820781994785719e-01,-5.610406977810272755e-01,-3.049796986714494729e+00,-4.366990999903760939e-02,-9.682702260843457920e-02,-1.785962239714743161e-01,4.396628944456310029e-02,-2.795273121436214411e-03,-1.197617670169575863e-03,-1.801570557855576137e-03
2.435000000000000142e+01,-4.604144643095567702e+00,5.869874486248654932e+00,3.750299761545562216e+00,-6.226443488594372022e-01,-2.846677136038494940e-02,-7.317687445050137518e-02,7.785555874870968562e-01,-5.394798060946142115e-01,-3.097270664433212861e+00,-5.673693725569667334e-02,-9.637194147129382604e-02,-1.778755699095225518e-01,4.389773972457174794e-02,-2.760678612162766575e-03,-1.141005509472430230e-03,-1.786494922433624942e-03
2.440000000000000213e+01,-4.630428343272303238e+00,5.723096857690923578e+00,3.734549280716897623e+00,-6.302947962913436619e-01,-3.122916392045688161e-02,-7.268968411560504383e-02,7.723143264967031740e-01,-5.070849789058935464e-01,-3.137420115319867975e+00,-7.001555782813903561e-02,-9.474426632006489879e-02,-1.779238575612473172e-01,4.396564098535115511e-02,-2.668637136891570741e-03,-1.094393506120835708e-03,-1.801963720098705883e-03
2.445000000000000284e+01,-4.652690682138072020e+00,5.575372760367909741e+00,3.717813794174843700e+00,-6.377921221064787316e-01,-3.411124027379913021e-02,-7.176556918851066669e-02,7.660987764935711652e-01,-4.766805006300545711e-01,-3.175603763942539182e+00,-8.372464254884737223e-02,-9.311854726219026546e-02,-1.777645819053678966e-01,4.405074127334274864e-02,-2.582925146009670738e-03,-1.054942844379314201e-03,-1.804559499737591437e-03
2.450000000000000000e+01,-4.672545679945278252e+00,5.424829932973518787e+00,3.700352264195170271e+00,-6.451886176305678955e-01,-3.700975969846795333e-02,-7.101995088389140287e-02,7.598145115378278636e-01,-4.506743677708474616e-01,-3.214367751520084582e+00,-9.491793416168528563e-02,-9.160231387953501891e-02,-1.771769437325592389e-01,4.411936479162931884e-02,-2.507007040503939511e-03,-1.013947761160372864e-03,-1.798056711400610862e-03
2.455000000000000071e+01,-4.691125715402247209e+00,5.272488771560625231e+00,3.683958030994328503e+00,-6.525067393237748981e-01,-3.996535126839753649e-02,-6.990752268816576021e-02,7.534923119094530941e-01,-4.259620387629422522e-01,-3.249215227001948314e+00,-1.071643495466613194e-01,-9.036259585851920406e-02,-1.764514740433798523e-01,4.420185952776396060e-02,-2.455443928770904664e-03,-9.789367468725957994e-04,-1.784829646583066531e-03
2.460000000000000142e+01,-4.702162427112954290e+00,5.144791329852522743e+00,3.664481187542464102e+00,-6.594116374921372703e-01,-4.239176504339162155e-02,-6.887974662398316239e-02,7.474187655534612063e-01,-3.761809078400245032e-01,-3.270248513989638894e+00,-1.232032341461230807e-01,-8.779131618262772663e-02,-1.783557146661819970e-01,4.453750174204830492e-02,-2.360767728668367992e-03,-9.838013488819036950e-04,-1.711311620443777383e-03
2.465000000000000213e+01,-4.711041405259808634e+00,5.010724867555371276e+00,3.639758035749641962e+00,-6.666989346817293605e-01,-4.518296759220712805e-02,-6.756707951578767857e-02,7.408817177522440955e-01,-3.381149921139470216e-01,-3.291056389332508214e+00,-1.375402909238614690e-01,-8.502259643509474385e-02,-1.785973108388168029e-01,4.484357129453039187e-02,-2.258408948873432028e-03,-9.811420498867468119e-04,-1.688317592508661435e-03
2.470000000000000284e+01,-4.718582691351907776e+00,4.863464616233876825e+00,3.617221849573392767e+00,-6.738298696924511777e-01,-4.801405082276994502e-02,-6.617858707991111644e-02,7.343489308536844673e-01,-3.088719937189746689e-01,-3.318103158124249497e+00,-1.499615192730480717e-01,-8.324549340761723537e-02,-1.776934310918761861e-01,4.505467433591025389e-02,-2.198154120517883774e-03,-9.635117634453292104e-04,-1.684761765166818042e-03
2.475000000000000000e+01,-4.717295435240209223e+00,4.732568766283404393e+00,3.583977129522860849e+00,-6.810574248796049668e-01,-5.069694232507792470e-02,-6.473422841246594117e-02,7.275988480798273317e-01,-2.812181943385100857e-01,-3.329363237935269115e+00,-1.658734243038794687e-01,-7.997818077731988495e-02,-1.766414757805366276e-01,4.550373963911610864e-02,-2.088191220331558646e-03,-9.699450679422329464e-04,-1.695012696097437585e-03
2.480000000000000071e+01,-4.716673013768458489e+00,4.596745132504354459e+00,3.554315884453289609e+00,-6.881682371455345448e-01,-5.338046885232505118e-02,-6.310911254445586427e-02,7.208274709269647529e-01,-2.533455999471047049e-01,-3.343950817617595384e+00,-1.809455558023815303e-01,-7.722874692446507483e-02,-1.758872381689431108e-01,4.584246374873550411e-02,-1.991351447343201689e-03,-9.676524766996249215e-04,-1.702285059644330703e-03
2.485000000000000142e+01,-4.715020071445273686e+00,4.459603060149686549e+00,3.525497282872161353e+00,-6.951622463311037947e-01,-5.590134254089303839e-02,-6.179215885798489127e-02,7.140071570241357524e-01,-2.229038720148911190e-01,-3.361349675253535896e+00,-1.961343132313275728e-01,-7.431037800461919030e-02,-1.758531545659725581e-01,4.615706992358617478e-02,-1.869496357218936944e-03,-9.837494727192243500e-04,-1.710479853396234097e-03
2.490000000000000213e+01,-4.709124472064136313e+00,4.325492493590186172e+00,3.494242648471314272e+00,-7.021939187185931575e-01,-5.844140736291704441e-02,-6.021137270538359093e-02,7.070239691955294559e-01,-1.909591875520761928e-01,-3.374725778016068656e+00,-2.083708286085431682e-01,-7.137242884314308478e-02,-1.754856487574669999e-01,4.647950587882575257e-02,-1.753606883352803666e-03,-9.846233248550818624e-04,-1.712282327963135248e-03
2.495000000000000284e+01,-4.694838256831106449e+00,4.217425583286082968e+00,3.457249438574546474e+00,7.092662407702736704e-01,6.025694571127700877e-02,5.842161420254958493e-02,-6.999267213009666699e-01,-1.471965148602874807e-01,-3.368414801104546719e+00,-2.244973903157417849e-01,-6.768682998978690912e-02,-1.754710765889032908e-01,4.698311461344752832e-02,-1.635027609439304412e-03,-9.714862152201543359e-04,-1.706881981224730744e-03
