timestamp,p_x,p_y,p_z,q_w,q_x,q_y,q_z,v_x,v_y,v_z,ba_x,ba_y,ba_z,bg_x,bg_y,bg_z
0.000000000000000000e+00,0.000000000000000000e+00,5.000000000000000278e-02,2.000000000000000000e+00,9.999500004166652634e-01,0.000000000000000000e+00,9.999833334166664464e-03,0.000000000000000000e+00,1.499999999999999944e-02,-0.000000000000000000e+00,8.000000000000000167e-03,0.000000000000000000e+00,0.000000000000000000e+00,0.000000000000000000e+00,0.000000000000000000e+00,0.000000000000000000e+00,0.000000000000000000e+00
5.000000000000000278e-02,7.687487837313931307e-04,4.997315283671464881e-02,2.000423895214319181e+00,9.999502921626514107e-01,3.448047867268720580e-04,9.964128914763760447e-03,1.022176955769822843e-04,1.590327214792006810e-02,-4.591675881915025740e-04,9.100255700810864004e-03,0.000000000000000000e+00,0.000000000000000000e+00,0.000000000000000000e+00,0.000000000000000000e+00,0.000000000000000000e+00,0.000000000000000000e+00
1.000000000000000056e-01,1.562263180023568685e-03,4.996719233979511621e-02,2.000897293917268449e+00,9.999490323820958704e-01,5.422148137756993428e-04,1.008049418285949031e-02,1.492589537983287154e-04,1.561603657435398085e-02,4.527134397520031365e-04,9.359725263655834307e-03,0.000000000000000000e+00,0.000000000000000000e+00,0.000000000000000000e+00,0.000000000000000000e+00,0.000000000000000000e+00,0.000000000000000000e+00
1.500000000000000222e-01,2.414941325770326823e-03,4.996763005458356582e-02,2.001430569113945346e+00,9.999469896372428224e-01,8.279660395940321212e-04,1.025462467894687479e-02,4.184021353095795231e-04,1.816142916337786309e-02,3.129568076632234411e-04,1.164118755919023827e-02,0.000000000000000000e+00,0.000000000000000000e+00,0.000000000000000000e+00,0.000000000000000000e+00,0.000000000000000000e+00,0.000000000000000000e+00
2.000000000000000111e-01,3.310710284619776227e-03,4.989628412280203845e-02,2.002030396288709380e+00,9.999457937563133170e-01,1.386840515693335552e-03,1.030320566097214958e-02,5.746090396478239918e-04,1.843664201832168059e-02,-2.478893396510137900e-03,1.319272724538493417e-02,0.000000000000000000e+00,0.000000000000000000e+00,0.000000000000000000e+00,0.000000000000000000e+00,0.000000000000000000e+00,0.000000000000000000e+00
2.500000000000000000e-01,4.249322515997651546e-03,4.980372238105689603e-02,2.002714512030793426e+00,9.999433450807970747e-01,1.676090361387323801e-03,1.048036048727279089e-02,8.120306540919930687e-04,2.048115390493544796e-02,-1.386695376785811607e-03,1.399750939125442295e-02,0.000000000000000000e+00,0.000000000000000000e+00,0.000000000000000000e+00,0.000000000000000000e+00,0.000000000000000000e+00,0.000000000000000000e+00
3.000000000000000444e-01,5.253054660781223198e-03,4.968274635917420412e-02,2.003371755211655003e+00,9.999430008489759159e-01,1.814609791414569526e-03,1.047684939403272820e-02,9.684375171299463387e-04,2.062577736533943717e-02,-2.572635300007739770e-03,1.312211103189147438e-02,0.000000000000000000e+00,0.000000000000000000e+00,0.000000000000000000e+00,0.000000000000000000e+00,0.000000000000000000e+00,0.000000000000000000e+00
3.500000000000000333e-01,6.388829960783592825e-03,4.952845229804361121e-02,2.004133783421979231e+00,9.999437973451456019e-01,2.138436004875851962e-03,1.032067199857441241e-02,1.145849868552617848e-03,2.414426254729229102e-02,-4.098559163834565588e-03,1.699603003517416444e-02,0.000000000000000000e+00,0.000000000000000000e+00,0.000000000000000000e+00,0.000000000000000000e+00,0.000000000000000000e+00,0.000000000000000000e+00
4.000000000000000222e-01,7.608336844359965892e-03,4.924912622255529782e-02,2.005024378351681236e+00,9.999424288383691461e-01,2.596369247495089374e-03,1.032347953434848385e-02,1.350424325075992192e-03,2.423750214266341685e-02,-5.970333850877538109e-03,1.867594785148455477e-02,0.000000000000000000e+00,0.000000000000000000e+00,0.000000000000000000e+00,0.000000000000000000e+00,0.000000000000000000e+00,0.000000000000000000e+00
4.500000000000000111e-01,8.802391661196218992e-03,4.895833590242981703e-02,2.006013819246713403e+00,9.999415474920613223e-01,2.916445508736914289e-03,1.030251353755264228e-02,1.501385887998371929e-03,2.340680888354419731e-02,-6.221969223073909108e-03,2.073552042472821821e-02,0.000000000000000000e+00,0.000000000000000000e+00,0.000000000000000000e+00,0.000000000000000000e+00,0.000000000000000000e+00,0.000000000000000000e+00
5.000000000000000000e-01,9.982303695758412351e-03,4.858221700764727563e-02,2.007070687216653493e+00,9.999397708562979270e-01,3.426022200607445074e-03,1.029686731360232241e-02,1.640596007999569348e-03,2.454354597024509255e-02,-9.295136031783671898e-03,2.059415600090536494e-02,0.000000000000000000e+00,0.000000000000000000e+00,0.000000000000000000e+00,0.000000000000000000e+00,0.000000000000000000e+00,0.000000000000000000e+00
5.500000000000000444e-01,1.121564186797093486e-02,4.804016981811334158e-02,2.008154274852422816e+00,9.999395596467248737e-01,3.748282470327048924e-03,1.018061400564736207e-02,1.783964827136583046e-03,2.526745721205159514e-02,-1.244728453278023776e-02,2.318093394874809823e-02,0.000000000000000000e+00,0.000000000000000000e+00,0.000000000000000000e+00,0.000000000000000000e+00,0.000000000000000000e+00,0.000000000000000000e+00
6.000000000000000888e-01,1.252587928989979359e-02,4.736544983972773570e-02,2.009394233924490791e+00,9.999380807340095823e-01,4.218583578026176110e-03,1.013785882035100547e-02,1.806119907205271536e-03,2.681296396894701506e-02,-1.587586979275070614e-02,2.605411333118908337e-02,0.000000000000000000e+00,0.000000000000000000e+00,0.000000000000000000e+00,0.000000000000000000e+00,0.000000000000000000e+00,0.000000000000000000e+00
6.500000000000000222e-01,1.390942599830254263e-02,4.653502825102482504e-02,2.010733159581137297e+00,9.999352259730786008e-01,4.610776259823946670e-03,1.017141497635150674e-02,2.197024767458662705e-03,2.916919661058901825e-02,-1.782015965325524365e-02,2.748375661245093179e-02,0.000000000000000000e+00,0.000000000000000000e+00,0.000000000000000000e+00,0.000000000000000000e+00,0.000000000000000000e+00,0.000000000000000000e+00
7.000000000000000666e-01,1.545215176839465077e-02,4.559062006604474443e-02,2.012154546131749822e+00,9.999305597825028924e-01,5.118761989693866241e-03,1.033994470342811112e-02,2.399881720681705695e-03,3.130676137843486223e-02,-2.113709346425044974e-02,2.982710312314169887e-02,0.000000000000000000e+00,0.000000000000000000e+00,0.000000000000000000e+00,0.000000000000000000e+00,0.000000000000000000e+00,0.000000000000000000e+00
7.500000000000000000e-01,1.706696328837043614e-02,4.453169944816292442e-02,2.013567927460030660e+00,9.999293840048131266e-01,5.508969540626496540e-03,1.021974210105853174e-02,2.536755751567790988e-03,3.324385835899514030e-02,-2.168159086822927378e-02,2.770132453924627550e-02,0.000000000000000000e+00,0.000000000000000000e+00,0.000000000000000000e+00,0.000000000000000000e+00,0.000000000000000000e+00,0.000000000000000000e+00
8.000000000000000444e-01,1.877221748185115349e-02,4.343248458672543943e-02,2.014976135321382422e+00,9.999288667893225790e-01,5.696951985095268824e-03,1.013550002676492229e-02,2.660401982432258113e-03,3.413325241296145951e-02,-2.227305548578671288e-02,2.791642634371101564e-02,0.000000000000000000e+00,0.000000000000000000e+00,0.000000000000000000e+00,0.000000000000000000e+00,0.000000000000000000e+00,0.000000000000000000e+00
8.500000000000000888e-01,2.049506477844183563e-02,4.225211359401601779e-02,2.016385645678043126e+00,9.999273185619512727e-01,5.963846132373025813e-03,1.008086423280317619e-02,2.857675477543568116e-03,3.416502558990763827e-02,-2.521224575333185294e-02,2.886332327335884920e-02,0.000000000000000000e+00,0.000000000000000000e+00,0.000000000000000000e+00,0.000000000000000000e+00,0.000000000000000000e+00,0.000000000000000000e+00
9.000000000000000222e-01,2.220789481001764556e-02,4.090098699708512309e-02,2.017825399360569261e+00,9.999240830251800993e-01,6.407329126999228644e-03,1.006211756334720632e-02,3.086763653457742090e-03,3.508197841591489258e-02,-2.929421831313009511e-02,2.935923882472211630e-02,0.000000000000000000e+00,0.000000000000000000e+00,0.000000000000000000e+00,0.000000000000000000e+00,0.000000000000000000e+00,0.000000000000000000e+00
9.500000000000000666e-01,2.397375001842697723e-02,3.935629189144550233e-02,2.019352542981547760e+00,9.999239907930119742e-01,6.686119849891484362e-03,9.834695943495553455e-03,3.253796801954418009e-03,3.663069621612764781e-02,-3.265781350456913729e-02,3.142952304331929347e-02,0.000000000000000000e+00,0.000000000000000000e+00,0.000000000000000000e+00,0.000000000000000000e+00,0.000000000000000000e+00,0.000000000000000000e+00
1.000000000000000000e+00,2.586653514016037589e-02,3.763875594710560518e-02,2.020999874085811943e+00,9.999210386449147725e-01,6.866176559711993643e-03,9.902789804617248212e-03,3.564666718105256871e-03,3.910028206663845179e-02,-3.555338804234314809e-02,3.447170667060085736e-02,0.000000000000000000e+00,0.000000000000000000e+00,0.000000000000000000e+00,0.000000000000000000e+00,0.000000000000000000e+00,0.000000000000000000e+00
1.050000000000000044e+00,2.790085073839783034e-02,3.580383853220618640e-02,2.022817574082298453e+00,9.999177298697597971e-01,6.980028350125231859e-03,1.005176716856139539e-02,3.843783699256724060e-03,4.275110231020085028e-02,-3.749002375511098495e-02,3.767001124976857712e-02,0.000000000000000000e+00,0.000000000000000000e+00,0.000000000000000000e+00,0.000000000000000000e+00,0.000000000000000000e+00,0.000000000000000000e+00
1.100000000000000089e+00,4.895069228226503477e-02,3.354596915717605182e-02,2.055133927582347919e+00,9.998775891574024355e-01,9.362074518887372049e-03,1.060284972141637555e-02,6.688635082640916746e-03,7.141155013565379794e-02,-7.682521646342482802e-02,5.412023564130639258e-02,-9.394573398490832158e-04,2.285967365506635669e-03,2.371781635148698109e-02,4.561037538115864792e-03,1.034752287187934352e-03,-4.887931021061968015e-03
1.150000000000000133e+00,1.557209374285405123e-03,5.262647471456824433e-02,2.009438502143920058e+00,9.999156348347307821e-01,5.896804432993136419e-03,8.498511660117700345e-03,7.856602961776770061e-03,8.810180373626949613e-03,-1.974579362635188462e-02,5.437708280066871902e-03,-2.897971294402922234e-03,1.393208177513958123e-03,3.643320639785803394e-02,4.084277035258091458e-03,1.200372120608495961e-03,-4.999950968747873120e-03
1.200000000000000178e+00,2.027896615175568858e-03,5.158647604231189621e-02,2.009740063513852704e+00,9.999156174158420063e-01,6.156010011643888065e-03,8.277704813694398631e-03,7.895643840089125801e-03,9.634534886606177517e-03,-2.040151039925201457e-02,5.812009447702995261e-03,-2.897971294402922234e-03,1.393208177513958123e-03,3.643320639785803394e-02,4.084277035258091458e-03,1.200372120608495961e-03,-4.999950968747873120e-03
1.250000000000000000e+00,2.578911986678383231e-03,5.048499735647549863e-02,2.010027335254516601e+00,9.999140573744839111e-01,6.201052364729581906e-03,8.160139865929613018e-03,8.175385730085891339e-03,1.172407206342489065e-02,-2.311136667643610282e-02,5.818269267119131546e-03,-2.897971294402922234e-03,1.393208177513958123e-03,3.643320639785803394e-02,4.084277035258091458e-03,1.200372120608495961e-03,-4.999950968747873120e-03
1.300000000000000044e+00,3.231896750195612390e-03,4.929512481449953298e-02,2.010341863996973455e+00,9.999147853855652190e-01,6.207908706885258490e-03,7.929050179819364247e-03,8.307466525480419056e-03,1.344697745769981440e-02,-2.432356914082019553e-02,6.424845315536400168e-03,-2.897971294402922234e-03,1.393208177513958123e-03,3.643320639785803394e-02,4.084277035258091458e-03,1.200372120608495961e-03,-4.999950968747873120e-03
1.350000000000000089e+00,3.907830544626038002e-03,4.797466767269731314e-02,2.010604208524651604e+00,9.999127137629113538e-01,6.316907681312819607e-03,7.641432585325511236e-03,8.733272048880087735e-03,1.347714335320486338e-02,-2.794257498771379050e-02,4.169922815094232078e-03,-2.897971294402922234e-03,1.393208177513958123e-03,3.643320639785803394e-02,4.084277035258091458e-03,1.200372120608495961e-03,-4.999950968747873120e-03
1.400000000000000133e+00,4.564358923371245047e-03,4.650208702262986771e-02,2.010774505085552555e+00,9.999087715166757873e-01,6.344527865769535036e-03,7.522209916047272946e-03,9.252673567773010352e-03,1.226541304721475052e-02,-2.982692615911951631e-02,2.369411884638416860e-03,-2.897971294402922234e-03,1.393208177513958123e-03,3.643320639785803394e-02,4.084277035258091458e-03,1.200372120608495961e-03,-4.999950968747873120e-03
1.450000000000000178e+00,5.181210958733476618e-03,4.501649552281786898e-02,2.010879020554997343e+00,9.999075157904068201e-01,6.534432248772544839e-03,7.287046609273847668e-03,9.442457982846689038e-03,1.160434305489918896e-02,-3.087345564488774841e-02,1.745329595675078165e-03,-2.897971294402922234e-03,1.393208177513958123e-03,3.643320639785803394e-02,4.084277035258091458e-03,1.200372120608495961e-03,-4.999950968747873120e-03
1.500000000000000000e+00,5.802019862157267727e-03,4.340019286203276871e-02,2.010992848170641167e+00,9.999051187352234749e-01,6.788828134751609400e-03,7.128896335647394444e-03,9.635568311779247122e-03,1.206067822677236480e-02,-3.292564128217489311e-02,2.505685149250944186e-03,-2.897971294402922234e-03,1.393208177513958123e-03,3.643320639785803394e-02,4.084277035258091458e-03,1.200372120608495961e-03,-4.999950968747873120e-03
1.550000000000000044e+00,6.355351671308667912e-03,4.166998060040362495e-02,2.011123444543710725e+00,9.999034882639298294e-01,6.802294200346245198e-03,6.988970217689876273e-03,9.894303741720449075e-03,9.928840866822922009e-03,-3.473914068537097000e-02,2.308374370114422806e-03,-2.897971294402922234e-03,1.393208177513958123e-03,3.643320639785803394e-02,4.084277035258091458e-03,1.200372120608495961e-03,-4.999950968747873120e-03
1.600000000000000089e+00,6.854217841466417500e-03,3.995971715565944243e-02,2.011230983703503838e+00,9.999006783420145705e-01,6.993621849096152976e-03,6.833204526912036413e-03,1.015037046143230613e-02,1.029350028916324426e-02,-3.431704058499216586e-02,1.758516822258007241e-03,-2.897971294402922234e-03,1.393208177513958123e-03,3.643320639785803394e-02,4.084277035258091458e-03,1.200372120608495961e-03,-4.999950968747873120e-03
1.650000000000000133e+00,7.323008332414473326e-03,3.824915781411790394e-02,2.011327081665969185e+00,9.998979312652047646e-01,7.215504165044663021e-03,6.527982943517228638e-03,1.046178712730651446e-02,8.580870680653818888e-03,-3.423486415308849007e-02,2.047505452383678072e-03,-2.897971294402922234e-03,1.393208177513958123e-03,3.643320639785803394e-02,4.084277035258091458e-03,1.200372120608495961e-03,-4.999950968747873120e-03
1.700000000000000178e+00,7.759990405615731571e-03,3.651655772367124603e-02,2.011408714970595479e+00,9.998942770026605364e-01,7.381222583953286551e-03,6.334285797105565843e-03,1.080875542944984696e-02,8.347370203376532419e-03,-3.509406290682691443e-02,1.712003029738308306e-03,-2.897971294402922234e-03,1.393208177513958123e-03,3.643320639785803394e-02,4.084277035258091458e-03,1.200372120608495961e-03,-4.999950968747873120e-03
1.750000000000000000e+00,8.171617869288865660e-03,3.481368295326425777e-02,2.011498824535521646e+00,9.998911167554916934e-01,7.584143153342565863e-03,6.062610414560287535e-03,1.111216275288244744e-02,7.934235262770200983e-03,-3.433807503300826541e-02,9.227708237370202751e-04,-2.897971294402922234e-03,1.393208177513958123e-03,3.643320639785803394e-02,4.084277035258091458e-03,1.200372120608495961e-03,-4.999950968747873120e-03
1.800000000000000044e+00,8.562813831148626334e-03,3.308047491689779240e-02,2.011497640252638330e+00,9.998885391444245485e-01,7.471025798922234853e-03,5.724975703120263604e-03,1.158955194729648953e-02,7.755431633376524969e-03,-3.446253872069654500e-02,-1.044851129697329552e-03,-2.897971294402922234e-03,1.393208177513958123e-03,3.643320639785803394e-02,4.084277035258091458e-03,1.200372120608495961e-03,-4.999950968747873120e-03
1.850000000000000089e+00,8.931542287676204686e-03,3.140435978554240865e-02,2.011424291119273011e+00,9.998866945573138265e-01,7.567689813354035004e-03,5.543805347152944152e-03,1.177260975361407377e-02,7.647184789987968717e-03,-3.393687444923235846e-02,-1.498127008515368671e-03,-2.897971294402922234e-03,1.393208177513958123e-03,3.643320639785803394e-02,4.084277035258091458e-03,1.200372120608495961e-03,-4.999950968747873120e-03
1.900000000000000133e+00,9.249279790833847201e-03,2.970193590960798491e-02,2.011334181110159047e+00,9.998835043980569548e-01,7.463202482001720164e-03,5.527128228838848120e-03,1.211317856368070850e-02,5.169140265511873791e-03,-3.495583383187578913e-02,-2.140031811585270914e-03,-2.897971294402922234e-03,1.393208177513958123e-03,3.643320639785803394e-02,4.084277035258091458e-03,1.200372120608495961e-03,-4.999950968747873120e-03
1.950000000000000178e+00,9.476570405779821335e-03,2.792350055327622385e-02,2.011226482448499553e+00,9.998834270078816866e-01,7.389117850822858949e-03,5.200789288901954376e-03,1.230792927884946653e-02,5.125252318477920531e-03,-3.558661821527030200e-02,-3.467407471427678620e-03,-2.897971294402922234e-03,1.393208177513958123e-03,3.643320639785803394e-02,4.084277035258091458e-03,1.200372120608495961e-03,-4.999950968747873120e-03
2.000000000000000000e+00,9.710877658141275556e-03,2.607911309087895119e-02,2.011057835866289611e+00,9.998785316806766410e-01,7.507350864435484439e-03,5.158248538473326518e-03,1.264729374640346377e-02,4.664298880559027485e-03,-3.755652783093881009e-02,-3.170151340524618010e-03,-2.897971294402922234e-03,1.393208177513958123e-03,3.643320639785803394e-02,4.084277035258091458e-03,1.200372120608495961e-03,-4.999950968747873120e-03
2.050000000000000266e+00,9.957762613405576543e-03,2.419921805986418109e-02,2.010861280169945697e+00,9.998721168005491045e-01,7.712810569345631903e-03,5.073879150569923606e-03,1.305826743009457294e-02,5.518859949603054267e-03,-3.775833645319687237e-02,-4.461053639582012766e-03,-2.897971294402922234e-03,1.393208177513958123e-03,3.643320639785803394e-02,4.084277035258091458e-03,1.200372120608495961e-03,-4.999950968747873120e-03
2.100000000000000089e+00,1.019613714783438978e-02,2.225934774920811099e-02,2.010636102274458548e+00,9.998690910147133293e-01,7.646518656210541352e-03,4.987227145949401329e-03,1.335886040221308246e-02,2.689346658438666014e-03,-3.888447767112580833e-02,-5.204426799881838560e-03,-2.897971294402922234e-03,1.393208177513958123e-03,3.643320639785803394e-02,4.084277035258091458e-03,1.200372120608495961e-03,-4.999950968747873120e-03
2.149999999999999911e+00,1.032060510121017224e-02,2.034808542206060361e-02,2.010401779114498577e+00,9.998632903165347585e-01,7.660675065763277239e-03,4.830577924779123900e-03,1.383402514969064509e-02,2.293081777483822747e-03,-3.713771167563379577e-02,-3.841978082830571628e-03,-2.897971294402922234e-03,1.393208177513958123e-03,3.643320639785803394e-02,4.084277035258091458e-03,1.200372120608495961e-03,-4.999950968747873120e-03
2.200000000000000178e+00,1.046526925141280651e-02,1.847377147643681702e-02,2.010175078084239786e+00,9.998590132115308116e-01,7.847335761500500231e-03,4.528512799170042805e-03,1.413738281783214618e-02,2.939234844018928303e-03,-3.802603234696864259e-02,-6.235137105058918133e-03,-2.897971294402922234e-03,1.393208177513958123e-03,3.643320639785803394e-02,4.084277035258091458e-03,1.200372120608495961e-03,-4.999950968747873120e-03
2.250000000000000000e+00,1.054087219801828380e-02,1.657585848568914749e-02,2.009863016064869168e+00,9.998534696636670605e-01,8.075946607182006576e-03,4.268946506127433392e-03,1.447737488815584173e-02,5.712692510276708808e-04,-3.824914508688501136e-02,-6.146779458323113621e-03,-2.897971294402922234e-03,1.393208177513958123e-03,3.643320639785803394e-02,4.084277035258091458e-03,1.200372120608495961e-03,-4.999950968747873120e-03
2.300000000000000266e+00,1.057217651323329177e-02,1.462138481212756427e-02,2.009547677757443473e+00,9.998505243055709757e-01,8.149023765877451767e-03,3.795082871262180860e-03,1.476887956272418360e-02,5.567624406129492633e-04,-3.980479033564688490e-02,-7.617572525846962733e-03,-2.897971294402922234e-03,1.393208177513958123e-03,3.643320639785803394e-02,4.084277035258091458e-03,1.200372120608495961e-03,-4.999950968747873120e-03
2.350000000000000089e+00,1.057974879652035134e-02,1.261990714101763472e-02,2.009193121995594744e+00,9.998473534628135040e-01,8.198750107402124829e-03,3.599547929669791920e-03,1.500311716898172949e-02,-5.272298156183680270e-04,-3.943985365221516770e-02,-7.087517624618951823e-03,-2.897971294402922234e-03,1.393208177513958123e-03,3.643320639785803394e-02,4.084277035258091458e-03,1.200372120608495961e-03,-4.999950968747873120e-03
2.400000000000000355e+00,1.056996817470442357e-02,1.063054087206036051e-02,2.008860044845043991e+00,9.998418397087134313e-01,8.348997618556931732e-03,3.352567582022855999e-03,1.534112438084218183e-02,7.635533298527692162e-05,-4.020054842792911837e-02,-7.496022254097090345e-03,-2.897971294402922234e-03,1.393208177513958123e-03,3.643320639785803394e-02,4.084277035258091458e-03,1.200372120608495961e-03,-4.999950968747873120e-03
2.450000000000000178e+00,1.052230779689459356e-02,8.637324959559768492e-03,2.008461405187393023e+00,9.998393575201131034e-01,8.353285749836984395e-03,3.226177350621941414e-03,1.552654342251719340e-02,-1.371050262138669672e-03,-3.909160932011388617e-02,-8.487589836510583269e-03,-2.897971294402922234e-03,1.393208177513958123e-03,3.643320639785803394e-02,4.084277035258091458e-03,1.200372120608495961e-03,-4.999950968747873120e-03
2.500000000000000000e+00,1.044181321690726069e-02,6.643458724754656118e-03,2.008038514197556523e+00,9.998381657378040410e-01,8.350995231096586258e-03,2.935850973778535503e-03,1.566154499956704318e-02,-2.159641351771467328e-03,-4.118594470852367240e-02,-7.996906984121377945e-03,-2.897971294402922234e-03,1.393208177513958123e-03,3.643320639785803394e-02,4.084277035258091458e-03,1.200372120608495961e-03,-4.999950968747873120e-03
2.550000000000000266e+00,1.030298328022853649e-02,4.562666467315431955e-03,2.007610728493783636e+00,9.998319164837928819e-01,8.478676449965048822e-03,2.665327765537413730e-03,1.603579913521252856e-02,-2.706375046822783945e-03,-4.144500393836662161e-02,-8.698813321857533365e-03,-2.897971294402922234e-03,1.393208177513958123e-03,3.643320639785803394e-02,4.084277035258091458e-03,1.200372120608495961e-03,-4.999950968747873120e-03
2.600000000000000089e+00,1.008532645003355419e-02,2.502855057514406008e-03,2.007145447823775797e+00,9.998237883328271458e-01,8.440468826674993666e-03,2.531833305734364735e-03,1.657530059733132097e-02,-5.741071168564478716e-03,-4.141315006746026928e-02,-1.018031980861467713e-02,-2.897971294402922234e-03,1.393208177513958123e-03,3.643320639785803394e-02,4.084277035258091458e-03,1.200372120608495961e-03,-4.999950968747873120e-03
2.650000000000000355e+00,9.758309548589867710e-03,4.002834807517070825e-04,2.006579823168993748e+00,9.998207071121762990e-01,8.376511507665026016e-03,2.243983650823946994e-03,1.683306929958655954e-02,-7.058250111765315173e-03,-4.234958831815274771e-02,-1.221393437209438056e-02,-2.897971294402922234e-03,1.393208177513958123e-03,3.643320639785803394e-02,4.084277035258091458e-03,1.200372120608495961e-03,-4.999950968747873120e-03
2.700000000000000178e+00,9.358305542988882078e-03,-1.703528189785793361e-03,2.005930105643213057e+00,9.998192513634903689e-01,8.231936621957262196e-03,2.255069340257214068e-03,1.698865753001982740e-02,-9.036033191260632938e-03,-4.215479763380601541e-02,-1.364516937765333435e-02,-2.897971294402922234e-03,1.393208177513958123e-03,3.643320639785803394e-02,4.084277035258091458e-03,1.200372120608495961e-03,-4.999950968747873120e-03
2.750000000000000000e+00,8.917101448824618290e-03,-3.811619566527819046e-03,2.005276746919022912e+00,9.998155241077661959e-01,8.326314190347355523e-03,2.071377797824317142e-03,1.718428465590263535e-02,-8.237714680598142228e-03,-4.222917964546370195e-02,-1.326771547818170714e-02,-2.897971294402922234e-03,1.393208177513958123e-03,3.643320639785803394e-02,4.084277035258091458e-03,1.200372120608495961e-03,-4.999950968747873120e-03
2.800000000000000266e+00,8.467263933151468469e-03,-5.945649099932454572e-03,2.004571472782957553e+00,9.998069111761801464e-01,8.221456531621785038e-03,1.883568535272216269e-03,1.774824460101483842e-02,-8.549038210676722718e-03,-4.338305700032889928e-02,-1.452405550912460631e-02,-2.897971294402922234e-03,1.393208177513958123e-03,3.643320639785803394e-02,4.084277035258091458e-03,1.200372120608495961e-03,-4.999950968747873120e-03
2.850000000000000089e+00,7.980415628708895093e-03,-8.048105524812922129e-03,2.003777683791364783e+00,9.997992855339892238e-01,8.316142197681893750e-03,1.700471292509251470e-03,1.814769467607399780e-02,-1.040514942257392966e-02,-3.964529509354704218e-02,-1.649674455984717625e-02,-2.897971294402922234e-03,1.393208177513958123e-03,3.643320639785803394e-02,4.084277035258091458e-03,1.200372120608495961e-03,-4.999950968747873120e-03
2.900000000000000355e+00,7.423341019971585117e-03,-9.943591987070942231e-03,2.002922173850290033e+00,9.997913332267566178e-01,8.290672980448981350e-03,1.414688001964207759e-03,1.861594488745765136e-02,-1.225786186967250252e-02,-3.764029345351284361e-02,-1.806518002298424658e-02,-2.897971294402922234e-03,1.393208177513958123e-03,3.643320639785803394e-02,4.084277035258091458e-03,1.200372120608495961e-03,-4.999950968747873120e-03
2.950000000000000178e+00,6.783801131777005000e-03,-1.178455361519567708e-02,2.001963993671382003e+00,9.997860708772725591e-01,8.362784809445333520e-03,1.306957439597838033e-03,1.887241829409250227e-02,-1.250820482885782285e-02,-3.591034069706098425e-02,-1.857379593798111003e-02,-2.897971294402922234e-03,1.393208177513958123e-03,3.643320639785803394e-02,4.084277035258091458e-03,1.200372120608495961e-03,-4.999950968747873120e-03
3.000000000000000000e+00,6.104939440087061610e-03,-1.355468132710331737e-02,2.000986573170456140e+00,9.997778536010629713e-01,8.387552631033841008e-03,1.087310641483301126e-03,1.930570292121190634e-02,-1.324214816759575891e-02,-3.461637769069634413e-02,-2.013840556032036808e-02,-2.897971294402922234e-03,1.393208177513958123e-03,3.643320639785803394e-02,4.084277035258091458e-03,1.200372120608495961e-03,-4.999950968747873120e-03
3.050000000000000266e+00,5.422561089480320944e-03,-1.527512155528382674e-02,1.999985366049460644e+00,9.997749620465146148e-01,8.185145211875650278e-03,9.864058485484321348e-04,1.954624430044391709e-02,-1.431857682161067485e-02,-3.477380766818119473e-02,-2.023835664631642300e-02,-2.897971294402922234e-03,1.393208177513958123e-03,3.643320639785803394e-02,4.084277035258091458e-03,1.200372120608495961e-03,-4.999950968747873120e-03
3.100000000000000089e+00,4.630375815647507810e-03,-1.694729235686176158e-02,1.998981849074226380e+00,9.997690086462742709e-01,8.254967930228179415e-03,8.369760381683441540e-04,1.982635433024377072e-02,-1.770702404262046101e-02,-3.183689368496629007e-02,-2.142102785697311967e-02,-2.897971294402922234e-03,1.393208177513958123e-03,3.643320639785803394e-02,4.084277035258091458e-03,1.200372120608495961e-03,-4.999950968747873120e-03
3.150000000000000355e+00,3.715656765133361957e-03,-1.852336104153441687e-02,1.997914503702646893e+00,9.997608799670150148e-01,8.313606110580719355e-03,5.042172126523451151e-04,2.021911486738354330e-02,-1.796146390194079331e-02,-3.099625272605431928e-02,-2.079889461288981709e-02,-2.897971294402922234e-03,1.393208177513958123e-03,3.643320639785803394e-02,4.084277035258091458e-03,1.200372120608495961e-03,-4.999950968747873120e-03
3.200000000000000178e+00,2.833761309380950291e-03,-2.007334784097371608e-02,1.996855833727003260e+00,9.997537883881956189e-01,8.210573312313803815e-03,3.934613793898722261e-04,2.061053802007479022e-02,-1.780986462786832147e-02,-3.060828325330459954e-02,-2.158930704234915746e-02,-2.897971294402922234e-03,1.393208177513958123e-03,3.643320639785803394e-02,4.084277035258091458e-03,1.200372120608495961e-03,-4.999950968747873120e-03
3.250000000000000000e+00,1.880401661765186997e-03,-2.159920556197096608e-02,1.995782788823510678e+00,9.997484986901183923e-01,8.211746641573987315e-03,1.359555564828500841e-04,2.086835163676080060e-02,-2.052187995393418840e-02,-2.949910469466849455e-02,-2.158837773118460826e-02,-2.897971294402922234e-03,1.393208177513958123e-03,3.643320639785803394e-02,4.084277035258091458e-03,1.200372120608495961e-03,-4.999950968747873120e-03
3.300000000000000266e+00,8.637156686517269031e-04,-2.307249981491452454e-02,1.994666150674633043e+00,9.997454469713886738e-01,7.967466328275982224e-03,-1.797679399356610442e-04,2.110754423834974858e-02,-1.956076862139260672e-02,-2.835426406461507079e-02,-2.277100548664741375e-02,-2.897971294402922234e-03,1.393208177513958123e-03,3.643320639785803394e-02,4.084277035258091458e-03,1.200372120608495961e-03,-4.999950968747873120e-03
3.350000000000000089e+00,-1.392773384356168944e-04,-2.447068890370345667e-02,1.993528718356620821e+00,9.997370026620856498e-01,8.012219146623001179e-03,-4.692672676010175084e-04,2.148277544468716466e-02,-2.099314738679089118e-02,-2.836034209075742260e-02,-2.248488082206884578e-02,-2.897971294402922234e-03,1.393208177513958123e-03,3.643320639785803394e-02,4.084277035258091458e-03,1.200372120608495961e-03,-4.999950968747873120e-03
3.400000000000000355e+00,-1.254974076024208260e-03,-2.591237274838755281e-02,1.992403568599026675e+00,9.997348300397285170e-01,7.873094011878391252e-03,-3.319701829431829089e-04,2.163732404695392977e-02,-2.357043267263174771e-02,-2.932737194045499304e-02,-2.249992414568775106e-02,-2.897971294402922234e-03,1.393208177513958123e-03,3.643320639785803394e-02,4.084277035258091458e-03,1.200372120608495961e-03,-4.999950968747873120e-03
3.450000000000000178e+00,-2.487549291650797620e-03,-2.734215732852739861e-02,1.991248829525935404e+00,9.997266500158498159e-01,7.815932328480122704e-03,-7.045671565760531401e-04,2.202362447566355574e-02,-2.556010577512371484e-02,-2.854465334684973959e-02,-2.302254386720584134e-02,-2.897971294402922234e-03,1.393208177513958123e-03,3.643320639785803394e-02,4.084277035258091458e-03,1.200372120608495961e-03,-4.999950968747873120e-03
3.500000000000000000e+00,-3.815527646586314853e-03,-2.871832030144436457e-02,1.990057083994697829e+00,9.997164645339133848e-01,7.867363295783988061e-03,-1.021760868122744076e-03,2.245108325478440206e-02,-2.788071969151061438e-02,-2.614935176921214313e-02,-2.371144364857045300e-02,-2.897971294402922234e-03,1.393208177513958123e-03,3.643320639785803394e-02,4.084277035258091458e-03,1.200372120608495961e-03,-4.999950968747873120e-03
3.550000000000000266e+00,-5.265506149628083020e-03,-2.998426551298680187e-02,1.988899146098816129e+00,9.997080990480058382e-01,8.025109208272184977e-03,-1.217645061166051229e-03,2.275591484697567224e-02,-3.038137372301447786e-02,-2.441135493813065271e-02,-2.401403964107966596e-02,-2.897971294402922234e-03,1.393208177513958123e-03,3.643320639785803394e-02,4.084277035258091458e-03,1.200372120608495961e-03,-4.999950968747873120e-03
3.600000000000000089e+00,-6.841855867580180425e-03,-3.120884792143609893e-02,1.987620918601230802e+00,9.997012487315881657e-01,7.914859469075889026e-03,-1.393829281816258555e-03,2.308301375516806295e-02,-3.371035645468774267e-02,-2.355260602531790426e-02,-2.773957494884139729e-02,-2.897971294402922234e-03,1.393208177513958123e-03,3.643320639785803394e-02,4.084277035258091458e-03,1.200372120608495961e-03,-4.999950968747873120e-03
3.650000000000000355e+00,-8.624359454612921805e-03,-3.234952864364664532e-02,1.986213825189564242e+00,9.996931978433719612e-01,7.714559404044266967e-03,-1.581747102371191703e-03,2.348390587186148168e-02,-3.706061375260896046e-02,-2.188248960694371206e-02,-2.768845011855931154e-02,-2.897971294402922234e-03,1.393208177513958123e-03,3.643320639785803394e-02,4.084277035258091458e-03,1.200372120608495961e-03,-4.999950968747873120e-03
3.700000000000000178e+00,-1.049587118730883895e-02,-3.346364829133557928e-02,1.984813117699491203e+00,9.996837119283957795e-01,7.617069933575256781e-03,-1.736775785991313999e-03,2.390481040628453235e-02,-3.790323348384395247e-02,-2.188727269461620759e-02,-2.830896658699880858e-02,-2.897971294402922234e-03,1.393208177513958123e-03,3.643320639785803394e-02,4.084277035258091458e-03,1.200372120608495961e-03,-4.999950968747873120e-03
3.750000000000000000e+00,-1.243252934348187434e-02,-3.455262697347805112e-02,1.983428326927027863e+00,9.996755649814615952e-01,7.557632696757052987e-03,-1.927490340885336688e-03,2.424730393265168982e-02,-3.928804670444857594e-02,-2.135419175460216701e-02,-2.810227613202901514e-02,-2.897971294402922234e-03,1.393208177513958123e-03,3.643320639785803394e-02,4.084277035258091458e-03,1.200372120608495961e-03,-4.999950968747873120e-03
3.800000000000000266e+00,-1.446696858685554699e-02,-3.557659988866039569e-02,1.982027703580635070e+00,9.996717792855971396e-01,7.305405921930857235e-03,-2.056635324593114773e-03,2.446906200543243204e-02,-4.243531164500886216e-02,-1.953598900115874337e-02,-2.772185585375942091e-02,-2.897971294402922234e-03,1.393208177513958123e-03,3.643320639785803394e-02,4.084277035258091458e-03,1.200372120608495961e-03,-4.999950968747873120e-03
3.850000000000000089e+00,-1.659857668981605527e-02,-3.651566687985880605e-02,1.980653947042664509e+00,9.996692251335212998e-01,7.181092638063066823e-03,-2.269309186523997372e-03,2.459110540997543060e-02,-4.346226318906577096e-02,-1.850574033695134152e-02,-2.744728734286402266e-02,-2.897971294402922234e-03,1.393208177513958123e-03,3.643320639785803394e-02,4.084277035258091458e-03,1.200372120608495961e-03,-4.999950968747873120e-03
3.900000000000000355e+00,-1.881818343760371243e-02,-3.739279835716703693e-02,1.979303731323806437e+00,9.996600550815831765e-01,7.230936459965206856e-03,-2.521637849731394806e-03,2.492246325612597693e-02,-4.538772864284477265e-02,-1.677022668057960228e-02,-2.704278843538111127e-02,-2.897971294402922234e-03,1.393208177513958123e-03,3.643320639785803394e-02,4.084277035258091458e-03,1.200372120608495961e-03,-4.999950968747873120e-03
3.950000000000000178e+00,-2.117402697651345200e-02,-3.817428858924973994e-02,1.977948961717691745e+00,9.996603019419351144e-01,6.806278686614697197e-03,-2.651630248100239878e-03,2.501847614917294960e-02,-4.723406141416036652e-02,-1.443860995165893897e-02,-2.668773026365659634e-02,-2.897971294402922234e-03,1.393208177513958123e-03,3.643320639785803394e-02,4.084277035258091458e-03,1.200372120608495961e-03,-4.999950968747873120e-03
4.000000000000000000e+00,-2.355701162657726153e-02,-3.888672018929243551e-02,1.976607909298241372e+00,9.996586237142802700e-01,6.635372946818786193e-03,-2.859665920342307956e-03,2.510836853225936402e-02,-4.995036228715027393e-02,-1.325848237207011455e-02,-2.659366915758561850e-02,-2.897971294402922234e-03,1.393208177513958123e-03,3.643320639785803394e-02,4.084277035258091458e-03,1.200372120608495961e-03,-4.999950968747873120e-03
4.049999999999999822e+00,-4.999851416951175964e-02,-7.736650651299133152e-02,1.941025510852751879e+00,9.996674867106953855e-01,6.201528140282581980e-03,-3.785121668248255574e-03,2.474125939000622679e-02,-7.736761689822757582e-02,-2.703774332775609607e-02,-5.352852604415038462e-02,-1.457910473364218678e-03,3.041294016956519464e-03,4.512902569708412970e-02,4.486283581916867755e-03,1.500451358132708687e-03,-5.035308511831577613e-03
4.100000000000000533e+00,1.174284243316288390e-02,2.536178764622538939e-02,2.002937627193524861e+00,9.997793663446378210e-01,7.201527022319219491e-03,-1.445543994920800565e-03,1.967910167207743283e-02,2.004979070962531473e-03,-1.015400486051365458e-03,-1.003445972727959323e-03,5.760870430448827156e-03,4.566808727204199093e-03,2.652645209768052237e-02,2.831156795118018772e-03,3.940210421595072635e-04,-4.543265797075135386e-03
4.150000000000000355e+00,1.179190180137465113e-02,2.538105004195333886e-02,2.002886752857148345e+00,9.997744577266061139e-01,7.097075900872479477e-03,-1.631493178411439838e-03,1.995002308612055936e-02,1.370093377824397165e-05,9.985207244449412385e-04,-7.379729146862432391e-04,5.760870430448827156e-03,4.566808727204199093e-03,2.652645209768052237e-02,2.831156795118018772e-03,3.940210421595072635e-04,-4.543265797075135386e-03
4.200000000000000178e+00,1.177058568546401895e-02,2.547127284708281675e-02,2.002865664979287974e+00,9.997664833464802170e-01,6.762414887726074519e-03,-1.830608827866201001e-03,2.044253881536390455e-02,-2.631691771698500262e-04,2.050029691039636191e-03,4.284089810157254907e-04,5.760870430448827156e-03,4.566808727204199093e-03,2.652645209768052237e-02,2.831156795118018772e-03,3.940210421595072635e-04,-4.543265797075135386e-03
4.250000000000000000e+00,1.174447016202877052e-02,2.554083412003172598e-02,2.002848920919838793e+00,9.997628984301040189e-01,6.657397039119499101e-03,-2.133377398509061357e-03,2.062218921881147152e-02,-9.441460548907254112e-04,2.332179307271051681e-03,-8.165150357862011217e-04,5.760870430448827156e-03,4.566808727204199093e-03,2.652645209768052237e-02,2.831156795118018772e-03,3.940210421595072635e-04,-4.543265797075135386e-03
4.299999999999999822e+00,1.162622933662638310e-02,2.564640978618000847e-02,2.002832489032420948e+00,9.997571977351252803e-01,6.424983294597853486e-03,-2.468644406213554420e-03,2.093253356068781185e-02,-4.428445763701651001e-03,1.689485718352721176e-03,2.888672149212505530e-04,5.760870430448827156e-03,4.566808727204199093e-03,2.652645209768052237e-02,2.831156795118018772e-03,3.940210421595072635e-04,-4.543265797075135386e-03
4.350000000000000533e+00,1.140347025269552485e-02,2.573168866245104103e-02,2.002862457705121280e+00,9.997456418554792057e-01,6.278897631976987533e-03,-2.642631232488879597e-03,2.149984966626909688e-02,-4.786914563020569155e-03,2.209581167704515164e-03,7.925762574481181851e-05,5.760870430448827156e-03,4.566808727204199093e-03,2.652645209768052237e-02,2.831156795118018772e-03,3.940210421595072635e-04,-4.543265797075135386e-03
4.400000000000000355e+00,1.116357242913221595e-02,2.582757312735054628e-02,2.002923621019248479e+00,9.997375601901687947e-01,6.173638221107945710e-03,-2.839675863138328010e-03,2.187768674050936252e-02,-5.427093905702877301e-03,2.466972194558668657e-03,1.778390695055249819e-03,5.760870430448827156e-03,4.566808727204199093e-03,2.652645209768052237e-02,2.831156795118018772e-03,3.940210421595072635e-04,-4.543265797075135386e-03
4.450000000000000178e+00,1.085939931185339428e-02,2.598500529239007248e-02,2.002987503148311088e+00,9.997301270277856311e-01,6.129053008260341821e-03,-2.974809251535308775e-03,2.220941989666866401e-02,-6.202767700245051703e-03,3.066572381634797596e-03,1.532273140834860279e-04,5.760870430448827156e-03,4.566808727204199093e-03,2.652645209768052237e-02,2.831156795118018772e-03,3.940210421595072635e-04,-4.543265797075135386e-03
4.500000000000000000e+00,1.055352524244961704e-02,2.614855252781561959e-02,2.003014222355898877e+00,9.997265702133064647e-01,5.889538112251977396e-03,-3.215488367607325509e-03,2.239997287768231635e-02,-6.365318843052994620e-03,4.227666801820829066e-03,1.545034941817443512e-03,5.760870430448827156e-03,4.566808727204199093e-03,2.652645209768052237e-02,2.831156795118018772e-03,3.940210421595072635e-04,-4.543265797075135386e-03
4.549999999999999822e+00,1.021686675519942709e-02,2.641618053566551286e-02,2.003070138684660328e+00,9.997232467803010003e-01,5.604489954984897410e-03,-3.332565171477724821e-03,2.260339684153113773e-02,-6.916072404454451372e-03,6.504396897216395759e-03,1.833912794102822820e-03,5.760870430448827156e-03,4.566808727204199093e-03,2.652645209768052237e-02,2.831156795118018772e-03,3.940210421595072635e-04,-4.543265797075135386e-03
4.600000000000000533e+00,9.897518851082651517e-03,2.679140853636382755e-02,2.003121986757891992e+00,9.997141822619469709e-01,5.397202965724108570e-03,-3.773486116400739249e-03,2.298227114544813821e-02,-5.627333988099897898e-03,8.361134179018637688e-03,8.410253927474979543e-04,5.760870430448827156e-03,4.566808727204199093e-03,2.652645209768052237e-02,2.831156795118018772e-03,3.940210421595072635e-04,-4.543265797075135386e-03
4.650000000000000355e+00,9.588655080672190897e-03,2.723717568005094847e-02,2.003205873230796463e+00,9.997046123516759586e-01,5.347500690203480997e-03,-3.941002263717061950e-03,2.337863940247240230e-02,-6.977665464049770047e-03,8.452315317965475305e-03,2.585729530070125966e-03,5.760870430448827156e-03,4.566808727204199093e-03,2.652645209768052237e-02,2.831156795118018772e-03,3.940210421595072635e-04,-4.543265797075135386e-03
4.700000000000000178e+00,9.206772860467924563e-03,2.766117730086875906e-02,2.003306388545055050e+00,9.996927650511273633e-01,5.019830703710040191e-03,-4.046982899642123134e-03,2.393321402460310554e-02,-8.790746013035146203e-03,8.181557264371384919e-03,2.178335909196040063e-03,5.760870430448827156e-03,4.566808727204199093e-03,2.652645209768052237e-02,2.831156795118018772e-03,3.940210421595072635e-04,-4.543265797075135386e-03
4.750000000000000000e+00,8.737539208585198489e-03,2.807210078415979526e-02,2.003372794577655380e+00,9.996861287179861222e-01,4.928642256975243607e-03,-4.413983366058095090e-03,2.416338728723325946e-02,-9.590050710952273752e-03,7.835816719226134167e-03,4.156070990383298582e-04,5.760870430448827156e-03,4.566808727204199093e-03,2.652645209768052237e-02,2.831156795118018772e-03,3.940210421595072635e-04,-4.543265797075135386e-03
4.800000000000000711e+00,8.198404664052538066e-03,2.847279760169232551e-02,2.003418178451562337e+00,9.996758978006800023e-01,4.794927277776182308e-03,-4.426464884545670830e-03,2.460720295830589460e-02,-1.236337118411066915e-02,8.031088127413035446e-03,1.728006921655126163e-03,5.760870430448827156e-03,4.566808727204199093e-03,2.652645209768052237e-02,2.831156795118018772e-03,3.940210421595072635e-04,-4.543265797075135386e-03
4.850000000000000533e+00,7.559844712975301653e-03,2.888892501255932790e-02,2.003510207787005726e+00,9.996666245357463954e-01,4.729546429821294279e-03,-4.621083113284093699e-03,2.495830063796810119e-02,-1.173909276428457098e-02,8.519783582653100637e-03,1.697759168116999562e-03,5.760870430448827156e-03,4.566808727204199093e-03,2.652645209768052237e-02,2.831156795118018772e-03,3.940210421595072635e-04,-4.543265797075135386e-03
4.900000000000000355e+00,6.965729495693750301e-03,2.933349968338576710e-02,2.003644383715969202e+00,9.996648036532780335e-01,4.260940147889978429e-03,-4.813260323249623010e-03,2.507902013576036176e-02,-1.108085910271177157e-02,9.636003960519428507e-03,1.925772122556656521e-03,5.760870430448827156e-03,4.566808727204199093e-03,2.652645209768052237e-02,2.831156795118018772e-03,3.940210421595072635e-04,-4.543265797075135386e-03
4.950000000000000178e+00,6.387672605907299649e-03,2.985602466204341499e-02,2.003757196577867106e+00,9.996588835339814683e-01,4.058445958577282589e-03,-4.972138108904895597e-03,2.531646560286156256e-02,-1.047178079392134878e-02,1.159534706068996585e-02,2.579462676356268115e-03,5.760870430448827156e-03,4.566808727204199093e-03,2.652645209768052237e-02,2.831156795118018772e-03,3.940210421595072635e-04,-4.543265797075135386e-03
5.000000000000000000e+00,5.820907201041209018e-03,3.049278951962396469e-02,2.003915185659977727e+00,9.996471702926791325e-01,4.012468875696305337e-03,-5.148432340703094738e-03,2.574740110756840172e-02,-1.245239474383452900e-02,1.346730896390689949e-02,2.723893303067552625e-03,5.760870430448827156e-03,4.566808727204199093e-03,2.652645209768052237e-02,2.831156795118018772e-03,3.940210421595072635e-04,-4.543265797075135386e-03
5.050000000000000711e+00,5.149407078956687485e-03,3.117836364684247255e-02,2.004041130549619520e+00,9.996426951483707857e-01,3.711971414715619592e-03,-5.345516524656487335e-03,2.592544614471338840e-02,-1.352256547590608392e-02,1.387472769751432050e-02,1.974825457496501985e-03,5.760870430448827156e-03,4.566808727204199093e-03,2.652645209768052237e-02,2.831156795118018772e-03,3.940210421595072635e-04,-4.543265797075135386e-03
5.100000000000000533e+00,4.446393135136668222e-03,3.190380038206509089e-02,2.004134217382033789e+00,9.996292597986550232e-01,3.424001177460091194e-03,-5.742213951148216096e-03,2.639405518803846981e-02,-1.486573517705407077e-02,1.503882560724545750e-02,1.986643045915638221e-03,5.760870430448827156e-03,4.566808727204199093e-03,2.652645209768052237e-02,2.831156795118018772e-03,3.940210421595072635e-04,-4.543265797075135386e-03
5.150000000000000355e+00,3.669231831300075446e-03,3.271642271435672156e-02,2.004283881132564282e+00,9.996236045873848619e-01,3.303893031422554249e-03,-5.686852437406838233e-03,2.663443545329423692e-02,-1.633096020829566744e-02,1.701008409383695033e-02,4.561752346759616328e-03,5.760870430448827156e-03,4.566808727204199093e-03,2.652645209768052237e-02,2.831156795118018772e-03,3.940210421595072635e-04,-4.543265797075135386e-03
5.200000000000000178e+00,2.810292923950465007e-03,3.358690324428541263e-02,2.004436941107568426e+00,9.996112658886359137e-01,3.107688127759555483e-03,-5.803211507690962147e-03,2.709210437039366939e-02,-1.791029010127192025e-02,1.745132634671683544e-02,1.837875890166559053e-03,5.760870430448827156e-03,4.566808727204199093e-03,2.652645209768052237e-02,2.831156795118018772e-03,3.940210421595072635e-04,-4.543265797075135386e-03
5.250000000000000000e+00,1.894789877700868387e-03,3.448589848401228258e-02,2.004617191476194549e+00,9.996023347352485100e-01,2.858814727988933345e-03,-5.972992525534243612e-03,2.741027052915117473e-02,-1.921933757882009902e-02,1.715816119570131790e-02,4.370922211405039483e-03,5.760870430448827156e-03,4.566808727204199093e-03,2.652645209768052237e-02,2.831156795118018772e-03,3.940210421595072635e-04,-4.543265797075135386e-03
5.300000000000000711e+00,9.265041164854978745e-04,3.536363557777312538e-02,2.004919405620031903e+00,9.995935422103829904e-01,2.543378203853698030e-03,-6.111964062584854078e-03,2.772950583600597430e-02,-1.946027447606540894e-02,1.776305853096806289e-02,6.182140589433552345e-03,5.760870430448827156e-03,4.566808727204199093e-03,2.652645209768052237e-02,2.831156795118018772e-03,3.940210421595072635e-04,-4.543265797075135386e-03
5.350000000000000533e+00,-2.959754057272075321e-05,3.631914340525462664e-02,2.005294258429275445e+00,9.995849522800582809e-01,2.218830711455130247e-03,-6.307428534920568250e-03,2.802171141854945674e-02,-1.867679588168852725e-02,1.999457301572251169e-02,7.971937640659629634e-03,5.760870430448827156e-03,4.566808727204199093e-03,2.652645209768052237e-02,2.831156795118018772e-03,3.940210421595072635e-04,-4.543265797075135386e-03
5.400000000000000355e+00,-9.515330674423429008e-04,3.735468231665910882e-02,2.005697643899627458e+00,9.995790866787083173e-01,1.912667620748157793e-03,-6.386828340920735862e-03,2.823472331856018494e-02,-1.896229636474157723e-02,2.095542305622175722e-02,7.749877527570282233e-03,5.760870430448827156e-03,4.566808727204199093e-03,2.652645209768052237e-02,2.831156795118018772e-03,3.940210421595072635e-04,-4.543265797075135386e-03
5.450000000000000178e+00,-1.959988634286982060e-03,3.846258922855262663e-02,2.006076988600130395e+00,9.995722862054609026e-01,1.611096259370381738e-03,-6.328238237805997903e-03,2.850618213014430649e-02,-1.965356440293828874e-02,2.360467409865534341e-02,7.415172300027001763e-03,5.760870430448827156e-03,4.566808727204199093e-03,2.652645209768052237e-02,2.831156795118018772e-03,3.940210421595072635e-04,-4.543265797075135386e-03
5.500000000000000000e+00,-2.934486157203148975e-03,3.971389699578715959e-02,2.006377995648782608e+00,9.995636866176575985e-01,1.088380577299890954e-03,-6.382706725975466518e-03,2.881862033280611912e-02,-1.980136569940941713e-02,2.665429992629197997e-02,5.399214805790219542e-03,5.760870430448827156e-03,4.566808727204199093e-03,2.652645209768052237e-02,2.831156795118018772e-03,3.940210421595072635e-04,-4.543265797075135386e-03
5.550000000000000711e+00,-3.941471896413706495e-03,4.110921823939248099e-02,2.006620951873357317e+00,9.995592356115455823e-01,8.408924145607331660e-04,-6.405775432002027737e-03,2.897573889867961078e-02,-2.058497987098299384e-02,2.911403008464513373e-02,5.055433071420259265e-03,5.760870430448827156e-03,4.566808727204199093e-03,2.652645209768052237e-02,2.831156795118018772e-03,3.940210421595072635e-04,-4.543265797075135386e-03
5.600000000000000533e+00,-4.978934373024547846e-03,4.259869867237095487e-02,2.006912217622265349e+00,9.995497718531496378e-01,5.625993665268987825e-04,-6.515845357440203447e-03,2.928277359724062306e-02,-2.154404809398290099e-02,2.930604667185311707e-02,6.036757473995815054e-03,5.760870430448827156e-03,4.566808727204199093e-03,2.652645209768052237e-02,2.831156795118018772e-03,3.940210421595072635e-04,-4.543265797075135386e-03
5.650000000000000355e+00,-6.095726109227966177e-03,4.412701631830674015e-02,2.007222473537206842e+00,9.995422504880203673e-01,4.838124485085660295e-04,-6.597164594582085803e-03,2.952173494512464955e-02,-2.255417453722804652e-02,3.126793751985494640e-02,5.480637819690762323e-03,5.760870430448827156e-03,4.566808727204199093e-03,2.652645209768052237e-02,2.831156795118018772e-03,3.940210421595072635e-04,-4.543265797075135386e-03
5.700000000000000178e+00,-7.253364314208621787e-03,4.570460261241204858e-02,2.007542664500616691e+00,9.995284641427871763e-01,1.924970221211007651e-04,-6.727314993476877884e-03,2.995923140262455805e-02,-2.353690578209736983e-02,3.252862914234400799e-02,7.345925181094935599e-03,5.760870430448827156e-03,4.566808727204199093e-03,2.652645209768052237e-02,2.831156795118018772e-03,3.940210421595072635e-04,-4.543265797075135386e-03
5.750000000000000000e+00,-8.415652065477008392e-03,4.738987831046721777e-02,2.007929875992152002e+00,9.995237985915139678e-01,3.354561660328924363e-06,-6.846129563080362128e-03,3.008831248081180951e-02,-2.260497596951250091e-02,3.506322555793774109e-02,8.147332149566073253e-03,5.760870430448827156e-03,4.566808727204199093e-03,2.652645209768052237e-02,2.831156795118018772e-03,3.940210421595072635e-04,-4.543265797075135386e-03
5.800000000000000711e+00,-9.540294728792777373e-03,4.924395221241477383e-02,2.008288521158666740e+00,9.995153580549408501e-01,-3.415703811065304188e-04,-7.210545981035515473e-03,3.028102324284250024e-02,-2.304074347849717139e-02,3.843682750815931304e-02,6.053678805869369337e-03,5.760870430448827156e-03,4.566808727204199093e-03,2.652645209768052237e-02,2.831156795118018772e-03,3.940210421595072635e-04,-4.543265797075135386e-03
5.850000000000000533e+00,-1.066579993266055654e-02,5.123640196051694462e-02,2.008609152668459963e+00,9.995026222995753162e-01,-7.042625756865182997e-04,-7.218526763278160577e-03,3.069046923500293525e-02,-2.273488019067253230e-02,4.132907355458540627e-02,7.159711319211577336e-03,5.760870430448827156e-03,4.566808727204199093e-03,2.652645209768052237e-02,2.831156795118018772e-03,3.940210421595072635e-04,-4.543265797075135386e-03
5.900000000000000355e+00,-1.179541468984539841e-02,5.338245365613426135e-02,2.009001794571481092e+00,9.994949540442459313e-01,-1.043007580751936650e-03,-7.468835259555427555e-03,3.087013889088712978e-02,-2.278179052215029490e-02,4.328526924991864255e-02,8.757136308730839938e-03,5.760870430448827156e-03,4.566808727204199093e-03,2.652645209768052237e-02,2.831156795118018772e-03,3.940210421595072635e-04,-4.543265797075135386e-03
5.950000000000000178e+00,-1.299028237534278520e-02,5.559558646998952192e-02,2.009446440053539451e+00,9.994805577912121430e-01,-1.187900305137621747e-03,-7.469989130491055257e-03,3.132734831776727569e-02,-2.458526335111582001e-02,4.441482034541703594e-02,9.193435442967650209e-03,5.760870430448827156e-03,4.566808727204199093e-03,2.652645209768052237e-02,2.831156795118018772e-03,3.940210421595072635e-04,-4.543265797075135386e-03
6.000000000000000000e+00,-1.423141635914815760e-02,5.786189009970542363e-02,2.009930030536793311e+00,9.994598364669107227e-01,-1.440949804509782323e-03,-7.884299806296103663e-03,3.187156679175594948e-02,-2.451853979201594133e-02,4.655034399023932901e-02,9.619624878314572344e-03,5.760870430448827156e-03,4.566808727204199093e-03,2.652645209768052237e-02,2.831156795118018772e-03,3.940210421595072635e-04,-4.543265797075135386e-03
6.050000000000000711e+00,-1.546030363188669217e-02,6.024830506189420010e-02,2.010375974129140708e+00,9.994532788271899282e-01,-1.604734996914766905e-03,-7.854912658284345789e-03,3.207598189143511663e-02,-2.508524208435532893e-02,4.872351800235798919e-02,8.839856865007846703e-03,5.760870430448827156e-03,4.566808727204199093e-03,2.652645209768052237e-02,2.831156795118018772e-03,3.940210421595072635e-04,-4.543265797075135386e-03
6.100000000000000533e+00,-1.666517812134033980e-02,6.275017057598021586e-02,2.010848376720859587e+00,9.994468300888241785e-01,-1.911327373087187004e-03,-7.937173158119726138e-03,3.223944688315667079e-02,-2.446972299029776671e-02,5.096439641538459686e-02,1.006450228329458518e-02,5.760870430448827156e-03,4.566808727204199093e-03,2.652645209768052237e-02,2.831156795118018772e-03,3.940210421595072635e-04,-4.543265797075135386e-03
6.150000000000000355e+00,-1.788902843624457298e-02,6.545743932920805586e-02,2.011341372887018863e+00,9.994338621130429701e-01,-2.186819560159100097e-03,-8.102854897434903780e-03,3.258092731229850908e-02,-2.442384163467511624e-02,5.620990808602899236e-02,9.013827580194984368e-03,5.760870430448827156e-03,4.566808727204199093e-03,2.652645209768052237e-02,2.831156795118018772e-03,3.940210421595072635e-04,-4.543265797075135386e-03
6.200000000000000178e+00,-1.773111962170761252e-02,8.957623381917924343e-02,2.017415947224247219e+00,9.995292570157682244e-01,-3.157968691100628694e-03,-9.201194429216821152e-03,2.909690059659588574e-02,-4.457911934983095625e-02,8.325333948353297320e-02,9.518784893872997074e-03,2.205231022717342969e-03,4.623513592568821370e-03,2.660258225341857741e-02,3.145524697346780384e-03,7.678164850312850422e-04,-4.132020654116067872e-03
6.250000000000000000e+00,5.551456994079297796e-03,4.214071911335538767e-02,2.007105735032831184e+00,9.997516582724137457e-01,-1.199671802734586512e-03,-7.463877684542277735e-03,2.096361369218050635e-02,-9.028602439043437178e-03,2.204993742093519504e-02,-2.067352893051419005e-04,1.702757801021845957e-02,-2.073649489556501566e-03,2.900810387884673880e-02,2.226714243348022586e-03,2.413855533937097567e-04,-3.064266075171900340e-03
6.300000000000000711e+00,5.132920519764010495e-03,4.327376462420136349e-02,2.007073527997802920e+00,9.997487848921309261e-01,-1.382440818638674832e-03,-7.483094963498292465e-03,2.108220230094303219e-02,-7.924934553038349289e-03,2.257884779303238193e-02,-3.467754657978310917e-04,1.702757801021845957e-02,-2.073649489556501566e-03,2.900810387884673880e-02,2.226714243348022586e-03,2.413855533937097567e-04,-3.064266075171900340e-03
6.350000000000000533e+00,4.739853521662221701e-03,4.438922240326120122e-02,2.007007461035484219e+00,9.997445923255482425e-01,-1.587372814889055411e-03,-7.638158614504050870e-03,2.121058453578545180e-02,-7.830323382497342971e-03,2.257456106667274018e-02,-2.148046005827069106e-03,1.702757801021845957e-02,-2.073649489556501566e-03,2.900810387884673880e-02,2.226714243348022586e-03,2.413855533937097567e-04,-3.064266075171900340e-03
6.400000000000000355e+00,4.358872199224076219e-03,4.556476471003101381e-02,2.006878654144685470e+00,9.997336697557402951e-01,-1.846184027637651562e-03,-7.728048632940174613e-03,2.166698930593296754e-02,-7.313024315646244819e-03,2.387602061738996681e-02,-2.889856962326347624e-03,1.702757801021845957e-02,-2.073649489556501566e-03,2.900810387884673880e-02,2.226714243348022586e-03,2.413855533937097567e-04,-3.064266075171900340e-03
6.450000000000000178e+00,3.979445109642332397e-03,4.670309053294150609e-02,2.006697730705294447e+00,9.997252161845744389e-01,-1.964463569926622015e-03,-7.824011288663000260e-03,2.200949465442692335e-02,-6.106774605739920606e-03,2.205479658765249068e-02,-2.808283970485482735e-03,1.702757801021845957e-02,-2.073649489556501566e-03,2.900810387884673880e-02,2.226714243348022586e-03,2.413855533937097567e-04,-3.064266075171900340e-03
6.500000000000000000e+00,3.630860944942068246e-03,4.781444738053596683e-02,2.006554179163844598e+00,9.997160882610134358e-01,-2.292069053306143231e-03,-7.900045003409798122e-03,2.236243681928728674e-02,-6.944423846048429147e-03,2.212749852598104583e-02,-3.325493703177886257e-03,1.702757801021845957e-02,-2.073649489556501566e-03,2.900810387884673880e-02,2.226714243348022586e-03,2.413855533937097567e-04,-3.064266075171900340e-03
6.550000000000000711e+00,3.294581433328075230e-03,4.891983075776437651e-02,2.006397786566614272e+00,9.997078431292898415e-01,-2.438688531588983389e-03,-7.711262798494889978e-03,2.277756813361763583e-02,-7.392651349791804112e-03,2.194086800550571967e-02,-3.985700385741179456e-03,1.702757801021845957e-02,-2.073649489556501566e-03,2.900810387884673880e-02,2.226714243348022586e-03,2.413855533937097567e-04,-3.064266075171900340e-03
6.600000000000000533e+00,2.899619259039796105e-03,5.004147585115153313e-02,2.006163642786578993e+00,9.997011046564288073e-01,-2.524676675032834321e-03,-7.864754803215006501e-03,2.301028005669772392e-02,-8.928920914760449593e-03,2.248592178893958626e-02,-5.264167687192350918e-03,1.702757801021845957e-02,-2.073649489556501566e-03,2.900810387884673880e-02,2.226714243348022586e-03,2.413855533937097567e-04,-3.064266075171900340e-03
6.650000000000000355e+00,2.459555521355233712e-03,5.122827977065098903e-02,2.005923960833624786e+00,9.996932485375241706e-01,-3.070305683192813256e-03,-7.909074149298665757e-03,2.326861830029023498e-02,-9.189752002333758871e-03,2.498350192644388512e-02,-4.505487020213485259e-03,1.702757801021845957e-02,-2.073649489556501566e-03,2.900810387884673880e-02,2.226714243348022586e-03,2.413855533937097567e-04,-3.064266075171900340e-03
6.700000000000000178e+00,2.014164659644455090e-03,5.254751525577262827e-02,2.005677688916815971e+00,9.996833252913746026e-01,-3.123296804006875631e-03,-8.028429321148247005e-03,2.364399446136476041e-02,-8.554027278829326453e-03,2.670037572140899693e-02,-5.485693470039069985e-03,1.702757801021845957e-02,-2.073649489556501566e-03,2.900810387884673880e-02,2.226714243348022586e-03,2.413855533937097567e-04,-3.064266075171900340e-03
6.750000000000000000e+00,1.611554660958475519e-03,5.388987092685013774e-02,2.005430681225819356e+00,9.996702671583640454e-01,-3.376846553609336079e-03,-8.253689232582977001e-03,2.407966945226422753e-02,-7.246349753199470695e-03,2.671047885410564315e-02,-5.647484783699172756e-03,1.702757801021845957e-02,-2.073649489556501566e-03,2.900810387884673880e-02,2.226714243348022586e-03,2.413855533937097567e-04,-3.064266075171900340e-03
6.800000000000000711e+00,1.270675240322984142e-03,5.526115310082757581e-02,2.005228113712417493e+00,9.996639957241802987e-01,-3.779298381717510411e-03,-8.412367703479800909e-03,2.422487618398416406e-02,-6.693636295331869407e-03,2.875316749124166502e-02,-4.164060313050620826e-03,1.702757801021845957e-02,-2.073649489556501566e-03,2.900810387884673880e-02,2.226714243348022586e-03,2.413855533937097567e-04,-3.064266075171900340e-03
6.850000000000000533e+00,9.504711714368776479e-04,5.675939141072479377e-02,2.005065211722832252e+00,9.996549292117565821e-01,-3.859311057629114840e-03,-8.511361232571372157e-03,2.454964257921372559e-02,-6.228779386521726344e-03,2.986381622502662717e-02,-3.481783930740987333e-03,1.702757801021845957e-02,-2.073649489556501566e-03,2.900810387884673880e-02,2.226714243348022586e-03,2.413855533937097567e-04,-3.064266075171900340e-03
6.900000000000000355e+00,6.863439860664427572e-04,5.838933897803204320e-02,2.004916336437128521e+00,9.996484816307248389e-01,-4.103926899521859704e-03,-8.555004784813021596e-03,2.475647088180224498e-02,-4.104357634650132244e-03,3.408816448476197081e-02,-1.828873381572111755e-03,1.702757801021845957e-02,-2.073649489556501566e-03,2.900810387884673880e-02,2.226714243348022586e-03,2.413855533937097567e-04,-3.064266075171900340e-03
6.950000000000000178e+00,4.939607589737562325e-04,6.012371938274006788e-02,2.004906570260376331e+00,9.996417857294487286e-01,-4.390740848128691157e-03,-8.716129351079713455e-03,2.492088898050542206e-02,-3.822664017934501463e-03,3.498501693466040535e-02,5.366553470012817980e-04,1.702757801021845957e-02,-2.073649489556501566e-03,2.900810387884673880e-02,2.226714243348022586e-03,2.413855533937097567e-04,-3.064266075171900340e-03
7.000000000000000000e+00,2.837719626417847980e-04,6.192112483304046400e-02,2.004958320505441094e+00,9.996383694371502315e-01,-4.657549830771043516e-03,-8.878637467518202958e-03,2.495210162150464719e-02,-5.160239786973897999e-03,3.685159030364529298e-02,1.565347982802855944e-03,1.702757801021845957e-02,-2.073649489556501566e-03,2.900810387884673880e-02,2.226714243348022586e-03,2.413855533937097567e-04,-3.064266075171900340e-03
7.050000000000000711e+00,8.625339143112915712e-05,6.380054704556586964e-02,2.005061419334097206e+00,9.996305179639551897e-01,-4.947965051033570080e-03,-9.014892105329408434e-03,2.516101979844456368e-02,-3.461961873386159780e-03,3.791814802236469217e-02,2.480915148446836190e-03,1.702757801021845957e-02,-2.073649489556501566e-03,2.900810387884673880e-02,2.226714243348022586e-03,2.413855533937097567e-04,-3.064266075171900340e-03
7.100000000000000533e+00,-6.568407436213312661e-05,6.572571305967996047e-02,2.005212052807650469e+00,9.996233886462821960e-01,-5.060008252844210366e-03,-9.194738493154486908e-03,2.535614268471579613e-02,-2.347208219091725164e-03,3.894780641074309380e-02,3.526801945634500807e-03,1.702757801021845957e-02,-2.073649489556501566e-03,2.900810387884673880e-02,2.226714243348022586e-03,2.413855533937097567e-04,-3.064266075171900340e-03
7.150000000000000355e+00,-2.176452523252003193e-04,6.772991612168240139e-02,2.005333728405686688e+00,9.996131368770914127e-01,-5.085240174956931307e-03,-9.294802495407436874e-03,2.571621203979412157e-02,-3.640677665342914593e-03,4.071147228726871431e-02,2.178658706191146342e-03,1.702757801021845957e-02,-2.073649489556501566e-03,2.900810387884673880e-02,2.226714243348022586e-03,2.413855533937097567e-04,-3.064266075171900340e-03
7.200000000000000178e+00,-3.284020843750282224e-04,6.979300055197269759e-02,2.005423325501561660e+00,9.995981348866626037e-01,-5.474376795484035829e-03,-9.387042441009964613e-03,2.618173722305286097e-02,-1.146418861169498735e-03,4.171028878359472891e-02,1.818374859674661958e-03,1.702757801021845957e-02,-2.073649489556501566e-03,2.900810387884673880e-02,2.226714243348022586e-03,2.413855533937097567e-04,-3.064266075171900340e-03
7.250000000000000000e+00,-4.024736719956447111e-04,7.191361843795997244e-02,2.005522918994369075e+00,9.995845704543617760e-01,-5.654635561885086072e-03,-9.410420821524184687e-03,2.664874455191453342e-02,-9.312633719332632587e-04,4.220228338598143447e-02,2.230331705654331302e-03,1.702757801021845957e-02,-2.073649489556501566e-03,2.900810387884673880e-02,2.226714243348022586e-03,2.413855533937097567e-04,-3.064266075171900340e-03
7.300000000000000711e+00,-4.001481523592305563e-04,7.403158144249688544e-02,2.005616255833793993e+00,9.995773929531187596e-01,-5.905401128134867526e-03,-9.513647429161104299e-03,2.682633495570839813e-02,-1.067815035150098443e-04,4.286137505060393094e-02,9.594508239425388009e-04,1.702757801021845957e-02,-2.073649489556501566e-03,2.900810387884673880e-02,2.226714243348022586e-03,2.413855533937097567e-04,-3.064266075171900340e-03
7.350000000000000533e+00,-4.092877733766988766e-04,7.616008770218524182e-02,2.005644238295734905e+00,9.995680661546449963e-01,-5.979662297792509573e-03,-9.676474496326940497e-03,2.709779703204109533e-02,8.731078569568983747e-04,4.312616741147717869e-02,4.231982396815702819e-04,1.702757801021845957e-02,-2.073649489556501566e-03,2.900810387884673880e-02,2.226714243348022586e-03,2.413855533937097567e-04,-3.064266075171900340e-03
7.400000000000000355e+00,-3.461396246353536685e-04,7.830475851136364795e-02,2.005631751193964085e+00,9.995604364584470547e-01,-6.237334243815067722e-03,-9.803313846431023493e-03,2.727498058950948018e-02,1.347427500877824459e-03,4.250496973504405696e-02,-9.069013820352792759e-04,1.702757801021845957e-02,-2.073649489556501566e-03,2.900810387884673880e-02,2.226714243348022586e-03,2.413855533937097567e-04,-3.064266075171900340e-03
7.450000000000000178e+00,-2.544655233166792131e-04,8.042359730899226178e-02,2.005604174504706627e+00,9.995491689881965680e-01,-6.449447568600552572e-03,-9.879701836151720193e-03,2.760896399168946344e-02,2.009745736799832365e-03,4.293644618125030260e-02,3.248021775122269346e-04,1.702757801021845957e-02,-2.073649489556501566e-03,2.900810387884673880e-02,2.226714243348022586e-03,2.413855533937097567e-04,-3.064266075171900340e-03
7.500000000000000000e+00,-1.500058973405121558e-04,8.259437124864742186e-02,2.005676724540665035e+00,9.995401214461595574e-01,-6.817014355681965364e-03,-1.006234816241023677e-02,2.778170412572596171e-02,9.407035445446517569e-04,4.437375848369469467e-02,2.200692141258116935e-03,1.702757801021845957e-02,-2.073649489556501566e-03,2.900810387884673880e-02,2.226714243348022586e-03,2.413855533937097567e-04,-3.064266075171900340e-03
7.550000000000000711e+00,-4.436239958162036174e-05,8.485518940375198771e-02,2.005815408207858752e+00,9.995289543638654628e-01,-7.132316998996474609e-03,-1.017591959697828306e-02,2.806154134860424157e-02,2.767604526735356184e-03,4.487707932817668055e-02,3.818294924254186495e-03,1.702757801021845957e-02,-2.073649489556501566e-03,2.900810387884673880e-02,2.226714243348022586e-03,2.413855533937097567e-04,-3.064266075171900340e-03
7.600000000000000533e+00,1.383114994678497404e-04,8.707042464834907625e-02,2.006035263519589940e+00,9.995230029450855591e-01,-7.499902176018273005e-03,-1.006459473596299330e-02,2.821740568849993164e-02,3.772932297847437361e-03,4.364953319493165146e-02,5.329656702283535469e-03,1.702757801021845957e-02,-2.073649489556501566e-03,2.900810387884673880e-02,2.226714243348022586e-03,2.413855533937097567e-04,-3.064266075171900340e-03
7.650000000000000355e+00,3.862626024161348892e-04,8.929501811203702233e-02,2.006273896415594837e+00,9.995149106345374568e-01,-7.675318903157872692e-03,-1.023090350242187273e-02,2.839650528659676959e-02,5.923826679232995461e-03,4.649845553034311768e-02,4.025037619027125105e-03,1.702757801021845957e-02,-2.073649489556501566e-03,2.900810387884673880e-02,2.226714243348022586e-03,2.413855533937097567e-04,-3.064266075171900340e-03
7.700000000000000178e+00,6.465806806688813996e-04,9.168097905535986525e-02,2.006484741848967968e+00,9.995082628150739890e-01,-7.779864439703768238e-03,-1.023830628001297025e-02,2.859866007717193001e-02,4.641392407011463855e-03,4.852866535224253930e-02,4.903253003454113509e-03,1.702757801021845957e-02,-2.073649489556501566e-03,2.900810387884673880e-02,2.226714243348022586e-03,2.413855533937097567e-04,-3.064266075171900340e-03
7.750000000000000000e+00,8.016496943488506414e-04,9.414134282010216959e-02,2.006732986480407988e+00,9.994972744309628121e-01,-7.978913014894062350e-03,-1.037658888310477416e-02,2.887666454645571382e-02,2.731173470875593225e-03,5.053743675993260104e-02,5.029761571370345782e-03,1.702757801021845957e-02,-2.073649489556501566e-03,2.900810387884673880e-02,2.226714243348022586e-03,2.413855533937097567e-04,-3.064266075171900340e-03
7.800000000000000711e+00,9.378604199558959005e-04,9.666833087277110215e-02,2.007014695800795057e+00,9.994984218395202014e-01,-8.124016555552518448e-03,-1.026646872211984390e-02,2.883582347170243060e-02,2.809196775603693599e-03,5.032394969024600595e-02,5.346308573233828597e-03,1.702757801021845957e-02,-2.073649489556501566e-03,2.900810387884673880e-02,2.226714243348022586e-03,2.413855533937097567e-04,-3.064266075171900340e-03
7.850000000000000533e+00,1.089758523276619217e-03,9.917948900279383029e-02,2.007305200096455966e+00,9.994908338661226965e-01,-8.254772879540295261e-03,-1.046166788408019188e-02,2.899112359659431620e-02,2.817913636217059953e-03,5.110432324352779526e-02,6.026134076587609349e-03,1.702757801021845957e-02,-2.073649489556501566e-03,2.900810387884673880e-02,2.226714243348022586e-03,2.413855533937097567e-04,-3.064266075171900340e-03
7.900000000000000355e+00,1.185997427751511561e-03,1.017976538213877652e-01,2.007617203000718220e+00,9.994827805280587230e-01,-8.378756931626261603e-03,-1.038970742124674038e-02,2.925785091017522876e-02,3.367811114395113242e-03,5.298001613417865907e-02,6.490979440673760523e-03,1.702757801021845957e-02,-2.073649489556501566e-03,2.900810387884673880e-02,2.226714243348022586e-03,2.413855533937097567e-04,-3.064266075171900340e-03
7.950000000000000178e+00,1.340180074873841345e-03,1.044424329228975795e-01,2.007947904844533671e+00,9.994732301475643954e-01,-8.626226177838982115e-03,-1.032714673718278069e-02,2.953304049012094035e-02,2.427463230415425385e-03,5.361397088993719029e-02,6.311662751717950041e-03,1.702757801021845957e-02,-2.073649489556501566e-03,2.900810387884673880e-02,2.226714243348022586e-03,2.413855533937097567e-04,-3.064266075171900340e-03
8.000000000000000000e+00,1.458501926962510725e-03,1.071181612576235925e-01,2.008308997509514526e+00,9.994756950141421292e-01,-8.451976359390911062e-03,-1.031457805154977272e-02,2.950438359356665971e-02,1.816559668354635016e-03,5.341696466895715090e-02,7.192209247709322427e-03,1.702757801021845957e-02,-2.073649489556501566e-03,2.900810387884673880e-02,2.226714243348022586e-03,2.413855533937097567e-04,-3.064266075171900340e-03
8.050000000000000711e+00,3.101249914053622655e-04,1.102453009973652642e-01,2.009933373045134974e+00,9.994599558549897012e-01,-8.436435302211962861e-03,-1.038708740000580423e-02,3.001219114090468432e-02,5.011157445338137485e-03,5.163397346975535235e-02,5.850216355332863924e-03,1.546457878164082290e-02,-3.923767002363612658e-03,2.908307614901175717e-02,2.182947698711884543e-03,1.842208823403436598e-04,-3.181665125722047110e-03
8.099999999999999645e+00,1.661475222463445686e-02,8.222418445127052666e-02,2.015357354369152976e+00,9.994018258816405043e-01,-7.832202532781945212e-03,-1.041310682049680948e-02,3.203457872788929156e-02,2.296096909374403111e-03,2.469618790544432507e-02,3.945387298050329061e-03,1.701137850476663535e-02,-6.399961117079025312e-03,2.969193744632485019e-02,1.956182727323093132e-03,2.391630559931073679e-04,-3.067192131823028023e-03
8.150000000000000355e+00,1.670048101288971673e-02,8.347098464386407124e-02,2.015527377874827941e+00,9.993924005248643327e-01,-7.897034309219560372e-03,-1.031357734267143375e-02,3.234341887717977204e-02,1.526149718439152652e-03,2.557500964990121889e-02,3.109009673202505711e-03,1.701137850476663535e-02,-6.399961117079025312e-03,2.969193744632485019e-02,1.956182727323093132e-03,2.391630559931073679e-04,-3.067192131823028023e-03
8.200000000000001066e+00,1.677219610167177480e-02,8.467059341074757717e-02,2.015615459733573367e+00,9.993819852650969171e-01,-8.188441941437954799e-03,-1.030595511029116194e-02,3.259423623019885169e-02,9.761910412582751762e-04,2.268211645937135562e-02,3.135036216077073342e-04,1.701137850476663535e-02,-6.399961117079025312e-03,2.969193744632485019e-02,1.956182727323093132e-03,2.391630559931073679e-04,-3.067192131823028023e-03
8.250000000000000000e+00,1.683064432299119853e-02,8.577342481528446583e-02,2.015583613831773757e+00,9.993779194225046458e-01,-8.110556278915829337e-03,-1.027891525242762699e-02,3.274655628956683884e-02,1.091709430575135828e-03,2.157285244720187276e-02,-1.066581187172384185e-03,1.701137850476663535e-02,-6.399961117079025312e-03,2.969193744632485019e-02,1.956182727323093132e-03,2.391630559931073679e-04,-3.067192131823028023e-03
8.300000000000000711e+00,1.689472531343088821e-02,8.681345226945952342e-02,2.015581718169598524e+00,9.993732663439851560e-01,-8.150068680423415424e-03,-1.019823974614988450e-02,3.290359864115958294e-02,1.759453860837355190e-03,2.060808169439200255e-02,6.099493430566747939e-04,1.701137850476663535e-02,-6.399961117079025312e-03,2.969193744632485019e-02,1.956182727323093132e-03,2.391630559931073679e-04,-3.067192131823028023e-03
8.349999999999999645e+00,1.695466491965069017e-02,8.782226852623073454e-02,2.015634541646078581e+00,9.993690860476764914e-01,-8.319803784840833563e-03,-1.011634267928125143e-02,3.301318415434658510e-02,1.303395353921892605e-03,1.880119795320066983e-02,1.327029151282134792e-03,1.701137850476663535e-02,-6.399961117079025312e-03,2.969193744632485019e-02,1.956182727323093132e-03,2.391630559931073679e-04,-3.067192131823028023e-03
8.400000000000000355e+00,1.702395374791277477e-02,8.873668985289545619e-02,2.015711847790956579e+00,9.993654736975152719e-01,-8.397549167237242096e-03,-9.996814272475236518e-03,3.313902312570848885e-02,2.183762985730754950e-03,1.769166248526946733e-02,1.112782772403036590e-03,1.701137850476663535e-02,-6.399961117079025312e-03,2.969193744632485019e-02,1.956182727323093132e-03,2.391630559931073679e-04,-3.067192131823028023e-03
8.450000000000001066e+00,1.716789559348851080e-02,8.966476675333433233e-02,2.015748532923407055e+00,9.993580643614100589e-01,-8.479153007660295699e-03,-9.760254723515758915e-03,3.341108480460556335e-02,3.777856324643056370e-03,1.951893604917885258e-02,8.531594866357994009e-04,1.701137850476663535e-02,-6.399961117079025312e-03,2.969193744632485019e-02,1.956182727323093132e-03,2.391630559931073679e-04,-3.067192131823028023e-03
8.500000000000000000e+00,1.738576542011060697e-02,9.061741533513838209e-02,2.015824250316102351e+00,9.993495984860639725e-01,-8.772573238357598072e-03,-9.756044816779585113e-03,3.358930713863291645e-02,3.837200410963729005e-03,1.830135047142149307e-02,1.871325464473850295e-03,1.701137850476663535e-02,-6.399961117079025312e-03,2.969193744632485019e-02,1.956182727323093132e-03,2.391630559931073679e-04,-3.067192131823028023e-03
8.550000000000000711e+00,1.760741126384380087e-02,9.147023781947020982e-02,2.015904143361305412e+00,9.993349963652996548e-01,-9.036450481764326040e-03,-9.505221000812549143e-03,3.402290957550121314e-02,5.309962532418230699e-03,1.665427261497349001e-02,1.335867321017154830e-03,1.701137850476663535e-02,-6.399961117079025312e-03,2.969193744632485019e-02,1.956182727323093132e-03,2.391630559931073679e-04,-3.067192131823028023e-03
8.599999999999999645e+00,1.792782176003986441e-02,9.229928273603539568e-02,2.016025177869999130e+00,9.993293332244216343e-01,-9.134688873576371146e-03,-9.417883235768732819e-03,3.418690819265648995e-02,7.236552968250001272e-03,1.588334523023912995e-02,2.379635305941680580e-03,1.701137850476663535e-02,-6.399961117079025312e-03,2.969193744632485019e-02,1.956182727323093132e-03,2.391630559931073679e-04,-3.067192131823028023e-03
8.650000000000000355e+00,1.833676755553194024e-02,9.313372145638788846e-02,2.016093407104962765e+00,9.993199060334876371e-01,-9.142643033890984414e-03,-9.367140384858059846e-03,3.447309334229856081e-02,9.055735846569743647e-03,1.649753875347723109e-02,9.261627626985267448e-04,1.701137850476663535e-02,-6.399961117079025312e-03,2.969193744632485019e-02,1.956182727323093132e-03,2.391630559931073679e-04,-3.067192131823028023e-03
8.700000000000001066e+00,1.881793386345613842e-02,9.397187976984539004e-02,2.016154863116939477e+00,9.993121515333218685e-01,-9.176688629972593741e-03,-9.276114421960818951e-03,3.471261852500436007e-02,9.670805742463315854e-03,1.761908280906547553e-02,8.790216306531379057e-04,1.701137850476663535e-02,-6.399961117079025312e-03,2.969193744632485019e-02,1.956182727323093132e-03,2.391630559931073679e-04,-3.067192131823028023e-03
8.750000000000000000e+00,1.932181741713178205e-02,9.484217594065041945e-02,2.016220602151858721e+00,9.993079769030385195e-01,-9.372817780088048278e-03,-9.072355657810192431e-03,3.483403432902390517e-02,9.924869849513443323e-03,1.774105895473729669e-02,1.266250668626329014e-03,1.701137850476663535e-02,-6.399961117079025312e-03,2.969193744632485019e-02,1.956182727323093132e-03,2.391630559931073679e-04,-3.067192131823028023e-03
8.800000000000000711e+00,1.982802004966933290e-02,9.569590607878321331e-02,2.016271254005437719e+00,9.993045588394040557e-01,-9.388608420190906051e-03,-9.154522506477720881e-03,3.490626637718068082e-02,9.968265150506418551e-03,1.639195422472396885e-02,4.220429320337558063e-04,1.701137850476663535e-02,-6.399961117079025312e-03,2.969193744632485019e-02,1.956182727323093132e-03,2.391630559931073679e-04,-3.067192131823028023e-03
8.849999999999999645e+00,2.033102107710518108e-02,9.653464948490259045e-02,2.016263270909631977e+00,9.993013750021290109e-01,-9.384197711189994420e-03,-9.229081474614623734e-03,3.497889088159344267e-02,1.046325435505714163e-02,1.564960328407017515e-02,-3.083791515049460769e-04,1.701137850476663535e-02,-6.399961117079025312e-03,2.969193744632485019e-02,1.956182727323093132e-03,2.391630559931073679e-04,-3.067192131823028023e-03
8.900000000000000355e+00,2.082293684348655166e-02,9.734716752271148354e-02,2.016262887756799849e+00,9.992862513271808522e-01,-9.429968803431203889e-03,-9.448172461196092942e-03,3.533830264712953251e-02,1.006829756529281812e-02,1.555551574376874517e-02,1.094456940543495896e-03,1.701137850476663535e-02,-6.399961117079025312e-03,2.969193744632485019e-02,1.956182727323093132e-03,2.391630559931073679e-04,-3.067192131823028023e-03
8.950000000000001066e+00,2.130996009776255778e-02,9.814865752727823522e-02,2.016349044618038988e+00,9.992713906849886030e-01,-9.449123908750328704e-03,-9.611660180868081965e-03,3.570739145349771659e-02,8.905098403549548125e-03,1.537032986515807220e-02,1.070205991869271683e-03,1.701137850476663535e-02,-6.399961117079025312e-03,2.969193744632485019e-02,1.956182727323093132e-03,2.391630559931073679e-04,-3.067192131823028023e-03
9.000000000000000000e+00,2.174852783751916180e-02,9.888740302261665727e-02,2.016342029715480155e+00,9.992682204517734368e-01,-9.666725809627088606e-03,-9.441485488178738214e-03,3.578318542338065206e-02,9.023622994328441005e-03,1.417654626873038337e-02,-1.167662372647516877e-03,1.701137850476663535e-02,-6.399961117079025312e-03,2.969193744632485019e-02,1.956182727323093132e-03,2.391630559931073679e-04,-3.067192131823028023e-03
9.050000000000000711e+00,2.223563618686573776e-02,9.958612464700111744e-02,2.016329071516827387e+00,9.992616836747246767e-01,-9.612223273264778461e-03,-9.177773282022136728e-03,3.604803990348467296e-02,1.089611813478835213e-02,1.388267749643939952e-02,-2.852430434618345744e-04,1.701137850476663535e-02,-6.399961117079025312e-03,2.969193744632485019e-02,1.956182727323093132e-03,2.391630559931073679e-04,-3.067192131823028023e-03
9.099999999999999645e+00,2.272558003741691895e-02,1.002796048223226905e-01,2.016306085847266338e+00,9.992577130696193022e-01,-9.685377430890958553e-03,-9.006086162209160986e-03,3.618158021610430597e-02,9.835117527733135828e-03,1.334265135542704421e-02,-3.303970750954618734e-04,1.701137850476663535e-02,-6.399961117079025312e-03,2.969193744632485019e-02,1.956182727323093132e-03,2.391630559931073679e-04,-3.067192131823028023e-03
9.150000000000000355e+00,2.327686112635018664e-02,1.009135531065110669e-01,2.016304626158950786e+00,9.992474879746136018e-01,-9.785310372513926144e-03,-8.991568502339359475e-03,3.643977460421257003e-02,1.146610199235662854e-02,1.257234866996208462e-02,2.201387250563984236e-04,1.701137850476663535e-02,-6.399961117079025312e-03,2.969193744632485019e-02,1.956182727323093132e-03,2.391630559931073679e-04,-3.067192131823028023e-03
9.200000000000001066e+00,2.386868012127479205e-02,1.015199623036358995e-01,2.016340451414757151e+00,9.992431338153736631e-01,-9.627571774798194051e-03,-8.900578014210378669e-03,3.662306780657966637e-02,1.272131145448848061e-02,1.117728227482279492e-02,7.951218634750835141e-04,1.701137850476663535e-02,-6.399961117079025312e-03,2.969193744632485019e-02,1.956182727323093132e-03,2.391630559931073679e-04,-3.067192131823028023e-03
9.250000000000000000e+00,2.452885116753649244e-02,1.020334675570153116e-01,2.016425148493918407e+00,9.992330124178837591e-01,-9.608637045060127238e-03,-8.920062425301559031e-03,3.689842103324382505e-02,1.457353636596736730e-02,1.044128012897193279e-02,1.672044871346144461e-03,1.701137850476663535e-02,-6.399961117079025312e-03,2.969193744632485019e-02,1.956182727323093132e-03,2.391630559931073679e-04,-3.067192131823028023e-03
9.300000000000000711e+00,2.533962805118268949e-02,1.025362825903214647e-01,2.016489990798924659e+00,9.992250313197679201e-01,-9.620653912912897898e-03,-8.750275590638989173e-03,3.715121100831921680e-02,1.781822184486621038e-02,1.082184189198164698e-02,1.262835180822843590e-03,1.701137850476663535e-02,-6.399961117079025312e-03,2.969193744632485019e-02,1.956182727323093132e-03,2.391630559931073679e-04,-3.067192131823028023e-03
9.349999999999999645e+00,2.619618959502690789e-02,1.030634424132749472e-01,2.016537634739365981e+00,9.992158660277024040e-01,-9.647564142821380556e-03,-8.632813821350966005e-03,3.741727021236116585e-02,1.648274834677599873e-02,1.048468753971034360e-02,9.763481176469819296e-04,1.701137850476663535e-02,-6.399961117079025312e-03,2.969193744632485019e-02,1.956182727323093132e-03,2.391630559931073679e-04,-3.067192131823028023e-03
9.400000000000000355e+00,2.698415808828249704e-02,1.035993323870413318e-01,2.016614271935949887e+00,9.992122352456366263e-01,-9.743548347202325363e-03,-8.582732613388632456e-03,3.750078535059640783e-02,1.433610215529930280e-02,1.101912737560614176e-02,2.542660246912825661e-03,1.701137850476663535e-02,-6.399961117079025312e-03,2.969193744632485019e-02,1.956182727323093132e-03,2.391630559931073679e-04,-3.067192131823028023e-03
9.450000000000001066e+00,2.763224962623198749e-02,1.041442258876972560e-01,2.016707176954693814e+00,9.992003609565869304e-01,-9.741469076118005124e-03,-8.611549408353628282e-03,3.780983550946602489e-02,1.141935256735291185e-02,1.051906080978582195e-02,2.457984275669354395e-03,1.701137850476663535e-02,-6.399961117079025312e-03,2.969193744632485019e-02,1.956182727323093132e-03,2.391630559931073679e-04,-3.067192131823028023e-03
9.500000000000000000e+00,2.816624741797576700e-02,1.046516674824936322e-01,2.016844057577412919e+00,9.991931095918394901e-01,-9.841382278218593210e-03,-8.525417651679670708e-03,3.799466005781240718e-02,1.044445249286032017e-02,9.797809630674505013e-03,3.799963072064515331e-03,1.701137850476663535e-02,-6.399961117079025312e-03,2.969193744632485019e-02,1.956182727323093132e-03,2.391630559931073679e-04,-3.067192131823028023e-03
9.550000000000000711e+00,2.877603797851843725e-02,1.051744120779998654e-01,2.017069849538899895e+00,9.991870103162104888e-01,-9.777653766156486209e-03,-8.378461171951848835e-03,3.820362928534696417e-02,1.285621350744756489e-02,1.052911339422274786e-02,5.176199605202312128e-03,1.701137850476663535e-02,-6.399961117079025312e-03,2.969193744632485019e-02,1.956182727323093132e-03,2.391630559931073679e-04,-3.067192131823028023e-03
9.600000000000001421e+00,2.941395724790222058e-02,1.056749341715125245e-01,2.017359655419777464e+00,9.991773389408968864e-01,-9.893551707903900858e-03,-8.258307321964071177e-03,3.845209151355868243e-02,1.263694130227590792e-02,1.026540854053250088e-02,5.995902421666219305e-03,1.701137850476663535e-02,-6.399961117079025312e-03,2.969193744632485019e-02,1.956182727323093132e-03,2.391630559931073679e-04,-3.067192131823028023e-03
9.650000000000000355e+00,3.002246433795857997e-02,1.062028110141504805e-01,2.017634402502725077e+00,9.991641925834429117e-01,-1.005408040713757362e-02,-8.009944265631422852e-03,3.880299626452630296e-02,1.106982940988822384e-02,1.062887181692492161e-02,5.755515712959205672e-03,1.701137850476663535e-02,-6.399961117079025312e-03,2.969193744632485019e-02,1.956182727323093132e-03,2.391630559931073679e-04,-3.067192131823028023e-03
9.700000000000001066e+00,3.051291305298990328e-02,1.067637165822965806e-01,2.017895899942883986e+00,9.991511687148240117e-01,-9.996069357004104886e-03,-7.917726214516794883e-03,3.917052801282150387e-02,9.216288521604628844e-03,1.203256919640969744e-02,4.717731700147389032e-03,1.701137850476663535e-02,-6.399961117079025312e-03,2.969193744632485019e-02,1.956182727323093132e-03,2.391630559931073679e-04,-3.067192131823028023e-03
9.750000000000000000e+00,3.094151395021147236e-02,1.073272730196518504e-01,2.018158072138735104e+00,9.991427898341809222e-01,-9.933802566320901889e-03,-7.677111169638253449e-03,3.944701576839564766e-02,8.915563316886565212e-03,1.083867655070797423e-02,4.544905775852269708e-03,1.701137850476663535e-02,-6.399961117079025312e-03,2.969193744632485019e-02,1.956182727323093132e-03,2.391630559931073679e-04,-3.067192131823028023e-03
9.800000000000000711e+00,3.140108777540502605e-02,1.078846661858062078e-01,2.018365362397372742e+00,9.991347693434384780e-01,-9.930041356905146624e-03,-7.494260993863383069e-03,3.968555177693748603e-02,8.797170021191243194e-03,1.136440581398616943e-02,2.739537956847517674e-03,1.701137850476663535e-02,-6.399961117079025312e-03,2.969193744632485019e-02,1.956182727323093132e-03,2.391630559931073679e-04,-3.067192131823028023e-03
9.850000000000001421e+00,3.186210401237914852e-02,1.084263616997572371e-01,2.018511450563161613e+00,9.991260108726607303e-01,-9.932390984369200010e-03,-7.335706872614347965e-03,3.993431371260297569e-02,9.310868237598130329e-03,1.091663294288299987e-02,3.160187874714892597e-03,1.701137850476663535e-02,-6.399961117079025312e-03,2.969193744632485019e-02,1.956182727323093132e-03,2.391630559931073679e-04,-3.067192131823028023e-03
9.900000000000000355e+00,3.229039930283156973e-02,1.090008024423759908e-01,2.018608496832838384e+00,9.991181483667797014e-01,-9.903648665797553513e-03,-7.053219099538645884e-03,4.018825011835993471e-02,8.778645052446078581e-03,1.243575898423730092e-02,2.145526046141127408e-03,1.701137850476663535e-02,-6.399961117079025312e-03,2.969193744632485019e-02,1.956182727323093132e-03,2.391630559931073679e-04,-3.067192131823028023e-03
9.950000000000001066e+00,3.274389824540112348e-02,1.096324289427582366e-01,2.018713646749301205e+00,9.991118231659366078e-01,-9.845101221440825945e-03,-6.819747585456359742e-03,4.039962666719317669e-02,9.916667358075594019e-03,1.313725918009591570e-02,1.668584323103805729e-03,1.701137850476663535e-02,-6.399961117079025312e-03,2.969193744632485019e-02,1.956182727323093132e-03,2.391630559931073679e-04,-3.067192131823028023e-03
1.000000000000000000e+01,3.325626199684090373e-02,1.102791558699771912e-01,2.018817186117827234e+00,9.991036680253498892e-01,-9.767135234316078399e-03,-6.576565803005302371e-03,4.065971458144428813e-02,1.062725491901571340e-02,1.269362735438605595e-02,1.373895861660837060e-03,1.701137850476663535e-02,-6.399961117079025312e-03,2.969193744632485019e-02,1.956182727323093132e-03,2.391630559931073679e-04,-3.067192131823028023e-03
1.005000000000000071e+01,3.383268395114647636e-02,1.109128954752377216e-01,2.018899793239609330e+00,9.990929020017265128e-01,-9.722880844540640263e-03,-6.502255030767917048e-03,4.094581098679318798e-02,1.254463673836427734e-02,1.276453726562678907e-02,1.820977948712805463e-03,1.701137850476663535e-02,-6.399961117079025312e-03,2.969193744632485019e-02,1.956182727323093132e-03,2.391630559931073679e-04,-3.067192131823028023e-03
1.010000000000000142e+01,3.445659271403997415e-02,1.115549939659934986e-01,2.018982501096986404e+00,9.990807699764171490e-01,-9.708874340899915217e-03,-6.252482397031585738e-03,4.128267537644386004e-02,1.276630142245217987e-02,1.197809319609211519e-02,2.201929374782471156e-03,1.701137850476663535e-02,-6.399961117079025312e-03,2.969193744632485019e-02,1.956182727323093132e-03,2.391630559931073679e-04,-3.067192131823028023e-03
1.015000000000000036e+01,3.513076026531564144e-02,1.121505868168748143e-01,2.019086737224181860e+00,9.990680826390865299e-01,-9.778247638973194128e-03,-6.089538116229017972e-03,4.159651007598166861e-02,1.475967951704393495e-02,1.213320993996258763e-02,2.088480344786564080e-03,1.701137850476663535e-02,-6.399961117079025312e-03,2.969193744632485019e-02,1.956182727323093132e-03,2.391630559931073679e-04,-3.067192131823028023e-03
1.020000000000000107e+01,3.592275707325662260e-02,1.127942108660169584e-01,2.019198157811095129e+00,9.990528134757165057e-01,-9.568937514860100316e-03,-5.888373914474703125e-03,4.203853439090520644e-02,1.630437312601695776e-02,1.421483059480564692e-02,2.373223793439301933e-03,1.701137850476663535e-02,-6.399961117079025312e-03,2.969193744632485019e-02,1.956182727323093132e-03,2.391630559931073679e-04,-3.067192131823028023e-03
1.025000000000000000e+01,3.671892274506126375e-02,1.136027949434714746e-01,2.019319545577114461e+00,9.990416490720948062e-01,-9.410578004819786235e-03,-5.845367183993169409e-03,4.234449342487104501e-02,1.570511099964111423e-02,1.707223169413241495e-02,2.256937273632444053e-03,1.701137850476663535e-02,-6.399961117079025312e-03,2.969193744632485019e-02,1.956182727323093132e-03,2.391630559931073679e-04,-3.067192131823028023e-03
1.030000000000000071e+01,3.755583911388189061e-02,1.144318774515879766e-01,2.019398297079259219e+00,9.990203051970659720e-01,-9.427500092805882886e-03,-5.753238885589127133e-03,4.285384799859397881e-02,1.727375941371079443e-02,1.586245961535183088e-02,1.589791064628049127e-03,1.701137850476663535e-02,-6.399961117079025312e-03,2.969193744632485019e-02,1.956182727323093132e-03,2.391630559931073679e-04,-3.067192131823028023e-03
1.035000000000000142e+01,3.839701608512256087e-02,1.152811257841343806e-01,2.019498522363009307e+00,9.990126854297363135e-01,-9.204379493049774999e-03,-5.595488473969386332e-03,4.310016539819935127e-02,1.596402568840744537e-02,1.768959129968893096e-02,2.817757677431396296e-03,1.701137850476663535e-02,-6.399961117079025312e-03,2.969193744632485019e-02,1.956182727323093132e-03,2.391630559931073679e-04,-3.067192131823028023e-03
1.040000000000000036e+01,3.923630065620269808e-02,1.162446411292549359e-01,2.019643813197490978e+00,9.989941783823750310e-01,-9.261662464605571396e-03,-5.445328267152605740e-03,4.353391283330834693e-02,1.697293838837242094e-02,1.973152172298961796e-02,2.086252512839386220e-03,1.701137850476663535e-02,-6.399961117079025312e-03,2.969193744632485019e-02,1.956182727323093132e-03,2.391630559931073679e-04,-3.067192131823028023e-03
1.045000000000000107e+01,4.010547879371888225e-02,1.171417530380221839e-01,2.019763827403772360e+00,9.989799538461671125e-01,-9.181072013029020762e-03,-5.063917905346360625e-03,4.392170836442117754e-02,1.838701385870044475e-02,1.651316568166899534e-02,2.270627390305832247e-03,1.701137850476663535e-02,-6.399961117079025312e-03,2.969193744632485019e-02,1.956182727323093132e-03,2.391630559931073679e-04,-3.067192131823028023e-03
1.050000000000000000e+01,4.103257240159034758e-02,1.179958858967938562e-01,2.019930727956551486e+00,9.989739457834232450e-01,-8.947843663140655698e-03,-4.922848910580611415e-03,4.412207268795947240e-02,1.783874702561122697e-02,1.774084773571671381e-02,4.777465343712913003e-03,1.701137850476663535e-02,-6.399961117079025312e-03,2.969193744632485019e-02,1.956182727323093132e-03,2.391630559931073679e-04,-3.067192131823028023e-03
1.055000000000000071e+01,4.195242852159126318e-02,1.189100973224285485e-01,2.020175404003051511e+00,9.989658062750321754e-01,-9.008006970224835194e-03,-4.658294562041821393e-03,4.432238706875403500e-02,1.816390889800427455e-02,1.809303042208762480e-02,5.754963950442246699e-03,1.701137850476663535e-02,-6.399961117079025312e-03,2.969193744632485019e-02,1.956182727323093132e-03,2.391630559931073679e-04,-3.067192131823028023e-03
1.060000000000000142e+01,4.288569356258955384e-02,1.198871398959297507e-01,2.020428679331602861e+00,9.989554200863484112e-01,-8.813950208318052995e-03,-4.440903319131188874e-03,4.461682798611516648e-02,1.977798412188548280e-02,2.051711391324120490e-02,5.391582301460400711e-03,1.701137850476663535e-02,-6.399961117079025312e-03,2.969193744632485019e-02,1.956182727323093132e-03,2.391630559931073679e-04,-3.067192131823028023e-03
1.065000000000000036e+01,4.387613760676329494e-02,1.209513326055417226e-01,2.020744740796410088e+00,9.989538234902594072e-01,-8.812035432012567393e-03,-4.332748276750434183e-03,4.466356298043212131e-02,1.978205459460857102e-02,2.249298912439966561e-02,6.582803418747226049e-03,1.701137850476663535e-02,-6.399961117079025312e-03,2.969193744632485019e-02,1.956182727323093132e-03,2.391630559931073679e-04,-3.067192131823028023e-03
1.070000000000000107e+01,4.489903396526756518e-02,1.220962225635295745e-01,2.021092195927438162e+00,9.989464427523738754e-01,-8.829646890902804676e-03,-3.856330753527230891e-03,4.486836927368220013e-02,1.993629667084001814e-02,2.299258680288215895e-02,6.801412167482750494e-03,1.701137850476663535e-02,-6.399961117079025312e-03,2.969193744632485019e-02,1.956182727323093132e-03,2.391630559931073679e-04,-3.067192131823028023e-03
1.075000000000000000e+01,4.592324894344172043e-02,1.232691619988492138e-01,2.021399553374095603e+00,9.989340283397607489e-01,-8.687782289878905398e-03,-3.634179538325381636e-03,4.518984623635051434e-02,2.182227828042282089e-02,2.409826782451109789e-02,5.681831779699057089e-03,1.701137850476663535e-02,-6.399961117079025312e-03,2.969193744632485019e-02,1.956182727323093132e-03,2.391630559931073679e-04,-3.067192131823028023e-03
1.080000000000000071e+01,4.704653612003752844e-02,1.244591696948967874e-01,2.021705771711495458e+00,9.989150344613922927e-01,-8.732887109087116018e-03,-3.417095758904020123e-03,4.561594092321261118e-02,2.248460604772161905e-02,2.349986462105246518e-02,5.592985650016545768e-03,1.701137850476663535e-02,-6.399961117079025312e-03,2.969193744632485019e-02,1.956182727323093132e-03,2.391630559931073679e-04,-3.067192131823028023e-03
1.085000000000000142e+01,4.811316643790748693e-02,1.256261830248838474e-01,2.021975840150949111e+00,9.989084361493929531e-01,-8.613014868873572483e-03,-3.245857188214359892e-03,4.579537722911063147e-02,2.078958494864834722e-02,2.314516584696955578e-02,5.744710381233829322e-03,1.701137850476663535e-02,-6.399961117079025312e-03,2.969193744632485019e-02,1.956182727323093132e-03,2.391630559931073679e-04,-3.067192131823028023e-03
1.090000000000000036e+01,4.919352734640315000e-02,1.268337403233431304e-01,2.022283178119906655e+00,9.989040122167190949e-01,-8.644299320675617390e-03,-2.973215872506776002e-03,4.590436203642151575e-02,2.230943369326586143e-02,2.573512274205195724e-02,6.221808395661772122e-03,1.701137850476663535e-02,-6.399961117079025312e-03,2.969193744632485019e-02,1.956182727323093132e-03,2.391630559931073679e-04,-3.067192131823028023e-03
1.095000000000000107e+01,5.036152594394355947e-02,1.281235584355166768e-01,2.022642265086411317e+00,9.988966137535719714e-01,-8.526581599289302302e-03,-2.692341421825452177e-03,4.610427025283116154e-02,2.375165533401171758e-02,2.759921638726494167e-02,7.749764755694647615e-03,1.701137850476663535e-02,-6.399961117079025312e-03,2.969193744632485019e-02,1.956182727323093132e-03,2.391630559931073679e-04,-3.067192131823028023e-03
1.100000000000000000e+01,5.166089367909849905e-02,1.295306583237761100e-01,2.023069616715762908e+00,9.988891827326891182e-01,-8.475642130702580948e-03,-2.463139436717606563e-03,4.628711542327798578e-02,2.669607251261350497e-02,2.808756577145327810e-02,7.639796139257490001e-03,1.701137850476663535e-02,-6.399961117079025312e-03,2.969193744632485019e-02,1.956182727323093132e-03,2.391630559931073679e-04,-3.067192131823028023e-03
1.105000000000000071e+01,5.298861245739697190e-02,1.310178959291584122e-01,2.023513073848366872e+00,9.988840491046989678e-01,-8.304750162446156853e-03,-2.241018978542758978e-03,4.643991174494696561e-02,2.603824983724295494e-02,3.037744822753484647e-02,9.577304290399366038e-03,1.701137850476663535e-02,-6.399961117079025312e-03,2.969193744632485019e-02,1.956182727323093132e-03,2.391630559931073679e-04,-3.067192131823028023e-03
1.110000000000000142e+01,5.430120132477472827e-02,1.326173176141017540e-01,2.023944785388613887e+00,9.988748347326298349e-01,-8.058960775264318449e-03,-2.052633444671971008e-03,4.668944618461569329e-02,2.710737538028589605e-02,3.404022300849984806e-02,8.963199035836541886e-03,1.701137850476663535e-02,-6.399961117079025312e-03,2.969193744632485019e-02,1.956182727323093132e-03,2.391630559931073679e-04,-3.067192131823028023e-03
1.115000000000000036e+01,5.569655759947745449e-02,1.343021352117748091e-01,2.024337203742859526e+00,9.988650230111804085e-01,-7.704213266377823999e-03,-1.760345639285611826e-03,4.697033197722179365e-02,2.862391121908947067e-02,3.336955729689725786e-02,7.086067603741194772e-03,1.701137850476663535e-02,-6.399961117079025312e-03,2.969193744632485019e-02,1.956182727323093132e-03,2.391630559931073679e-04,-3.067192131823028023e-03
1.120000000000000107e+01,5.718868772682141749e-02,1.359807773797932773e-01,2.024688317154613504e+00,9.988558921189357731e-01,-7.614726156727193336e-03,-1.541233218603913760e-03,4.718630442203323311e-02,3.015627780702785643e-02,3.368323961738705491e-02,7.494526187719132392e-03,1.701137850476663535e-02,-6.399961117079025312e-03,2.969193744632485019e-02,1.956182727323093132e-03,2.391630559931073679e-04,-3.067192131823028023e-03
1.125000000000000000e+01,5.868880566277481781e-02,1.376264494715352393e-01,2.025143812502318230e+00,9.988427471743598351e-01,-7.419542008424985860e-03,-1.163633888459851768e-03,4.750539726953877800e-02,3.105034065205417027e-02,3.144540881580330793e-02,1.096237095300640722e-02,1.701137850476663535e-02,-6.399961117079025312e-03,2.969193744632485019e-02,1.956182727323093132e-03,2.391630559931073679e-04,-3.067192131823028023e-03
1.130000000000000071e+01,6.024150748980033193e-02,1.391901655872523347e-01,2.025676601631333895e+00,9.988337916964438179e-01,-7.117075121035370579e-03,-7.507507755085339159e-04,4.774767198827390563e-02,3.185985045922628406e-02,3.225057385914523872e-02,1.015257152078614077e-02,1.701137850476663535e-02,-6.399961117079025312e-03,2.969193744632485019e-02,1.956182727323093132e-03,2.391630559931073679e-04,-3.067192131823028023e-03
1.135000000000000142e+01,6.184744757903416074e-02,1.408079129082440706e-01,2.026235357237590851e+00,9.988147333534440619e-01,-7.030701463969911413e-03,-5.139018607847711372e-04,4.816049810675022275e-02,3.254171218229696960e-02,3.320643583323249631e-02,1.136507228501246365e-02,1.701137850476663535e-02,-6.399961117079025312e-03,2.969193744632485019e-02,1.956182727323093132e-03,2.391630559931073679e-04,-3.067192131823028023e-03
1.140000000000000036e+01,6.344989825042506026e-02,1.424822520879421572e-01,2.026829440798968651e+00,9.988085137236261124e-01,-6.793240177562414293e-03,-2.852745649348043607e-04,4.832518411256741392e-02,3.365174269584200045e-02,3.589404311686299198e-02,1.135252806708228306e-02,1.701137850476663535e-02,-6.399961117079025312e-03,2.969193744632485019e-02,1.956182727323093132e-03,2.391630559931073679e-04,-3.067192131823028023e-03
1.145000000000000107e+01,6.516404261087721528e-02,1.442504962310450500e-01,2.027470153392530339e+00,9.988040840092821115e-01,-6.627622198627881184e-03,-4.616117118382877732e-05,4.844041968766955170e-02,3.601523195480049733e-02,3.525173550725739513e-02,1.352226849500597766e-02,1.701137850476663535e-02,-6.399961117079025312e-03,2.969193744632485019e-02,1.956182727323093132e-03,2.391630559931073679e-04,-3.067192131823028023e-03
1.150000000000000000e+01,6.701671906942799350e-02,1.459906196816992130e-01,2.028173209185782255e+00,9.987970697333419245e-01,-6.421616801042415341e-03,2.633988399553963892e-04,4.861179847322405490e-02,3.853088334208702032e-02,3.522639225770780869e-02,1.462345635745422243e-02,1.701137850476663535e-02,-6.399961117079025312e-03,2.969193744632485019e-02,1.956182727323093132e-03,2.391630559931073679e-04,-3.067192131823028023e-03
1.155000000000000071e+01,6.891240036832148308e-02,1.478288808472840443e-01,2.028911442337501203e+00,9.987899796439794198e-01,-6.386945428435901982e-03,5.586254675329926662e-04,4.875932145201041651e-02,3.843572519891990530e-02,3.599894006102372784e-02,1.522216261667768723e-02,1.701137850476663535e-02,-6.399961117079025312e-03,2.969193744632485019e-02,1.956182727323093132e-03,2.391630559931073679e-04,-3.067192131823028023e-03
1.160000000000000142e+01,7.084189908008946268e-02,1.496667079590118521e-01,2.029691259934315095e+00,9.987872736276317553e-01,-5.900463487815094631e-03,7.481287660397469659e-04,4.887337591634619699e-02,3.897515236422541968e-02,3.706369296825909321e-02,1.597618167932715952e-02,1.701137850476663535e-02,-6.399961117079025312e-03,2.969193744632485019e-02,1.956182727323093132e-03,2.391630559931073679e-04,-3.067192131823028023e-03
1.165000000000000036e+01,7.285983414287942883e-02,1.515561019507757345e-01,2.030517767236898585e+00,9.987795456405912375e-01,-5.735061919274195459e-03,9.228396204123884066e-04,4.904769761967788660e-02,4.120241300974091664e-02,3.815811715325723164e-02,1.765902180400380495e-02,1.701137850476663535e-02,-6.399961117079025312e-03,2.969193744632485019e-02,1.956182727323093132e-03,2.391630559931073679e-04,-3.067192131823028023e-03
1.170000000000000107e+01,6.071029875256071101e-02,1.073080214755098988e-01,2.023154195476998929e+00,9.987433366920406286e-01,-4.902610464949743591e-03,1.169570703233263056e-03,4.986325228310162921e-02,3.056414808600275632e-02,2.715931490302517931e-02,1.383822100465256083e-02,2.238021749238966462e-02,-1.387929874456403367e-02,3.017207170098011246e-02,1.943522847631558087e-03,2.881515432850470493e-04,-2.962426145368264076e-03
1.175000000000000000e+01,6.230279084850969679e-02,1.087079361151995771e-01,2.023801601789749327e+00,9.987347665936079366e-01,-4.712631680347586539e-03,1.586126622200692213e-03,5.004139588575892000e-02,3.395335355113813375e-02,2.730803041725454738e-02,1.289496511023727372e-02,2.238021749238966462e-02,-1.387929874456403367e-02,3.017207170098011246e-02,1.943522847631558087e-03,2.881515432850470493e-04,-2.962426145368264076e-03
1.180000000000000071e+01,6.404451668097901895e-02,1.100666756631636933e-01,2.024456212173352032e+00,9.987102395689306800e-01,-4.374100509508173189e-03,1.751567440901984725e-03,5.055350271150275965e-02,3.526866602433292863e-02,2.679103363086547326e-02,1.328411172030942444e-02,2.238021749238966462e-02,-1.387929874456403367e-02,3.017207170098011246e-02,1.943522847631558087e-03,2.881515432850470493e-04,-2.962426145368264076e-03
1.185000000000000142e+01,6.582277032441254117e-02,1.114382316674506768e-01,2.025102300795485810e+00,9.987070973157629039e-01,-4.103397378756482722e-03,1.987829763748755196e-03,5.062948186487443297e-02,3.472161333127263966e-02,2.748162674459198734e-02,1.296792463643820642e-02,2.238021749238966462e-02,-1.387929874456403367e-02,3.017207170098011246e-02,1.943522847631558087e-03,2.881515432850470493e-04,-2.962426145368264076e-03
1.190000000000000036e+01,6.761117714005188128e-02,1.128228253858361563e-01,2.025771060455820116e+00,9.987038969785583253e-01,-3.973562423589001476e-03,2.299082600927441523e-03,5.068975419846689923e-02,3.732783620905446437e-02,2.738504582643567359e-02,1.421433647822140274e-02,2.238021749238966462e-02,-1.387929874456403367e-02,3.017207170098011246e-02,1.943522847631558087e-03,2.881515432850470493e-04,-2.962426145368264076e-03
1.195000000000000107e+01,6.954166550245785561e-02,1.141875991092925202e-01,2.026442311540856966e+00,9.986869824452527800e-01,-3.734554565739160552e-03,2.625832256733517077e-03,5.102420211576420839e-02,4.003231234018771872e-02,2.664864129811246596e-02,1.281495686516953038e-02,2.238021749238966462e-02,-1.387929874456403367e-02,3.017207170098011246e-02,1.943522847631558087e-03,2.881515432850470493e-04,-2.962426145368264076e-03
1.200000000000000000e+01,7.158641331747442327e-02,1.155046380240229154e-01,2.027161225074451956e+00,9.986696368484051511e-01,-3.508117737981846472e-03,2.751636509452710065e-03,5.137195775450756341e-02,4.154723599291293423e-02,2.601032047353638021e-02,1.550234391335637146e-02,2.238021749238966462e-02,-1.387929874456403367e-02,3.017207170098011246e-02,1.943522847631558087e-03,2.881515432850470493e-04,-2.962426145368264076e-03
1.205000000000000071e+01,7.365073431221444422e-02,1.168325072996627412e-01,2.027929208132310812e+00,9.986596065903701192e-01,-3.338185694260449501e-03,2.916246879153526397e-03,5.156881019742013544e-02,4.170409365578156557e-02,2.674047862434868889e-02,1.519389690358477138e-02,2.238021749238966462e-02,-1.387929874456403367e-02,3.017207170098011246e-02,1.943522847631558087e-03,2.881515432850470493e-04,-2.962426145368264076e-03
1.210000000000000142e+01,7.577537552843068014e-02,1.182359441720869930e-01,2.028673042528885251e+00,9.986462960167333813e-01,-2.842713435182780621e-03,3.184938148092114531e-03,5.183966243502416416e-02,4.378253405535717513e-02,2.941802028049271545e-02,1.369993264693357068e-02,2.238021749238966462e-02,-1.387929874456403367e-02,3.017207170098011246e-02,1.943522847631558087e-03,2.881515432850470493e-04,-2.962426145368264076e-03
1.215000000000000036e+01,7.799169847356016150e-02,1.197284915869131772e-01,2.029377673990056863e+00,9.986294394060764024e-01,-2.558804399075102851e-03,3.301568230820970361e-03,5.217082440186508047e-02,4.598819457536526545e-02,2.966039208825404713e-02,1.378298576007275754e-02,2.238021749238966462e-02,-1.387929874456403367e-02,3.017207170098011246e-02,1.943522847631558087e-03,2.881515432850470493e-04,-2.962426145368264076e-03
1.220000000000000107e+01,8.036295246373059697e-02,1.212773991643208565e-01,2.030054920379356087e+00,9.986114824712665206e-01,-2.449421707559060191e-03,3.587116853996009762e-03,5.249990478575899955e-02,4.820535175360059210e-02,3.106553108567452343e-02,1.344674384963630981e-02,2.238021749238966462e-02,-1.387929874456403367e-02,3.017207170098011246e-02,1.943522847631558087e-03,2.881515432850470493e-04,-2.962426145368264076e-03
1.225000000000000000e+01,7.694665159634765661e-02,1.211858819307311541e-01,2.031503519936291191e+00,9.985366408105087466e-01,-2.442169891088959675e-03,3.734665616805812015e-03,5.389494445510333714e-02,4.485871174480254853e-02,3.483240038712429043e-02,1.709040918082905744e-02,2.507009062546513428e-02,-9.037486703645184610e-03,2.994393689846438708e-02,1.979316498437981922e-03,3.328690505465965450e-04,-3.019372117702072249e-03
1.230000000000000071e+01,6.875896874171977258e-02,1.032549454224091223e-01,2.028883634062798258e+00,9.985068756236458176e-01,-2.102220590963676562e-03,3.902840056585348688e-03,5.444600848900479212e-02,3.805385407747166604e-02,2.970428505636115921e-02,1.585796575670051986e-02,2.685428198516278536e-02,-1.118479369516715491e-02,3.006583095916365300e-02,1.976665655162320508e-03,3.633819303605224775e-04,-3.009061120912044640e-03
1.235000000000000142e+01,7.072714838302976426e-02,1.047579976546910985e-01,2.029663041544206958e+00,9.984945010128769560e-01,-1.974228441223363148e-03,4.067520108831964958e-03,5.466524626553795341e-02,4.092345040615733009e-02,3.012627479869064290e-02,1.539918173111698603e-02,2.685428198516278536e-02,-1.118479369516715491e-02,3.006583095916365300e-02,1.976665655162320508e-03,3.633819303605224775e-04,-3.009061120912044640e-03
1.240000000000000036e+01,7.285217914410335727e-02,1.062555872901424503e-01,2.030458804277840645e+00,9.984851074394299753e-01,-1.828559333422896281e-03,4.334853036365216884e-03,5.482112404527109822e-02,4.425617268694505974e-02,3.101221697714865236e-02,1.517114157067881927e-02,2.685428198516278536e-02,-1.118479369516715491e-02,3.006583095916365300e-02,1.976665655162320508e-03,3.633819303605224775e-04,-3.009061120912044640e-03
1.245000000000000107e+01,7.506054285290948702e-02,1.078746147948962536e-01,2.031200821368498222e+00,9.984678636931050288e-01,-1.701184721999451010e-03,4.599394961026835073e-03,5.511693667704168492e-02,4.432654490174588180e-02,3.275601190950296060e-02,1.536928893128629466e-02,2.685428198516278536e-02,-1.118479369516715491e-02,3.006583095916365300e-02,1.976665655162320508e-03,3.633819303605224775e-04,-3.009061120912044640e-03
1.250000000000000000e+01,7.734586735375428845e-02,1.095096085693940957e-01,2.031997853881311489e+00,9.984584781453281765e-01,-1.419861155508924441e-03,4.877643594729602454e-03,5.527078800756431154e-02,4.730009597750173267e-02,3.356014712492279978e-02,1.730511083866435526e-02,2.685428198516278536e-02,-1.118479369516715491e-02,3.006583095916365300e-02,1.976665655162320508e-03,3.633819303605224775e-04,-3.009061120912044640e-03
1.255000000000000071e+01,7.279167978189783617e-02,9.978821634988023492e-02,2.030296889848269615e+00,9.984085386027568010e-01,-9.820686039927128356e-04,5.015123790154592601e-03,5.616292477902180141e-02,4.519878796819849082e-02,3.074120174775794856e-02,1.782925962205060902e-02,2.833674967329888675e-02,-1.272519624941038409e-02,3.009557955146313288e-02,1.984792036381532749e-03,3.812278808138508802e-04,-3.011484496057877970e-03
1.260000000000000142e+01,7.510546140108562141e-02,1.013173289576135699e-01,2.031218369081246422e+00,9.983886158241797038e-01,-5.908690497788566523e-04,5.090192702372023717e-03,5.651471140063753229e-02,4.701203720602185193e-02,3.130429870448433322e-02,1.824624853395710039e-02,2.833674967329888675e-02,-1.272519624941038409e-02,3.009557955146313288e-02,1.984792036381532749e-03,3.812278808138508802e-04,-3.011484496057877970e-03
1.265000000000000036e+01,7.747513893477675495e-02,1.029344191483186205e-01,2.032176922185630730e+00,9.983729501421680919e-01,-4.987849336857819562e-04,5.442174663301981193e-03,5.675902019016722949e-02,4.862630386417160500e-02,3.244139162582271307e-02,1.918576189914989946e-02,2.833674967329888675e-02,-1.272519624941038409e-02,3.009557955146313288e-02,1.984792036381532749e-03,3.812278808138508802e-04,-3.011484496057877970e-03
1.270000000000000107e+01,6.322278185670367201e-02,7.426370830750536611e-02,2.026645686817401426e+00,9.982944685614983937e-01,-2.967757725541014650e-04,5.541074251914421614e-03,5.811507945267650743e-02,3.899171193779087802e-02,2.929119276254830984e-02,1.785090271914035673e-02,2.918375686237365679e-02,-1.702212579446299445e-02,3.035564644486606761e-02,1.985853200321100517e-03,3.976860446033681591e-04,-2.980852095694127516e-03
1.275000000000000000e+01,6.518389856017871298e-02,7.574817045423161421e-02,2.027520715366523341e+00,9.982821096545519968e-01,9.758668182094369889e-06,5.750955117013488611e-03,5.830742631661541692e-02,3.949871343868055495e-02,3.005284881120441273e-02,1.680893092626766297e-02,2.918375686237365679e-02,-1.702212579446299445e-02,3.035564644486606761e-02,1.985853200321100517e-03,3.976860446033681591e-04,-2.980852095694127516e-03
1.280000000000000071e+01,6.726762104284800259e-02,7.724292108922914402e-02,2.028373736249629466e+00,9.982778801535501234e-01,2.302872152591823316e-04,5.895375858147551724e-03,5.836493388520277992e-02,4.317027339954422616e-02,3.065452826727144836e-02,1.644906102370572235e-02,2.918375686237365679e-02,-1.702212579446299445e-02,3.035564644486606761e-02,1.985853200321100517e-03,3.976860446033681591e-04,-2.980852095694127516e-03
1.285000000000000142e+01,6.941835395806000841e-02,7.881422308049995662e-02,2.029144918337471459e+00,9.982552520630642023e-01,3.935801596941989819e-04,5.963492296297925356e-03,5.874294496191080628e-02,4.160596742623196703e-02,3.195250870583554031e-02,1.361089166928586280e-02,2.918375686237365679e-02,-1.702212579446299445e-02,3.035564644486606761e-02,1.985853200321100517e-03,3.976860446033681591e-04,-2.980852095694127516e-03
1.290000000000000036e+01,7.154018172471778014e-02,8.045396476976936218e-02,2.029814313748619981e+00,9.982449355311443506e-01,5.218638115920795802e-04,6.222792040130781070e-03,5.889017917963113719e-02,4.255649928530021164e-02,3.286130211482895386e-02,1.283575490451084773e-02,2.918375686237365679e-02,-1.702212579446299445e-02,3.035564644486606761e-02,1.985853200321100517e-03,3.976860446033681591e-04,-2.980852095694127516e-03
1.295000000000000107e+01,7.370726916943906581e-02,8.210881049397661391e-02,2.030444651601623018e+00,9.982259571951761501e-01,6.672825660266077990e-04,6.275494260798953131e-03,5.920398033522874387e-02,4.380599646998056124e-02,3.339292877954076755e-02,1.198611821867935807e-02,2.918375686237365679e-02,-1.702212579446299445e-02,3.035564644486606761e-02,1.985853200321100517e-03,3.976860446033681591e-04,-2.980852095694127516e-03
1.300000000000000000e+01,7.723756003237076950e-02,8.382904626103422630e-02,2.031831886968581191e+00,9.982165544242764810e-01,9.930031124667549908e-04,6.591072352891633353e-03,5.932353819002368633e-02,4.657207382299202031e-02,3.111320623254917178e-02,1.246419397497850259e-02,2.735291570388339796e-02,-1.680173911781224216e-02,3.041456858837926144e-02,1.974011784703184717e-03,3.837533443664825649e-04,-2.949150550103090025e-03
1.305000000000000071e+01,8.188064052589333341e-02,8.718969869218880231e-02,2.033352412680828003e+00,9.982275533440716497e-01,1.116794589200616195e-03,6.586286828370682168e-03,5.913649753213923860e-02,5.260609164500476553e-02,3.232243556030657550e-02,9.910052250443907723e-03,2.569391906019299551e-02,-1.664364493202406467e-02,3.046060979344386577e-02,1.963016115515380834e-03,3.749783776994388773e-04,-2.911673619820522203e-03
1.310000000000000142e+01,8.316422630857196741e-02,8.644696255304493149e-02,2.033457204813841290e+00,9.982009939118302588e-01,1.313169236644360239e-03,6.731783005824244596e-03,5.956286122704904096e-02,5.241363844417124690e-02,3.524350500271437869e-02,1.075203204800739484e-02,2.469001696652432104e-02,-1.702994437113890952e-02,3.052145082742948462e-02,1.958546911113855180e-03,3.757781256952946736e-04,-2.907081008579521370e-03
1.315000000000000036e+01,8.585367233463074566e-02,8.821446199679611189e-02,2.033992917877572637e+00,9.981742785888175762e-01,1.359163701257879494e-03,7.118991067837418703e-03,5.996317373107173249e-02,5.530023096314166248e-02,3.528393801016661835e-02,1.146310489090532521e-02,2.469001696652432104e-02,-1.702994437113890952e-02,3.052145082742948462e-02,1.958546911113855180e-03,3.757781256952946736e-04,-2.907081008579521370e-03
1.320000000000000107e+01,8.779585047723670321e-02,8.885971793420775755e-02,2.031862079694147560e+00,9.980195907847229098e-01,1.292377278759672832e-03,7.305741447747219654e-03,6.246480859461751162e-02,5.797107041021472285e-02,4.680138906097151830e-02,9.643706445146373041e-03,2.233071783696275250e-02,-1.764044125742042848e-02,3.066174536254277078e-02,1.989299814550462599e-03,3.624714858669603320e-04,-3.053030495402383592e-03
1.325000000000000000e+01,7.762529043360516523e-02,6.955402559121494355e-02,2.027079709619105774e+00,9.979896853051319905e-01,1.789023316818711068e-03,7.196540750268615866e-03,6.294122036761934380e-02,5.226510362769340445e-02,4.323426742359614411e-02,9.633304895904991338e-03,2.049165256975449267e-02,-2.114036350152094165e-02,3.093440710648245190e-02,1.982545815387109014e-03,3.699138419565534477e-04,-3.043349529523113172e-03
1.330000000000000071e+01,6.205002193963789214e-02,4.563069699401830354e-02,2.020693485870580730e+00,9.978954788560124856e-01,1.980833697522085650e-03,7.417100848802798269e-03,6.438692562617905069e-02,4.521009943131389791e-02,4.391865608844063018e-02,5.776669080294848796e-03,1.911814657891147337e-02,-2.540328037892119334e-02,3.123753064033719939e-02,1.976518910636664191e-03,3.810283072474798978e-04,-3.091113863549320960e-03
1.335000000000000142e+01,4.880336597070367155e-02,2.600603160234125563e-02,2.015441580794615994e+00,9.978287659131119813e-01,2.511526108757140482e-03,7.589540913361633376e-03,6.537465121624348730e-02,3.761714934023152601e-02,4.138315391116903497e-02,2.287296846267503417e-03,1.929314459625253858e-02,-2.852680207881358454e-02,3.144168694822231658e-02,1.971746940949551264e-03,3.924899766043363973e-04,-3.107472514973307932e-03
1.340000000000000036e+01,5.078401134820798718e-02,2.811173367270414572e-02,2.015580753310296735e+00,9.978038035316026955e-01,2.877113749882169967e-03,7.786479960959567792e-03,6.571653219818163194e-02,4.127707288036393252e-02,4.298727950022084715e-02,2.693397308585640700e-03,1.929314459625253858e-02,-2.852680207881358454e-02,3.144168694822231658e-02,1.971746940949551264e-03,3.924899766043363973e-04,-3.107472514973307932e-03
1.345000000000000107e+01,5.284608731540559740e-02,3.028258921365398204e-02,2.015684976959198682e+00,9.977715682513598194e-01,2.937973150224664712e-03,8.101880148278988586e-03,6.616362626892179077e-02,4.224272064272717453e-02,4.362749120577268797e-02,1.684837199447493687e-03,1.929314459625253858e-02,-2.852680207881358454e-02,3.144168694822231658e-02,1.971746940949551264e-03,3.924899766043363973e-04,-3.107472514973307932e-03
1.350000000000000000e+01,5.501515252912225762e-02,3.253491037534651797e-02,2.015807141179772000e+00,9.977510599746718389e-01,3.074663182851139227e-03,8.294789780879279970e-03,6.644219463730763331e-02,4.473391802703222120e-02,4.471808433072585465e-02,2.907798776077417241e-03,1.929314459625253858e-02,-2.852680207881358454e-02,3.144168694822231658e-02,1.971746940949551264e-03,3.924899766043363973e-04,-3.107472514973307932e-03
1.355000000000000071e+01,5.737198517618002230e-02,3.475830102157768942e-02,2.015961901013855861e+00,9.977380295163463808e-01,3.318415427338940182e-03,8.531979603602359366e-03,6.659593005532250809e-02,4.901336420246534681e-02,4.529463758287519820e-02,3.607810976544445491e-03,1.929314459625253858e-02,-2.852680207881358454e-02,3.144168694822231658e-02,1.971746940949551264e-03,3.924899766043363973e-04,-3.107472514973307932e-03
1.360000000000000142e+01,5.987830527697909216e-02,3.707826880329952168e-02,2.016111111671252676e+00,9.977107526951251026e-01,3.380247718675259781e-03,8.565483543740346623e-03,6.699597281590299880e-02,5.142808127412379360e-02,4.746661558030277478e-02,2.486545717361272976e-03,1.929314459625253858e-02,-2.852680207881358454e-02,3.144168694822231658e-02,1.971746940949551264e-03,3.924899766043363973e-04,-3.107472514973307932e-03
1.365000000000000036e+01,6.248544426167494670e-02,3.947445749420809558e-02,2.016221952832015329e+00,9.977002091281658158e-01,3.563153886192228868e-03,8.737840553072974761e-03,6.712113513988375579e-02,5.289244722097072998e-02,4.873029556651033156e-02,1.820019223784828319e-03,1.929314459625253858e-02,-2.852680207881358454e-02,3.144168694822231658e-02,1.971746940949551264e-03,3.924899766043363973e-04,-3.107472514973307932e-03
1.370000000000000107e+01,6.516363866170674091e-02,4.195018272688577632e-02,2.016345125586986864e+00,9.976848134953527625e-01,3.895711641284713318e-03,8.872693802852523251e-03,6.731353248962629321e-02,5.510882493424106715e-02,4.916016836115806588e-02,3.338450916220519343e-03,1.929314459625253858e-02,-2.852680207881358454e-02,3.144168694822231658e-02,1.971746940949551264e-03,3.924899766043363973e-04,-3.107472514973307932e-03
1.375000000000000000e+01,6.521074050296814251e-02,4.064939213310751059e-02,2.015812433501439571e+00,9.976679129710321892e-01,4.222088222279230321e-03,9.118545947202840937e-03,6.751119550768629185e-02,5.738856314092054961e-02,4.873456391501448243e-02,1.361022197496674106e-03,1.990809396925629499e-02,-2.898035362667279041e-02,3.144489486711568582e-02,1.969506977042011307e-03,3.943514492856837767e-04,-3.096642349562247348e-03
1.380000000000000071e+01,7.612631542645464933e-02,5.027321832820007275e-02,2.017338049163378333e+00,9.976775972004628956e-01,4.574218916780701388e-03,9.239367394997793220e-03,6.732846839006952078e-02,6.076331653287619233e-02,5.102887661677025372e-02,-1.417108864275606851e-03,1.846981739973163963e-02,-2.739341103733398952e-02,3.147381630373377592e-02,1.973760459214130882e-03,3.966555590814412882e-04,-3.056850507527682052e-03
1.385000000000000142e+01,7.469854077942016113e-02,4.750901377877068954e-02,2.015411030180361163e+00,9.976437593901690271e-01,4.781982171981613572e-03,9.423292879752053972e-03,6.778837324836552158e-02,5.942066652557451145e-02,5.305126535575393348e-02,-2.352429369858893577e-03,2.038841209899202103e-02,-2.856803373767709958e-02,3.144933422834163272e-02,1.985318355354126572e-03,4.016835189871911771e-04,-3.051044024719975351e-03
1.390000000000000036e+01,8.031539153821577737e-02,5.608596582779202394e-02,2.014650759633534793e+00,9.975944347263323575e-01,4.849543372672894710e-03,9.692999465675899637e-03,6.846803263921430460e-02,6.159934214644182532e-02,6.167463760909443898e-02,-1.265727634549243790e-03,2.540883770812805281e-02,-2.947832349771514066e-02,3.126148370207778443e-02,2.024721288810036376e-03,4.052878844447775045e-04,-3.056184844132127463e-03
1.395000000000000107e+01,8.330727730794872110e-02,5.839914273909879716e-02,2.012784882037212064e+00,9.976003862933270350e-01,4.979754612762246624e-03,9.976887126903075109e-03,6.833105468715064412e-02,5.922368974639972972e-02,6.815957581329241954e-02,-2.324352371719872780e-03,2.934282511496407939e-02,-3.180443265238391826e-02,3.115277970901698945e-02,2.057157000347195359e-03,4.151512496291255268e-04,-2.947804731318885707e-03
1.400000000000000000e+01,7.119451681187710657e-02,4.670434984366600428e-02,2.008058756291581481e+00,9.977055138184904859e-01,5.155477065818074404e-03,9.960810155485649159e-03,6.676758954352216002e-02,4.792090626138074960e-02,6.862461823859136723e-02,-3.970571082346843750e-03,3.335193234359731806e-02,-3.528446761788216202e-02,3.114324881347198606e-02,2.067943131059478846e-03,4.691323455698161778e-04,-2.884362040721018695e-03
1.405000000000000071e+01,3.988311143139421089e-02,1.940973776252543845e-02,2.000398338362864514e+00,9.976591649006362195e-01,5.716123398236263448e-03,9.917251078859918786e-03,6.741783706186423031e-02,2.890234625848010774e-02,5.892525196305579971e-02,-4.742277236717857593e-03,3.694397029167405255e-02,-4.151689675445263683e-02,3.119369573009207058e-02,2.054324042243154888e-03,5.291575371163803870e-04,-2.972539777560406857e-03
1.410000000000000142e+01,-4.935216106156256610e-03,-1.301544918384093044e-02,1.993424006241376611e+00,9.974418594275409333e-01,6.493220252725482103e-03,9.829345439374163537e-03,7.050502904554201145e-02,8.217643763639429638e-03,4.068945047676013338e-02,-4.662015124740911433e-03,4.031424936515724117e-02,-4.917752034354926083e-02,3.116790469549348200e-02,1.994843494092961474e-03,5.771715218523353454e-04,-3.302093770617529726e-03
1.415000000000000036e+01,-4.548711272706765577e-03,-1.095961071938464544e-02,1.993218897644630117e+00,9.974197372001235573e-01,6.783966957548505546e-03,9.892584921868301587e-03,7.078122914671068633e-02,7.867048510363121305e-03,4.124058065679055141e-02,-3.413996522429933820e-03,4.031424936515724117e-02,-4.917752034354926083e-02,3.116790469549348200e-02,1.994843494092961474e-03,5.771715218523353454e-04,-3.302093770617529726e-03
1.420000000000000107e+01,-4.220266050538013305e-03,-8.915512714538239777e-03,1.993041152573116204e+00,9.974071217707023429e-01,7.093716744925432881e-03,1.013951211244594301e-02,7.089360279988457525e-02,5.863283973847510828e-03,4.040537787567205497e-02,-4.558553862457195849e-03,4.031424936515724117e-02,-4.917752034354926083e-02,3.116790469549348200e-02,1.994843494092961474e-03,5.771715218523353454e-04,-3.302093770617529726e-03
1.425000000000000000e+01,-4.000006405580285029e-03,-6.853208361306709767e-03,1.992793962511508088e+00,9.974023593524867781e-01,7.276102087833066778e-03,1.030353643323496556e-02,7.091846750649000164e-02,3.617902657120333071e-03,4.149777919009622201e-02,-4.818592915603354433e-03,4.031424936515724117e-02,-4.917752034354926083e-02,3.116790469549348200e-02,1.994843494092961474e-03,5.771715218523353454e-04,-3.302093770617529726e-03
1.430000000000000071e+01,-3.807889943592838913e-03,-4.775509385482317772e-03,1.992583928056891329e+00,9.973821844772239320e-01,7.368997882454350438e-03,1.038712651337198034e-02,7.117993790699918277e-02,4.002139767382891650e-03,4.193141602079610009e-02,-3.849389446271957258e-03,4.031424936515724117e-02,-4.917752034354926083e-02,3.116790469549348200e-02,1.994843494092961474e-03,5.771715218523353454e-04,-3.302093770617529726e-03
1.435000000000000142e+01,-3.563039689208378786e-03,-2.635230265933851887e-03,1.992415112761899643e+00,9.973471180056281415e-01,7.367009092592197682e-03,1.046622035619563726e-02,7.165829759597337756e-02,4.746202113517269949e-03,4.380230239144858317e-02,-3.371036017945861375e-03,4.031424936515724117e-02,-4.917752034354926083e-02,3.116790469549348200e-02,1.994843494092961474e-03,5.771715218523353454e-04,-3.302093770617529726e-03
1.440000000000000036e+01,-3.347418224241818265e-03,-4.320144150880037242e-04,1.992281256185076010e+00,9.973115660369576974e-01,7.566948981700260569e-03,1.037969487076175444e-02,7.214321497139658534e-02,5.138911978364088876e-03,4.456116626398737290e-02,-2.246512931298818867e-03,4.031424936515724117e-02,-4.917752034354926083e-02,3.116790469549348200e-02,1.994843494092961474e-03,5.771715218523353454e-04,-3.302093770617529726e-03
1.445000000000000107e+01,-3.075717817673746367e-03,1.832046715519794391e-03,1.992172521983043731e+00,9.972886485340183294e-01,7.852303305525467486e-03,1.045268015769454210e-02,7.241846667466880771e-02,4.184479600807113758e-03,4.605687654945537363e-02,-1.347825399159794171e-03,4.031424936515724117e-02,-4.917752034354926083e-02,3.116790469549348200e-02,1.994843494092961474e-03,5.771715218523353454e-04,-3.302093770617529726e-03
1.450000000000000000e+01,-2.840820454987702439e-03,4.177004378878538572e-03,1.992125204445131414e+00,9.972580512735352842e-01,7.916847335641855749e-03,1.063743613557272677e-02,7.280486007703498852e-02,5.563464387848478764e-03,4.774529748109215127e-02,1.864856146015086980e-04,4.031424936515724117e-02,-4.917752034354926083e-02,3.116790469549348200e-02,1.994843494092961474e-03,5.771715218523353454e-04,-3.302093770617529726e-03
1.455000000000000071e+01,-2.516287697544882830e-03,6.642350815737069029e-03,1.992154506853891727e+00,9.972290501875283875e-01,8.232144150331932933e-03,1.076310733068220997e-02,7.314785564427780939e-02,6.175364725494511715e-03,5.076998283527586059e-02,1.067686301711463955e-03,4.031424936515724117e-02,-4.917752034354926083e-02,3.116790469549348200e-02,1.994843494092961474e-03,5.771715218523353454e-04,-3.302093770617529726e-03
1.460000000000000142e+01,-2.186257609434998170e-03,9.233258241255122914e-03,1.992213233126610694e+00,9.972163186071689722e-01,8.308751565025590188e-03,1.074075972430249548e-02,7.331585525342217136e-02,6.619269442622042858e-03,5.331579057300211977e-02,2.816328854475167592e-03,4.031424936515724117e-02,-4.917752034354926083e-02,3.116790469549348200e-02,1.994843494092961474e-03,5.771715218523353454e-04,-3.302093770617529726e-03
1.465000000000000036e+01,-1.863354172246517188e-03,1.191839940220695490e-02,1.992311119928310337e+00,9.971945125441609159e-01,8.567688359836879430e-03,1.105343074298740028e-02,7.353584525108884662e-02,6.704664609220937523e-03,5.386291823460978567e-02,1.490874167675687676e-03,4.031424936515724117e-02,-4.917752034354926083e-02,3.116790469549348200e-02,1.994843494092961474e-03,5.771715218523353454e-04,-3.302093770617529726e-03
1.470000000000000107e+01,-1.540113840701612781e-03,1.461288899354650297e-02,1.992404742533221862e+00,9.971665297788053772e-01,8.427487486752077012e-03,1.115644292668365595e-02,7.391497226394103115e-02,5.882557681239960340e-03,5.490423259432756359e-02,2.911920831139974686e-03,4.031424936515724117e-02,-4.917752034354926083e-02,3.116790469549348200e-02,1.994843494092961474e-03,5.771715218523353454e-04,-3.302093770617529726e-03
1.475000000000000000e+01,-1.226906374984351126e-03,1.740024438846030433e-02,1.992543326446595264e+00,9.971393727812822849e-01,8.473901870830399807e-03,1.127726726602551813e-02,7.425690189770377259e-02,6.880462157851594159e-03,5.606865801552458894e-02,2.401938184668556218e-03,4.031424936515724117e-02,-4.917752034354926083e-02,3.116790469549348200e-02,1.994843494092961474e-03,5.771715218523353454e-04,-3.302093770617529726e-03
1.480000000000000071e+01,-2.676237067605633478e-03,1.689094587570587683e-02,1.993378411138694517e+00,9.973441855502496178e-01,9.391662883932670389e-03,1.163573306246241772e-02,7.128100682147260614e-02,1.536037096359783513e-03,4.849808353045009790e-02,4.791734774513025513e-03,5.044723813801307161e-02,-5.818146209647707956e-02,3.079309179468936800e-02,1.986411221997316356e-03,6.182212347693615733e-04,-3.067929705591060027e-03
1.485000000000000142e+01,-2.550037679567363977e-03,1.930193436486355579e-02,1.993612605979297570e+00,9.973207173001477077e-01,9.574581343292483393e-03,1.178807292779636418e-02,7.155945480974901241e-02,2.676739201255716114e-03,4.794584567177004319e-02,5.132139117957879547e-03,5.044723813801307161e-02,-5.818146209647707956e-02,3.079309179468936800e-02,1.986411221997316356e-03,6.182212347693615733e-04,-3.067929705591060027e-03
1.490000000000000036e+01,-2.390668845957987561e-03,2.173120480283688080e-02,1.993899703124229816e+00,9.973164369507619975e-01,9.673511885231474150e-03,1.181493866253153883e-02,7.160136157953624070e-02,2.675175481686187587e-03,4.903353788459049317e-02,5.594160451656607878e-03,5.044723813801307161e-02,-5.818146209647707956e-02,3.079309179468936800e-02,1.986411221997316356e-03,6.182212347693615733e-04,-3.067929705591060027e-03
1.495000000000000107e+01,-2.295451672095702878e-03,2.415038146215178066e-02,1.994099065724711961e+00,9.972961857875793923e-01,9.855544399481783527e-03,1.191478598426999602e-02,7.184165875788746380e-02,1.326974659424701337e-03,4.771806720558408044e-02,3.642382337428150523e-03,5.044723813801307161e-02,-5.818146209647707956e-02,3.079309179468936800e-02,1.986411221997316356e-03,6.182212347693615733e-04,-3.067929705591060027e-03
1.500000000000000000e+01,-2.209115755218327756e-03,2.654762824950692574e-02,1.994240819329089698e+00,9.972668788372535120e-01,9.815379888499977529e-03,1.209549453474233552e-02,7.222277828917250675e-02,2.218548624267251482e-03,4.870004505266382899e-02,1.721780542210556413e-03,5.044723813801307161e-02,-5.818146209647707956e-02,3.079309179468936800e-02,1.986411221997316356e-03,6.182212347693615733e-04,-3.067929705591060027e-03
1.505000000000000071e+01,-2.086870721093460335e-03,2.903134498912661801e-02,1.994352331871538819e+00,9.972671503055549058e-01,9.862596480515684050e-03,1.212580379799099890e-02,7.220751342036957343e-02,2.278459440044349089e-03,5.013265452665814637e-02,2.086174990157956596e-03,5.044723813801307161e-02,-5.818146209647707956e-02,3.079309179468936800e-02,1.986411221997316356e-03,6.182212347693615733e-04,-3.067929705591060027e-03
1.510000000000000142e+01,-1.961656474059364670e-03,3.159904475983664474e-02,1.994477180683682960e+00,9.972437198684728221e-01,1.011554686687467404e-02,1.223013002872386235e-02,7.247801607353258901e-02,2.490930801108314809e-03,5.215230164468279139e-02,2.850384037803969234e-03,5.044723813801307161e-02,-5.818146209647707956e-02,3.079309179468936800e-02,1.986411221997316356e-03,6.182212347693615733e-04,-3.067929705591060027e-03
1.515000000000000036e+01,-1.831149883592588217e-03,3.425965852712042903e-02,1.994601066861689809e+00,9.972268603050130631e-01,1.028950377994968836e-02,1.221852071255347290e-02,7.268715808012660151e-02,2.839779354324882543e-03,5.350131500936458617e-02,1.936284006530206853e-03,5.044723813801307161e-02,-5.818146209647707956e-02,3.079309179468936800e-02,1.986411221997316356e-03,6.182212347693615733e-04,-3.067929705591060027e-03
1.520000000000000107e+01,-1.685545800130773585e-03,3.692059366765721579e-02,1.994685630761143580e+00,9.972102513800252810e-01,1.055164510640443226e-02,1.218171099595679978e-02,7.288335369167774080e-02,1.680836241336362141e-03,5.272039297855408979e-02,1.750969026570144962e-03,5.044723813801307161e-02,-5.818146209647707956e-02,3.079309179468936800e-02,1.986411221997316356e-03,6.182212347693615733e-04,-3.067929705591060027e-03
1.525000000000000000e+01,-2.224953089281229979e-03,2.146713050942932605e-02,1.990694800056584057e+00,9.975837951496606681e-01,1.113485004873219879e-02,1.325103619432515915e-02,6.728296076250539492e-02,4.391640710039130396e-03,4.547731695415150460e-02,5.717727453792513688e-03,7.128957697874473143e-02,-7.103048322585930885e-02,3.033086935502587317e-02,2.014171251882817919e-03,6.137235040522405309e-04,-2.646652335268189285e-03
1.530000000000000071e+01,-2.014036864410146191e-03,2.373527659315051094e-02,1.990983397773403496e+00,9.975739540764868574e-01,1.126560728227772763e-02,1.325209297441020881e-02,6.740678209618432282e-02,4.798744850892055352e-03,4.592553788631204004e-02,5.090969012312047091e-03,7.128957697874473143e-02,-7.103048322585930885e-02,3.033086935502587317e-02,2.014171251882817919e-03,6.137235040522405309e-04,-2.646652335268189285e-03
1.535000000000000142e+01,-1.796455191369085696e-03,2.598738785523336398e-02,1.991212686156167200e+00,9.975587366035817416e-01,1.128614783073426941e-02,1.306559026635896979e-02,6.766446810550014179e-02,3.597788404424498866e-03,4.436036670638926482e-02,4.357125421482400084e-03,7.128957697874473143e-02,-7.103048322585930885e-02,3.033086935502587317e-02,2.014171251882817919e-03,6.137235040522405309e-04,-2.646652335268189285e-03
1.540000000000000036e+01,-1.597069104180866197e-03,2.819327152701390365e-02,1.991442477521158105e+00,9.975441768207048421e-01,1.126083225860253709e-02,1.307252574170260015e-02,6.788164714175937142e-02,3.760390283537068130e-03,4.340517509895099046e-02,4.579607357988966024e-03,7.128957697874473143e-02,-7.103048322585930885e-02,3.033086935502587317e-02,2.014171251882817919e-03,6.137235040522405309e-04,-2.646652335268189285e-03
1.545000000000000107e+01,-1.397134822576374166e-03,3.040539005643680751e-02,1.991664265594164984e+00,9.975249547420149687e-01,1.131878549130600937e-02,1.301975205858662936e-02,6.816403610611523889e-02,4.229057664135889121e-03,4.542778967103004717e-02,4.374581163747526605e-03,7.128957697874473143e-02,-7.103048322585930885e-02,3.033086935502587317e-02,2.014171251882817919e-03,6.137235040522405309e-04,-2.646652335268189285e-03
1.550000000000000000e+01,-1.221518173787730513e-03,3.266643623507350241e-02,1.991928007163370040e+00,9.975133013476532584e-01,1.142263333504251084e-02,1.298874725216424449e-02,6.832297949459315012e-02,3.178900546919187151e-03,4.411841024050526527e-02,5.594476892431398882e-03,7.128957697874473143e-02,-7.103048322585930885e-02,3.033086935502587317e-02,2.014171251882817919e-03,6.137235040522405309e-04,-2.646652335268189285e-03
1.555000000000000071e+01,-1.062792947836826941e-03,3.485979511246340562e-02,1.992192098380687781e+00,9.974985844372333821e-01,1.153525690207629628e-02,1.297513572016413715e-02,6.852122114324876723e-02,3.546655707370566322e-03,4.422078183653203182e-02,5.027269498244464792e-03,7.128957697874473143e-02,-7.103048322585930885e-02,3.033086935502587317e-02,2.014171251882817919e-03,6.137235040522405309e-04,-2.646652335268189285e-03
1.560000000000000142e+01,-9.021996573729414680e-04,3.713075879823795472e-02,1.992530100189835895e+00,9.974775807433635677e-01,1.164812439798658568e-02,1.296345132397037567e-02,6.880949093073387979e-02,1.886711266109494800e-03,4.591125936208476782e-02,7.031100822366559595e-03,7.128957697874473143e-02,-7.103048322585930885e-02,3.033086935502587317e-02,2.014171251882817919e-03,6.137235040522405309e-04,-2.646652335268189285e-03
1.565000000000000036e+01,-7.872147336378178695e-04,3.941928387572766340e-02,1.992834978226586840e+00,9.974572726908634834e-01,1.185904277376376853e-02,1.297613631413694311e-02,6.906498495584702246e-02,3.010925386705583587e-03,4.641302358526813027e-02,5.806213977480264438e-03,7.128957697874473143e-02,-7.103048322585930885e-02,3.033086935502587317e-02,2.014171251882817919e-03,6.137235040522405309e-04,-2.646652335268189285e-03
1.570000000000000107e+01,-6.579549855705359726e-04,4.174074627424012585e-02,1.993138664133304427e+00,9.974292068876936534e-01,1.180299164340777376e-02,1.319310621521212028e-02,6.943780370983966554e-02,2.151865678966212447e-03,4.575431229464488325e-02,6.197211893328257067e-03,7.128957697874473143e-02,-7.103048322585930885e-02,3.033086935502587317e-02,2.014171251882817919e-03,6.137235040522405309e-04,-2.646652335268189285e-03
1.575000000000000000e+01,-5.057762302633239150e-04,4.402327691336784671e-02,1.993488240619571084e+00,9.974182098858618284e-01,1.189608974606251764e-02,1.320479608808413155e-02,6.957751789988382563e-02,3.720562380150544031e-03,4.440428046245823573e-02,7.465117924537821581e-03,7.128957697874473143e-02,-7.103048322585930885e-02,3.033086935502587317e-02,2.014171251882817919e-03,6.137235040522405309e-04,-2.646652335268189285e-03
1.580000000000000071e+01,-2.868255851569188430e-04,4.622088313564685219e-02,1.993804765770248233e+00,9.974102784791858411e-01,1.189929281517630895e-02,1.318365693955335892e-02,6.969457944683819794e-02,4.703058707442128727e-03,4.362784019114560041e-02,5.405025628175723178e-03,7.128957697874473143e-02,-7.103048322585930885e-02,3.033086935502587317e-02,2.014171251882817919e-03,6.137235040522405309e-04,-2.646652335268189285e-03
1.585000000000000142e+01,-1.707502032034623744e-05,4.839679105171650758e-02,1.994110155072258417e+00,9.973958321888856116e-01,1.201582644823454699e-02,1.315690333282583044e-02,6.988611980713234362e-02,6.667485667913727702e-03,4.324034019374822096e-02,7.175213427006295504e-03,7.128957697874473143e-02,-7.103048322585930885e-02,3.033086935502587317e-02,2.014171251882817919e-03,6.137235040522405309e-04,-2.646652335268189285e-03
1.590000000000000036e+01,2.532514257375067905e-04,5.054389669500778531e-02,1.994495943837951257e+00,9.973841927266269280e-01,1.196693002873566031e-02,1.315698172432348129e-02,7.006039192473662025e-02,5.573602111242376839e-03,4.214504406049437296e-02,7.699586244245897396e-03,7.128957697874473143e-02,-7.103048322585930885e-02,3.033086935502587317e-02,2.014171251882817919e-03,6.137235040522405309e-04,-2.646652335268189285e-03
1.595000000000000107e+01,5.587166858781775040e-04,5.265449167729819441e-02,1.994887573343001375e+00,9.973706226295501187e-01,1.200346561863569611e-02,1.309038235660072054e-02,7.025951763600291056e-02,4.887488370334948200e-03,4.203987305699511540e-02,6.941813868683681214e-03,7.128957697874473143e-02,-7.103048322585930885e-02,3.033086935502587317e-02,2.014171251882817919e-03,6.137235040522405309e-04,-2.646652335268189285e-03
1.600000000000000000e+01,7.691045659993987716e-04,5.471873874690794809e-02,1.995254592699333251e+00,9.973566628022354497e-01,1.196010811263543104e-02,1.329153186965408018e-02,7.042711238209405089e-02,3.852345515698813588e-03,4.046287672793716372e-02,7.867424106439894690e-03,7.128957697874473143e-02,-7.103048322585930885e-02,3.033086935502587317e-02,2.014171251882817919e-03,6.137235040522405309e-04,-2.646652335268189285e-03
1.605000000000000071e+01,1.031507829596194125e-03,5.674528136213824459e-02,1.995570426444051915e+00,9.973522484586716530e-01,1.195148384706519809e-02,1.335282660250471272e-02,7.047947609062500673e-02,6.202695186163834605e-03,4.063404959099677777e-02,5.452300165172330876e-03,7.128957697874473143e-02,-7.103048322585930885e-02,3.033086935502587317e-02,2.014171251882817919e-03,6.137235040522405309e-04,-2.646652335268189285e-03
1.610000000000000142e+01,1.373154689943673935e-03,5.880296547849248739e-02,1.995877271704177947e+00,9.973440006081331077e-01,1.190894961887129129e-02,1.331763745676197049e-02,7.060992779000410668e-02,7.632186287277980923e-03,4.196806690144566643e-02,6.090012291191430893e-03,7.128957697874473143e-02,-7.103048322585930885e-02,3.033086935502587317e-02,2.014171251882817919e-03,6.137235040522405309e-04,-2.646652335268189285e-03
1.615000000000000213e+01,1.775214594664288083e-03,6.087679496828904413e-02,1.996229426739396962e+00,9.973340584159645639e-01,1.186180859560123819e-02,1.347605433368264695e-02,7.072813711655741298e-02,8.537110455296764364e-03,4.050636949538222870e-02,7.622586919364419435e-03,7.128957697874473143e-02,-7.103048322585930885e-02,3.033086935502587317e-02,2.014171251882817919e-03,6.137235040522405309e-04,-2.646652335268189285e-03
1.619999999999999929e+01,2.239737378024339153e-03,6.294555791834409442e-02,1.996623827374236715e+00,9.973164809788821472e-01,1.195623574392358328e-02,1.358693654574473324e-02,7.093856743715963586e-02,9.492691670884283173e-03,4.183716602797869083e-02,7.735557794520434363e-03,7.128957697874473143e-02,-7.103048322585930885e-02,3.033086935502587317e-02,2.014171251882817919e-03,6.137235040522405309e-04,-2.646652335268189285e-03
1.625000000000000000e+01,2.691521345926713160e-03,6.503967225165059596e-02,1.997025964593269531e+00,9.973109533762152257e-01,1.196600907014440385e-02,1.341743887895900135e-02,7.104681017953647093e-02,8.023293430581541694e-03,4.182151246320432031e-02,8.587090533709670556e-03,7.128957697874473143e-02,-7.103048322585930885e-02,3.033086935502587317e-02,2.014171251882817919e-03,6.137235040522405309e-04,-2.646652335268189285e-03
1.630000000000000071e+01,3.057779773592146991e-03,6.712850125563032955e-02,1.997489654405877113e+00,9.972876016805873878e-01,1.203576813742422008e-02,1.329358250948194445e-02,7.138529599005438708e-02,6.239828471042782251e-03,4.245260858564156581e-02,9.173452944579590235e-03,7.128957697874473143e-02,-7.103048322585930885e-02,3.033086935502587317e-02,2.014171251882817919e-03,6.137235040522405309e-04,-2.646652335268189285e-03
1.635000000000000142e+01,3.381990175090761417e-03,6.920823829497585455e-02,1.997931492987630175e+00,9.972717920580731477e-01,1.199416716036448734e-02,1.334767610785044314e-02,7.160273920687938720e-02,6.014191392600233901e-03,4.142212634500151702e-02,8.244927634726806689e-03,7.128957697874473143e-02,-7.103048322585930885e-02,3.033086935502587317e-02,2.014171251882817919e-03,6.137235040522405309e-04,-2.646652335268189285e-03
1.640000000000000213e+01,3.703096863088364138e-03,7.124251955010352244e-02,1.998366479211980629e+00,9.972498587731266628e-01,1.198568648608131122e-02,1.341112937992808112e-02,7.189717731031605719e-02,7.618846725303773937e-03,4.070539965175772046e-02,9.467875671043754146e-03,7.128957697874473143e-02,-7.103048322585930885e-02,3.033086935502587317e-02,2.014171251882817919e-03,6.137235040522405309e-04,-2.646652335268189285e-03
1.644999999999999929e+01,4.119971441867121068e-03,7.325102366218924632e-02,1.998837265963266718e+00,9.972394706884037952e-01,1.203527273231492535e-02,1.355453321895882905e-02,7.200600628133142778e-02,9.360109524669849371e-03,4.063109941016686960e-02,9.065216139188715314e-03,7.128957697874473143e-02,-7.103048322585930885e-02,3.033086935502587317e-02,2.014171251882817919e-03,6.137235040522405309e-04,-2.646652335268189285e-03
1.650000000000000000e+01,4.657734739322778525e-03,7.525386230927491593e-02,1.999322232118067921e+00,9.972368084926375165e-01,1.189974366067335712e-02,1.347346745182804312e-02,7.208057687791623314e-02,1.197387958303641059e-02,4.009804720975702896e-02,1.004687972298237003e-02,7.128957697874473143e-02,-7.103048322585930885e-02,3.033086935502587317e-02,2.014171251882817919e-03,6.137235040522405309e-04,-2.646652335268189285e-03
1.655000000000000071e+01,5.251958433851507818e-03,7.728935673826557717e-02,1.999788340147234722e+00,9.972213835337184751e-01,1.205936484206813347e-02,1.350290785576430640e-02,7.226171477442776270e-02,1.322987255336140720e-02,3.986475227007284933e-02,8.367315264360677615e-03,7.128957697874473143e-02,-7.103048322585930885e-02,3.033086935502587317e-02,2.014171251882817919e-03,6.137235040522405309e-04,-2.646652335268189285e-03
1.660000000000000142e+01,5.967387316728544645e-03,7.925781974533274710e-02,2.000214386363834862e+00,9.972125815751490263e-01,1.187675370944472723e-02,1.349494914112957245e-02,7.241475137864056277e-02,1.533639926579895632e-02,3.928087277695888752e-02,9.302997918493930568e-03,7.128957697874473143e-02,-7.103048322585930885e-02,3.033086935502587317e-02,2.014171251882817919e-03,6.137235040522405309e-04,-2.646652335268189285e-03
1.665000000000000213e+01,6.751575921568100588e-03,8.114720165213797076e-02,2.000714859619710850e+00,9.971954529589747152e-01,1.192133392441823737e-02,1.336791798929815728e-02,7.266642391117766886e-02,1.572489779674923413e-02,3.697909751099493630e-02,1.037135803198183798e-02,7.128957697874473143e-02,-7.103048322585930885e-02,3.033086935502587317e-02,2.014171251882817919e-03,6.137235040522405309e-04,-2.646652335268189285e-03
1.669999999999999929e+01,7.575561718325623563e-03,8.302684207027896668e-02,2.001219212762771704e+00,9.971836333057951807e-01,1.160541352182867247e-02,1.335829638094460092e-02,7.288121679719300472e-02,1.677445906981295601e-02,3.814850296563900706e-02,1.039936816509478591e-02,7.128957697874473143e-02,-7.103048322585930885e-02,3.033086935502587317e-02,2.014171251882817919e-03,6.137235040522405309e-04,-2.646652335268189285e-03
1.675000000000000000e+01,8.506686477156305201e-03,8.492242247115269760e-02,2.001758039927383326e+00,9.971718659574578814e-01,1.166239894040967638e-02,1.322210126337568063e-02,7.305774587309390999e-02,1.849173761251051915e-02,3.803483972111828398e-02,1.127406609721576421e-02,7.128957697874473143e-02,-7.103048322585930885e-02,3.033086935502587317e-02,2.014171251882817919e-03,6.137235040522405309e-04,-2.646652335268189285e-03
1.680000000000000071e+01,9.512375075732595539e-03,8.682218131164548547e-02,2.002289755938625682e+00,9.971605876553628622e-01,1.147603393522442054e-02,1.313822558503894601e-02,7.325605845529629956e-02,2.174620230281176445e-02,3.816805783202452396e-02,1.095923666105467174e-02,7.128957697874473143e-02,-7.103048322585930885e-02,3.033086935502587317e-02,2.014171251882817919e-03,6.137235040522405309e-04,-2.646652335268189285e-03
1.685000000000000142e+01,1.064193278054324961e-02,8.874409434032269617e-02,2.002849364747626204e+00,9.971551789709611757e-01,1.135759559755683198e-02,1.299695086959409308e-02,7.337324677105468151e-02,2.426567118479046326e-02,3.838986507920529728e-02,1.046671535105487411e-02,7.128957697874473143e-02,-7.103048322585930885e-02,3.033086935502587317e-02,2.014171251882817919e-03,6.137235040522405309e-04,-2.646652335268189285e-03
1.690000000000000213e+01,1.186523914534572469e-02,9.069784873399790170e-02,2.003420573895013490e+00,9.971243003441329078e-01,1.133691079574645696e-02,1.305541172540029479e-02,7.378455354281820977e-02,2.393222547901550229e-02,3.911236246801297334e-02,1.208590434967776218e-02,7.128957697874473143e-02,-7.103048322585930885e-02,3.033086935502587317e-02,2.014171251882817919e-03,6.137235040522405309e-04,-2.646652335268189285e-03
1.694999999999999929e+01,1.306389849815000996e-02,9.259595126480782423e-02,2.004021362205991696e+00,9.971064280517735190e-01,1.105291800887948234e-02,1.301806481142274430e-02,7.407519240534038429e-02,2.399906868941978702e-02,3.777737697847899367e-02,1.204575539699245280e-02,7.128957697874473143e-02,-7.103048322585930885e-02,3.033086935502587317e-02,2.014171251882817919e-03,6.137235040522405309e-04,-2.646652335268189285e-03
1.700000000000000000e+01,1.425534995249456982e-02,9.444758708435105343e-02,2.004645361905618373e+00,9.970949043539437673e-01,1.094857675988835169e-02,1.314690495035140093e-02,7.422290258780771255e-02,2.376923839346475192e-02,3.529214059881551069e-02,1.284515049611055330e-02,7.128957697874473143e-02,-7.103048322585930885e-02,3.033086935502587317e-02,2.014171251882817919e-03,6.137235040522405309e-04,-2.646652335268189285e-03
1.705000000000000071e+01,1.551511378473922897e-02,9.623578707726114512e-02,2.005297529407201296e+00,9.970860435553570156e-01,1.068174512485499730e-02,1.302010860345891724e-02,7.440294913621757489e-02,2.636880846508655660e-02,3.517661071066353201e-02,1.412416510810681272e-02,7.128957697874473143e-02,-7.103048322585930885e-02,3.033086935502587317e-02,2.014171251882817919e-03,6.137235040522405309e-04,-2.646652335268189285e-03
1.710000000000000142e+01,1.680037248261257929e-02,9.795001835781053101e-02,2.006068457651111192e+00,9.970718330689029019e-01,1.033155705085287909e-02,1.282832903244157143e-02,7.467564933603319799e-02,2.646794551175267809e-02,3.376767175892052275e-02,1.619725208184439810e-02,7.128957697874473143e-02,-7.103048322585930885e-02,3.033086935502587317e-02,2.014171251882817919e-03,6.137235040522405309e-04,-2.646652335268189285e-03
1.715000000000000213e+01,1.813893286468331797e-02,9.964029318514384947e-02,2.006874293919215013e+00,9.970661091631949358e-01,1.047773605228596167e-02,1.267785263039763848e-02,7.475736122997134192e-02,2.707946697685787579e-02,3.320651560969821448e-02,1.653331157252453665e-02,7.128957697874473143e-02,-7.103048322585930885e-02,3.033086935502587317e-02,2.014171251882817919e-03,6.137235040522405309e-04,-2.646652335268189285e-03
1.719999999999999929e+01,1.953050929097417329e-02,1.012395920180757386e-01,2.007736805473259611e+00,9.970555610275940728e-01,1.040856236107636987e-02,1.257918706286336244e-02,7.492418906042788707e-02,2.908155855463914058e-02,3.151648086702676238e-02,1.837111642210393150e-02,7.128957697874473143e-02,-7.103048322585930885e-02,3.033086935502587317e-02,2.014171251882817919e-03,6.137235040522405309e-04,-2.646652335268189285e-03
1.725000000000000000e+01,2.102113740627394381e-02,1.027966457230767017e-01,2.008636595167336392e+00,9.970413358051438690e-01,1.029237915336163149e-02,1.266533482609720832e-02,7.511478496940952876e-02,3.031591370858680717e-02,3.118044385316147762e-02,1.742668028580927550e-02,7.128957697874473143e-02,-7.103048322585930885e-02,3.033086935502587317e-02,2.014171251882817919e-03,6.137235040522405309e-04,-2.646652335268189285e-03
1.730000000000000071e+01,2.255675331936648001e-02,1.043266881197081331e-01,2.009565044493530017e+00,9.970379741801305151e-01,1.010542700142628633e-02,1.258089634019555689e-02,7.519893240716599148e-02,3.131698288094392213e-02,2.915752985988937993e-02,1.816289757502297444e-02,7.128957697874473143e-02,-7.103048322585930885e-02,3.033086935502587317e-02,2.014171251882817919e-03,6.137235040522405309e-04,-2.646652335268189285e-03
1.735000000000000142e+01,2.419176598586363081e-02,1.058181105507418895e-01,2.010438290023465413e+00,9.970248030025404828e-01,9.871177379462485815e-03,1.242570020163075682e-02,7.543012680214540577e-02,3.403383155579897679e-02,2.992889020290257981e-02,1.758530741845607329e-02,7.128957697874473143e-02,-7.103048322585930885e-02,3.033086935502587317e-02,2.014171251882817919e-03,6.137235040522405309e-04,-2.646652335268189285e-03
1.740000000000000213e+01,2.600592138779356591e-02,1.072997572770145042e-01,2.011363197717163320e+00,9.970113698644447187e-01,9.689503776346700820e-03,1.238217185328461915e-02,7.563811008868107089e-02,3.849299698186236379e-02,2.842699367975908345e-02,1.981897699521149511e-02,7.128957697874473143e-02,-7.103048322585930885e-02,3.033086935502587317e-02,2.014171251882817919e-03,6.137235040522405309e-04,-2.646652335268189285e-03
1.744999999999999929e+01,2.799030137509175148e-02,1.087146584294893248e-01,2.012309301266610895e+00,9.969980375127681649e-01,9.397331159327618894e-03,1.220670582841915618e-02,7.587884880247729169e-02,4.113027410284603863e-02,2.729397990503456065e-02,1.776388847719223910e-02,7.128957697874473143e-02,-7.103048322585930885e-02,3.033086935502587317e-02,2.014171251882817919e-03,6.137235040522405309e-04,-2.646652335268189285e-03
1.750000000000000000e+01,3.008286815262420019e-02,1.100168001927741834e-01,2.013213799918055713e+00,9.969909978463820099e-01,9.175108249061434199e-03,1.194085615590416080e-02,7.604067040839145031e-02,4.217734568587374472e-02,2.674875811476581586e-02,1.752496108170647007e-02,7.128957697874473143e-02,-7.103048322585930885e-02,3.033086935502587317e-02,2.014171251882817919e-03,6.137235040522405309e-04,-2.646652335268189285e-03
1.755000000000000071e+01,3.229347254720926069e-02,1.113630242407266935e-01,2.014095027695684603e+00,9.969741671406847638e-01,8.818246301504829854e-03,1.189948771287348966e-02,7.630957199771916388e-02,4.570015478852498814e-02,2.530573781575084016e-02,1.770327001537641554e-02,7.128957697874473143e-02,-7.103048322585930885e-02,3.033086935502587317e-02,2.014171251882817919e-03,6.137235040522405309e-04,-2.646652335268189285e-03
1.760000000000000142e+01,3.465711931788255373e-02,1.125680529740317043e-01,2.015001183960774434e+00,9.969548578987170728e-01,8.717609588668386034e-03,1.183372559421959694e-02,7.658314131562639349e-02,4.856149038822783065e-02,2.400389148154802310e-02,1.803964753702098564e-02,7.128957697874473143e-02,-7.103048322585930885e-02,3.033086935502587317e-02,2.014171251882817919e-03,6.137235040522405309e-04,-2.646652335268189285e-03
1.765000000000000213e+01,2.953937774083916640e-02,1.082932744889745502e-01,2.014851463551691424e+00,9.967572685235595031e-01,8.634439929764686078e-03,1.205000645793673567e-02,7.908976821887643560e-02,5.765623587622013824e-02,2.309663777005083532e-02,1.851096081843552413e-02,7.640542662611135571e-02,-7.231587732140182245e-02,3.023291325240575964e-02,2.022157662392551087e-03,6.047669551303537852e-04,-3.005603021851012240e-03
1.769999999999999929e+01,2.334994947603086929e-02,9.923457733312966711e-02,2.014675534789170719e+00,9.967498821818543409e-01,8.033369390838438276e-03,1.084332951817225735e-02,7.942014575440056734e-02,4.985022924520231963e-02,1.752690625100248104e-02,1.409917581576990847e-02,6.486922019528773564e-02,-6.233350535778059420e-02,3.044952179959348540e-02,2.000069317922760753e-03,6.471396461222718140e-04,-3.138405965562672713e-03
1.775000000000000000e+01,2.589717934740531566e-02,1.001080844117503421e-01,2.015387788574702022e+00,9.967315142838690800e-01,7.578045227689604417e-03,1.076565507825744290e-02,7.970547242597798843e-02,5.197522066706929122e-02,1.683781116870092937e-02,1.385596748178065732e-02,6.486922019528773564e-02,-6.233350535778059420e-02,3.044952179959348540e-02,2.000069317922760753e-03,6.471396461222718140e-04,-3.138405965562672713e-03
1.780000000000000071e+01,2.847706467360225716e-02,1.009257579998330268e-01,2.016059488320850246e+00,9.967184600293306218e-01,7.421980595834660153e-03,1.061510821253193633e-02,7.990334860586721655e-02,5.196488461175444856e-02,1.585773294716007198e-02,1.308276144730040856e-02,6.486922019528773564e-02,-6.233350535778059420e-02,3.044952179959348540e-02,2.000069317922760753e-03,6.471396461222718140e-04,-3.138405965562672713e-03
1.785000000000000142e+01,3.111651902356514163e-02,1.017359518845709354e-01,2.016746852015601554e+00,9.967022818309047016e-01,7.258445481965674489e-03,1.045902855387586747e-02,8.014040855874482450e-02,5.418863098562586023e-02,1.597064474509384685e-02,1.405248203634162571e-02,6.486922019528773564e-02,-6.233350535778059420e-02,3.044952179959348540e-02,2.000069317922760753e-03,6.471396461222718140e-04,-3.138405965562672713e-03
1.790000000000000213e+01,4.839450979929033059e-02,9.114420107492034184e-02,2.016303439992512825e+00,9.970103869492101811e-01,6.708738671213482045e-03,9.848034035271277520e-03,7.634328632216171029e-02,5.346063339615369364e-02,1.706296708892529601e-02,1.180535960275940800e-02,5.647823204418438853e-02,-5.574950506202216299e-02,3.066308504653503936e-02,2.003714343817264345e-03,6.624208968463868048e-04,-2.743978521534242657e-03
1.794999999999999929e+01,5.108688267628484769e-02,9.194454575522190143e-02,2.016941740933621663e+00,9.969935986552561635e-01,6.541318818018959820e-03,9.576579235172619220e-03,7.661112529336426558e-02,5.403289830987045850e-02,1.496972449463388616e-02,1.273637983290373289e-02,5.647823204418438853e-02,-5.574950506202216299e-02,3.066308504653503936e-02,2.003714343817264345e-03,6.624208968463868048e-04,-2.743978521534242657e-03
1.800000000000000000e+01,6.234563410685226709e-02,8.254083303943936245e-02,2.016411950115887475e+00,9.972142280506363088e-01,5.956786209949759339e-03,8.802355171703810446e-03,7.382965945237471295e-02,4.671961446989500444e-02,1.191669077504804372e-02,9.021683242348563919e-03,4.918600251689458913e-02,-4.815165741148728917e-02,3.086259108523006778e-02,1.997119694764747360e-03,6.974435668494741083e-04,-2.382449573188947720e-03
1.805000000000000071e+01,6.475186482354985951e-02,8.316707120748621784e-02,2.016913978175863598e+00,9.971934342352321012e-01,5.633860708286856332e-03,8.578372586481463127e-03,7.416148498668892475e-02,4.932692152757202353e-02,1.347126051930953514e-02,1.113494285582991399e-02,4.918600251689458913e-02,-4.815165741148728917e-02,3.086259108523006778e-02,1.997119694764747360e-03,6.974435668494741083e-04,-2.382449573188947720e-03
1.810000000000000142e+01,6.725655178450434812e-02,8.378312657406856989e-02,2.017474785262684200e+00,9.971710313559731809e-01,5.431860136463996513e-03,8.449898698324437296e-03,7.449180043407876983e-02,5.237180502315518654e-02,1.100981670691230860e-02,1.045752157058846277e-02,4.918600251689458913e-02,-4.815165741148728917e-02,3.086259108523006778e-02,1.997119694764747360e-03,6.974435668494741083e-04,-2.382449573188947720e-03
1.815000000000000213e+01,6.991011687441986422e-02,8.427208050386882088e-02,2.017989433661169230e+00,9.971592973164966622e-01,5.302467697080189522e-03,8.213738764035109427e-03,7.468436320347365820e-02,5.457109414985188145e-02,7.916425050203240374e-03,1.000931184667016097e-02,4.918600251689458913e-02,-4.815165741148728917e-02,3.086259108523006778e-02,1.997119694764747360e-03,6.974435668494741083e-04,-2.382449573188947720e-03
1.819999999999999929e+01,7.263951669788563936e-02,8.467348589884349241e-02,2.018447131798830618e+00,9.971390928678250942e-01,5.173303753554897924e-03,8.034310501507387070e-03,7.498210625055543033e-02,5.445207080677823969e-02,7.816334329550542540e-03,8.366794003489488527e-03,4.918600251689458913e-02,-4.815165741148728917e-02,3.086259108523006778e-02,1.997119694764747360e-03,6.974435668494741083e-04,-2.382449573188947720e-03
1.825000000000000000e+01,7.474991023257439304e-02,7.898273999083632591e-02,2.016831567293952077e+00,9.971647668603087489e-01,4.374474071209011501e-03,7.652367888176405016e-03,7.473107101286895204e-02,5.316741497571651764e-02,1.058931603052215738e-02,4.095315231814371931e-03,4.623213777312790845e-02,-4.406952680369155551e-02,3.097904066706483328e-02,2.027430387783888104e-03,7.137008487820585816e-04,-2.350840768743546125e-03
1.830000000000000071e+01,7.745684006590566884e-02,7.949183875784356090e-02,2.016996422565492164e+00,9.971509013123026621e-01,4.066388691715721801e-03,7.371517145034728324e-03,7.496135824577068729e-02,5.455423714876991848e-02,1.000400668926804300e-02,3.253565198344632748e-03,4.623213777312790845e-02,-4.406952680369155551e-02,3.097904066706483328e-02,2.027430387783888104e-03,7.137008487820585816e-04,-2.350840768743546125e-03
1.835000000000000142e+01,8.020591629697354508e-02,7.995391826481326736e-02,2.017180251919186151e+00,9.971151319805611202e-01,4.018398702565138293e-03,7.337810102170013934e-03,7.544151768197662755e-02,5.534525766617694881e-02,8.831116174977129973e-03,3.069151837346301235e-03,4.623213777312790845e-02,-4.406952680369155551e-02,3.097904066706483328e-02,2.027430387783888104e-03,7.137008487820585816e-04,-2.350840768743546125e-03
1.840000000000000213e+01,7.043005143190272932e-02,7.469515779380012099e-02,2.015026332874673365e+00,9.970341958417431316e-01,3.641795545215562990e-03,7.052262006716900587e-03,7.654943009587994451e-02,5.103728354154641461e-02,8.124538282005551448e-03,2.280315114902612371e-03,4.718526773755928050e-02,-4.262461780672610612e-02,3.095319362431465243e-02,2.052281969161424274e-03,7.353224754392223388e-04,-2.542649035875892659e-03
1.844999999999999929e+01,7.302622935243943680e-02,7.511319948807235192e-02,2.015148401225736130e+00,9.970155966336921027e-01,3.228613627054038870e-03,7.029079088423367296e-03,7.681190122877315507e-02,5.238745449274398447e-02,8.285938956781587622e-03,3.334249765828713446e-03,4.718526773755928050e-02,-4.262461780672610612e-02,3.095319362431465243e-02,2.052281969161424274e-03,7.353224754392223388e-04,-2.542649035875892659e-03
1.850000000000000000e+01,7.567463454250240862e-02,7.551775080717432198e-02,2.015286059046831113e+00,9.970006915389068025e-01,3.039665297677534954e-03,6.907880731437628270e-03,7.702378002681885272e-02,5.316180527465012157e-02,6.961005340169241877e-03,3.186637416544169359e-03,4.718526773755928050e-02,-4.262461780672610612e-02,3.095319362431465243e-02,2.052281969161424274e-03,7.353224754392223388e-04,-2.542649035875892659e-03
1.855000000000000071e+01,7.838182287076998767e-02,7.588570596796456735e-02,2.015422596097561136e+00,9.969802483519777381e-01,2.825424133185767961e-03,6.811146084241518836e-03,7.730465486318069401e-02,5.547708515675679741e-02,8.039612545861551940e-03,2.698465438598827981e-03,4.718526773755928050e-02,-4.262461780672610612e-02,3.095319362431465243e-02,2.052281969161424274e-03,7.353224754392223388e-04,-2.542649035875892659e-03
1.860000000000000142e+01,8.365768691914671207e-02,7.581889737017584452e-02,2.016129448057265350e+00,9.970341533457814931e-01,2.787953181461381644e-03,6.518338885288551057e-03,7.663312363002777738e-02,5.614401828993785537e-02,8.540860520629217634e-03,4.559919735712374654e-03,5.118903654420910859e-02,-4.409193631159738502e-02,3.084424466442912266e-02,2.050590570841631481e-03,7.569848214548950335e-04,-2.458666399311941128e-03
1.865000000000000213e+01,8.419208759238384909e-02,6.756666766167115923e-02,2.015007239968903185e+00,9.970494366182752755e-01,2.542574902803104980e-03,6.040096039944097515e-03,7.648185073513683041e-02,5.155020723482588163e-02,7.685267364506917671e-03,5.253595390343903694e-03,5.090100478573044568e-02,-4.280959120224063497e-02,3.083726090718803131e-02,2.060705733513926597e-03,7.812892857282955229e-04,-2.287559348403290799e-03
1.869999999999999929e+01,8.678389130389149719e-02,6.795224155401619059e-02,2.015236488027346784e+00,9.970172431937014412e-01,2.339589893329385283e-03,6.008176609520153588e-03,7.690932913107115243e-02,5.205376501365589076e-02,7.251004957901439722e-03,4.874716112399934270e-03,5.090100478573044568e-02,-4.280959120224063497e-02,3.083726090718803131e-02,2.060705733513926597e-03,7.812892857282955229e-04,-2.287559348403290799e-03
1.875000000000000000e+01,8.939286587928690908e-02,6.829885027417859078e-02,2.015468889660175122e+00,9.969939869583674952e-01,1.877444255039653056e-03,5.722512580276103121e-03,7.724453392762660464e-02,5.254697442358769593e-02,6.316022406069647654e-03,5.062065269430006224e-03,5.090100478573044568e-02,-4.280959120224063497e-02,3.083726090718803131e-02,2.060705733513926597e-03,7.812892857282955229e-04,-2.287559348403290799e-03
1.880000000000000071e+01,9.205901723029666361e-02,6.862713169560706594e-02,2.015688210367118316e+00,9.969750535628131294e-01,1.537692031739663640e-03,5.478822959735859741e-03,7.751361542088792966e-02,5.383510322592181818e-02,6.177281939364065444e-03,4.928266352821156562e-03,5.090100478573044568e-02,-4.280959120224063497e-02,3.083726090718803131e-02,2.060705733513926597e-03,7.812892857282955229e-04,-2.287559348403290799e-03
1.885000000000000142e+01,9.477546738273581739e-02,6.900015409417586953e-02,2.015910258469344463e+00,9.969720904154890651e-01,1.445266928263931171e-03,5.260025046641350274e-03,7.756864232784149715e-02,5.372955417757613317e-02,8.764106469302184593e-03,3.398285586621843136e-03,5.090100478573044568e-02,-4.280959120224063497e-02,3.083726090718803131e-02,2.060705733513926597e-03,7.812892857282955229e-04,-2.287559348403290799e-03
1.890000000000000213e+01,9.744626347921357679e-02,6.946302590755608353e-02,2.016055865744129427e+00,9.969514891970983061e-01,1.177060084139418261e-03,5.034051097093777787e-03,7.785243121957242940e-02,5.323929770898860186e-02,1.033891145347703988e-02,1.851694041715090883e-03,5.090100478573044568e-02,-4.280959120224063497e-02,3.083726090718803131e-02,2.060705733513926597e-03,7.812892857282955229e-04,-2.287559348403290799e-03
1.894999999999999929e+01,1.021354468582836572e-01,6.780616102634479114e-02,2.015674485659742388e+00,9.969995535131165321e-01,9.021037712011283679e-04,4.755288924964478151e-03,7.725583298801784460e-02,5.366496298509194213e-02,1.149621516663118515e-02,-1.719639392512030927e-03,4.817878798658749989e-02,-4.358882378743580976e-02,3.088715380146212983e-02,2.065234157981686320e-03,7.809456958696830682e-04,-2.196605098378098548e-03
1.900000000000000000e+01,1.066112930639753625e-01,6.190564506717952109e-02,2.014224551023493071e+00,9.971444697475528862e-01,4.316985823470616311e-04,4.220657894451691587e-03,7.539831652725091649e-02,4.771734507193299557e-02,9.860895771954118413e-03,-3.447471941682503805e-03,4.569173486590790562e-02,-4.229690357933722084e-02,3.094321589425193253e-02,2.072009040906734254e-03,7.910068750920687094e-04,-1.989414150352119322e-03
1.905000000000000071e+01,1.090492632855889488e-01,6.243227774330684793e-02,2.014099579123502348e+00,9.971262500523755401e-01,1.559064713202040374e-04,4.011667184212035393e-03,7.565132963843250458e-02,4.979955393118731810e-02,1.082654788439829999e-02,-2.460536274157362324e-03,4.569173486590790562e-02,-4.229690357933722084e-02,3.094321589425193253e-02,2.072009040906734254e-03,7.910068750920687094e-04,-1.989414150352119322e-03
1.910000000000000142e+01,1.116210182981640098e-01,6.299354500424453329e-02,2.013936230405544148e+00,9.971149427928988063e-01,-4.949654087224781597e-06,3.798427987101869914e-03,7.581136312876730898e-02,5.295942346472384821e-02,1.186572558582249352e-02,-2.598325626985864122e-03,4.569173486590790562e-02,-4.229690357933722084e-02,3.094321589425193253e-02,2.072009040906734254e-03,7.910068750920687094e-04,-1.989414150352119322e-03
1.915000000000000213e+01,1.142389743929281137e-01,6.359676829675096899e-02,2.013810936327227630e+00,9.970902512488973857e-01,-4.338339128036177448e-04,3.593125969685503299e-03,7.614415340860354597e-02,5.263112771999509804e-02,1.187946309258086815e-02,-2.417715037266740877e-03,4.569173486590790562e-02,-4.229690357933722084e-02,3.094321589425193253e-02,2.072009040906734254e-03,7.910068750920687094e-04,-1.989414150352119322e-03
1.920000000000000284e+01,1.168527115284533763e-01,6.413513860670222444e-02,2.013653180582613889e+00,9.970834047272612022e-01,-6.676576840057622895e-04,3.167806330576557455e-03,7.625092296989896545e-02,5.213193853140037082e-02,9.425827107072619337e-03,-4.459128583365969817e-03,4.569173486590790562e-02,-4.229690357933722084e-02,3.094321589425193253e-02,2.072009040906734254e-03,7.910068750920687094e-04,-1.989414150352119322e-03
1.925000000000000000e+01,1.194360699560465255e-01,6.462749221747979278e-02,2.013429623597006390e+00,9.970602058099680143e-01,-1.167971534289134489e-03,2.781827657194587116e-03,7.656267542063174836e-02,5.176880744685776609e-02,1.046952005012133889e-02,-4.360942491503890135e-03,4.569173486590790562e-02,-4.229690357933722084e-02,3.094321589425193253e-02,2.072009040906734254e-03,7.910068750920687094e-04,-1.989414150352119322e-03
1.930000000000000071e+01,1.086105589253260201e-01,6.073232858249609512e-02,2.010964278647969117e+00,9.969994291321310209e-01,-1.461685753614501426e-03,2.166028777851432535e-03,7.736478594487417038e-02,4.436241917650415173e-02,9.998333558884938202e-03,-6.684573396119407318e-03,3.930482243554080102e-02,-4.137298831213444272e-02,3.109220314112950273e-02,2.063892960167787623e-03,7.874832328414196024e-04,-2.055608746195792223e-03
1.935000000000000142e+01,1.108503087661791287e-01,6.123942180579028394e-02,2.010654674029443534e+00,9.969800488079624268e-01,-1.570742025736802851e-03,1.850050240857032454e-03,7.762018012390724253e-02,4.388486094358771961e-02,1.058759337105037203e-02,-5.203282178759516784e-03,3.930482243554080102e-02,-4.137298831213444272e-02,3.109220314112950273e-02,2.063892960167787623e-03,7.874832328414196024e-04,-2.055608746195792223e-03
1.940000000000000213e+01,1.130336839524466591e-01,6.172195214854518663e-02,2.010399587854141412e+00,9.969555404271859267e-01,-1.873483897044826013e-03,1.753546089458799017e-03,7.792987582267450752e-02,4.291587772843176440e-02,8.370455708604831666e-03,-4.210257478163456114e-03,3.930482243554080102e-02,-4.137298831213444272e-02,3.109220314112950273e-02,2.063892960167787623e-03,7.874832328414196024e-04,-2.055608746195792223e-03
1.945000000000000284e+01,1.151819846064861402e-01,6.215663163930434942e-02,2.010163643033624048e+00,9.969281151073148273e-01,-2.234262284683665844e-03,1.492484357025882684e-03,7.827588307431326831e-02,4.384366607034552443e-02,9.088699832651552304e-03,-4.819567379335986529e-03,3.930482243554080102e-02,-4.137298831213444272e-02,3.109220314112950273e-02,2.063892960167787623e-03,7.874832328414196024e-04,-2.055608746195792223e-03
1.950000000000000000e+01,1.173859175592807946e-01,6.260393129463602546e-02,2.009908490889498633e+00,9.969074441894658634e-01,-2.604925908143625093e-03,1.271035357300981990e-03,7.853118202192455044e-02,4.329436099263738597e-02,8.829627514098208063e-03,-6.166977561278104425e-03,3.930482243554080102e-02,-4.137298831213444272e-02,3.109220314112950273e-02,2.063892960167787623e-03,7.874832328414196024e-04,-2.055608746195792223e-03
1.955000000000000071e+01,1.195044873649507011e-01,6.302634417105469622e-02,2.009610771213103941e+00,9.968807370768830722e-01,-2.744455576952219752e-03,1.077848712127467846e-03,7.886762485830464686e-02,4.249897240705425433e-02,8.679524691558184943e-03,-6.193563992467591636e-03,3.930482243554080102e-02,-4.137298831213444272e-02,3.109220314112950273e-02,2.063892960167787623e-03,7.874832328414196024e-04,-2.055608746195792223e-03
1.960000000000000142e+01,1.216885980649211191e-01,6.352075517570446306e-02,2.009263613189151698e+00,9.968711517579521564e-01,-3.039039990270270622e-03,1.003578873377100871e-03,7.897888235570435511e-02,4.314307181214640380e-02,1.072092000959904215e-02,-7.233828960746222468e-03,3.930482243554080102e-02,-4.137298831213444272e-02,3.109220314112950273e-02,2.063892960167787623e-03,7.874832328414196024e-04,-2.055608746195792223e-03
1.965000000000000213e+01,1.238093675207790484e-01,6.409747804324184006e-02,2.008899437912777142e+00,9.968614643800119968e-01,-3.232845084334079033e-03,8.728140359634836785e-04,7.909492867723884324e-02,4.204126945214585465e-02,1.191773929745106562e-02,-7.372430076808455558e-03,3.930482243554080102e-02,-4.137298831213444272e-02,3.109220314112950273e-02,2.063892960167787623e-03,7.874832328414196024e-04,-2.055608746195792223e-03
1.970000000000000284e+01,1.258557006316942672e-01,6.463706019464596220e-02,2.008501723963235008e+00,9.968417372066339377e-01,-3.449229716164356387e-03,7.300642015182785133e-04,7.933549510456842924e-02,4.065846044194133119e-02,1.093888180930110109e-02,-7.543302697812747683e-03,3.930482243554080102e-02,-4.137298831213444272e-02,3.109220314112950273e-02,2.063892960167787623e-03,7.874832328414196024e-04,-2.055608746195792223e-03
1.975000000000000000e+01,1.279407135646372651e-01,6.517215674953423521e-02,2.008087447352791877e+00,9.968293409934201321e-01,-3.778469302902993064e-03,4.250075335237150941e-04,7.947834593741502640e-02,4.268930711508089199e-02,1.019810714505972084e-02,-8.850594244213579737e-03,3.930482243554080102e-02,-4.137298831213444272e-02,3.109220314112950273e-02,2.063892960167787623e-03,7.874832328414196024e-04,-2.055608746195792223e-03
1.980000000000000071e+01,1.301184675057787399e-01,6.565351088430763926e-02,2.007621136739417445e+00,9.967974017225552652e-01,-3.757487388757984031e-03,3.048312497229816961e-04,7.987946097461681716e-02,4.347925937981650391e-02,9.240114558146664964e-03,-9.455640885872494683e-03,3.930482243554080102e-02,-4.137298831213444272e-02,3.109220314112950273e-02,2.063892960167787623e-03,7.874832328414196024e-04,-2.055608746195792223e-03
1.985000000000000142e+01,1.322974633739499306e-01,6.617354446116663347e-02,2.007154937531202776e+00,9.967809809365331120e-01,-3.991460495707636023e-03,5.082843129789890670e-05,8.007335201416672377e-02,4.350909926805356098e-02,1.145411901864578849e-02,-9.088293906829213176e-03,3.930482243554080102e-02,-4.137298831213444272e-02,3.109220314112950273e-02,2.063892960167787623e-03,7.874832328414196024e-04,-2.055608746195792223e-03
1.990000000000000213e+01,1.344664569607442184e-01,6.677754796706450446e-02,2.006683941383907044e+00,9.967531402110879624e-01,-4.148448594478988498e-03,-2.336385285965433150e-04,8.041090266022553334e-02,4.444168448796229076e-02,1.204975518853577954e-02,-1.120334932024476086e-02,3.930482243554080102e-02,-4.137298831213444272e-02,3.109220314112950273e-02,2.063892960167787623e-03,7.874832328414196024e-04,-2.055608746195792223e-03
1.995000000000000284e+01,1.366506868630111005e-01,6.738270131480542102e-02,2.006159925222134266e+00,9.967368846814953498e-01,-4.267638355941049018e-03,-4.640738887993341123e-04,8.060492921475663486e-02,4.313683783973740193e-02,1.257992638349243915e-02,-9.839081274414750861e-03,3.930482243554080102e-02,-4.137298831213444272e-02,3.109220314112950273e-02,2.063892960167787623e-03,7.874832328414196024e-04,-2.055608746195792223e-03
2.000000000000000000e+01,1.387680020506624201e-01,6.802048558368352371e-02,2.005695618907641364e+00,9.967171113042655461e-01,-4.427704665451280205e-03,-5.625795284047420625e-04,8.083983528527342866e-02,4.253765844344910979e-02,1.315504664632640569e-02,-8.551380707763515249e-03,3.930482243554080102e-02,-4.137298831213444272e-02,3.109220314112950273e-02,2.063892960167787623e-03,7.874832328414196024e-04,-2.055608746195792223e-03
2.005000000000000071e+01,1.409233128925587164e-01,6.870469003516593842e-02,2.005210841482206074e+00,9.967018520668896597e-01,-4.654757554891886598e-03,-8.690250537017761481e-04,8.101232075427373946e-02,4.298126770086638238e-02,1.429677232542141650e-02,-9.931283915253460645e-03,3.930482243554080102e-02,-4.137298831213444272e-02,3.109220314112950273e-02,2.063892960167787623e-03,7.874832328414196024e-04,-2.055608746195792223e-03
2.010000000000000142e+01,1.431022754389979224e-01,6.947037399049763029e-02,2.004756703702472276e+00,9.966773829802118012e-01,-4.793276138296141860e-03,-9.601302950995662137e-04,8.130373244442459790e-02,4.384602621744983914e-02,1.503349122399385597e-02,-8.280937924093385513e-03,3.930482243554080102e-02,-4.137298831213444272e-02,3.109220314112950273e-02,2.063892960167787623e-03,7.874832328414196024e-04,-2.055608746195792223e-03
2.015000000000000213e+01,1.453272688163688153e-01,7.023946388681155673e-02,2.004333559516922936e+00,9.966478410076992089e-01,-5.108026022038464689e-03,-1.013518606695417356e-03,8.164534196685137302e-02,4.409777913758346907e-02,1.564768100714169705e-02,-7.194173346685788471e-03,3.930482243554080102e-02,-4.137298831213444272e-02,3.109220314112950273e-02,2.063892960167787623e-03,7.874832328414196024e-04,-2.055608746195792223e-03
2.020000000000000284e+01,1.475579064401254803e-01,7.107588141663835624e-02,2.003991833666210365e+00,9.966400024540431613e-01,-5.350603929838138560e-03,-1.087429140262370295e-03,8.172450087859699230e-02,4.474504891135397400e-02,1.873526421988087887e-02,-6.373456467829679076e-03,3.930482243554080102e-02,-4.137298831213444272e-02,3.109220314112950273e-02,2.063892960167787623e-03,7.874832328414196024e-04,-2.055608746195792223e-03
2.025000000000000000e+01,1.498309144580437235e-01,7.204233920827932125e-02,2.003673801210654304e+00,9.966313061624400005e-01,-5.566368369952187298e-03,-1.168481485243982442e-03,8.181497278088752101e-02,4.693640176404725861e-02,1.915452088066453909e-02,-6.415483290305737385e-03,3.930482243554080102e-02,-4.137298831213444272e-02,3.109220314112950273e-02,2.063892960167787623e-03,7.874832328414196024e-04,-2.055608746195792223e-03
2.030000000000000071e+01,1.521990097889045490e-01,7.298799058901878078e-02,2.003376752302298947e+00,9.965923980917592573e-01,-5.801718763391484554e-03,-1.519802517020536628e-03,8.226555977695787503e-02,4.749729412576618459e-02,1.872339774154875222e-02,-5.823007419724376618e-03,3.930482243554080102e-02,-4.137298831213444272e-02,3.109220314112950273e-02,2.063892960167787623e-03,7.874832328414196024e-04,-2.055608746195792223e-03
2.035000000000000142e+01,1.546545241837622986e-01,7.396281989037874205e-02,2.003093921703829938e+00,9.965670493277094533e-01,-5.873716200369657678e-03,-1.739094472973325926e-03,8.256265016745978347e-02,4.905259632770002376e-02,2.006047033935200175e-02,-5.363343436316664672e-03,3.930482243554080102e-02,-4.137298831213444272e-02,3.109220314112950273e-02,2.063892960167787623e-03,7.874832328414196024e-04,-2.055608746195792223e-03
2.040000000000000213e+01,1.571089892134131527e-01,7.496982865627330184e-02,2.002825372061951992e+00,9.965383484229771716e-01,-6.049255316689453217e-03,-2.087723382691785909e-03,8.288768330455206779e-02,4.935205910053518802e-02,2.016365190727521794e-02,-5.292333617226985427e-03,3.930482243554080102e-02,-4.137298831213444272e-02,3.109220314112950273e-02,2.063892960167787623e-03,7.874832328414196024e-04,-2.055608746195792223e-03
2.045000000000000284e+01,1.596137974435534179e-01,7.599461121414277653e-02,2.002567543567960406e+00,9.965077670563297074e-01,-6.293763171757713916e-03,-2.233072330761354078e-03,8.323263860716592633e-02,5.126248730915358015e-02,2.051744203766463909e-02,-5.210286452587202695e-03,3.930482243554080102e-02,-4.137298831213444272e-02,3.109220314112950273e-02,2.063892960167787623e-03,7.874832328414196024e-04,-2.055608746195792223e-03
2.050000000000000000e+01,1.621556469218088103e-01,7.705102724386293789e-02,2.002291208468645500e+00,9.964860790141785163e-01,-6.361235419665563391e-03,-2.431798166199294984e-03,8.348122766564362862e-02,5.162529738476306224e-02,2.110901205590856589e-02,-5.561589980293245479e-03,3.930482243554080102e-02,-4.137298831213444272e-02,3.109220314112950273e-02,2.063892960167787623e-03,7.874832328414196024e-04,-2.055608746195792223e-03
2.055000000000000071e+01,1.612039452039278897e-01,7.340762662083667733e-02,2.000989357983787187e+00,9.966293364284968259e-01,-6.429001218050812809e-03,-2.865863616353741226e-03,8.173383962083838328e-02,4.494743763266016018e-02,1.876397818216983884e-02,-8.221115949690115804e-03,3.879140668564508287e-02,-4.303984714414250262e-02,3.122283861720177162e-02,2.058448425025067707e-03,8.122009172937441190e-04,-1.984344851120142545e-03
2.060000000000000142e+01,1.634561928783282436e-01,7.436815167063942633e-02,2.000591499454480449e+00,9.965900811805187276e-01,-6.787776332501375964e-03,-2.958453397509452649e-03,8.217897382275959894e-02,4.516123768054535609e-02,2.020501151484585881e-02,-7.798459302511336066e-03,3.879140668564508287e-02,-4.303984714414250262e-02,3.122283861720177162e-02,2.058448425025067707e-03,8.122009172937441190e-04,-1.984344851120142545e-03
2.065000000000000213e+01,1.656864720570208060e-01,7.538738864112007332e-02,2.000231631770206686e+00,9.965761721061453526e-01,-7.002985623150256855e-03,-3.107196668001570294e-03,8.232397409923115916e-02,4.423888368541629285e-02,2.105171488031969476e-02,-7.262426321394730919e-03,3.879140668564508287e-02,-4.303984714414250262e-02,3.122283861720177162e-02,2.058448425025067707e-03,8.122009172937441190e-04,-1.984344851120142545e-03
2.070000000000000284e+01,1.679253064012502239e-01,7.644830976886694829e-02,1.999862345916216588e+00,9.965519826495866651e-01,-7.050390620260772560e-03,-3.126036176739739169e-03,8.261153531499840219e-02,4.609255643806487585e-02,2.104270642469164426e-02,-7.591929691393647060e-03,3.879140668564508287e-02,-4.303984714414250262e-02,3.122283861720177162e-02,2.058448425025067707e-03,8.122009172937441190e-04,-1.984344851120142545e-03
2.075000000000000000e+01,1.702069934276251029e-01,7.756599428588806244e-02,1.999460645313029694e+00,9.965356359958947863e-01,-7.183004002290866927e-03,-3.345827821840796374e-03,8.278850209991329978e-02,4.461882719465724151e-02,2.422561522307543208e-02,-8.168250272057829553e-03,3.879140668564508287e-02,-4.303984714414250262e-02,3.122283861720177162e-02,2.058448425025067707e-03,8.122009172937441190e-04,-1.984344851120142545e-03
2.080000000000000071e+01,1.724480694244803491e-01,7.880911025498517353e-02,1.999038256084684440e+00,9.965161055374411880e-01,-7.283181621617232197e-03,-3.590991972699918416e-03,8.300428571230565600e-02,4.495251018610376542e-02,2.564904581402624104e-02,-8.060691276894113577e-03,3.879140668564508287e-02,-4.303984714414250262e-02,3.122283861720177162e-02,2.058448425025067707e-03,8.122009172937441190e-04,-1.984344851120142545e-03
2.085000000000000142e+01,1.746565751650493992e-01,8.017719530020139818e-02,1.998621341790403738e+00,9.964855584525850185e-01,-7.563577371565536299e-03,-3.764084816591344029e-03,8.333760110704759028e-02,4.304254306054368373e-02,2.854938669084101238e-02,-8.825148144013741577e-03,3.879140668564508287e-02,-4.303984714414250262e-02,3.122283861720177162e-02,2.058448425025067707e-03,8.122009172937441190e-04,-1.984344851120142545e-03
2.090000000000000213e+01,1.767957677309241749e-01,8.161631838943593509e-02,1.998146892264286212e+00,9.964665792698039759e-01,-7.662258616083432450e-03,-3.906213053246261092e-03,8.354871447735340295e-02,4.165630079640492145e-02,2.905639595831589067e-02,-9.741611421315795466e-03,3.879140668564508287e-02,-4.303984714414250262e-02,3.122283861720177162e-02,2.058448425025067707e-03,8.122009172937441190e-04,-1.984344851120142545e-03
2.095000000000000284e+01,1.614976765537229908e-01,8.010668962138867144e-02,1.995298446503793510e+00,9.964287372912765672e-01,-7.663371651816410293e-03,-4.233840528554540412e-03,8.398284842405111250e-02,3.336001913215205783e-02,2.805356451778740628e-02,-1.288196552026221915e-02,3.838115348039868036e-02,-4.430070759971201089e-02,3.134604128194613815e-02,2.052970133062838407e-03,8.401412468102798740e-04,-2.103841432240927036e-03
2.100000000000000000e+01,1.631760249973388532e-01,8.155178885773732567e-02,1.994693808846415228e+00,9.963891589106160795e-01,-7.710040862715047440e-03,-4.600769867122826880e-03,8.442767432495069946e-02,3.365411480292140184e-02,2.908595338865810689e-02,-1.146045964620654237e-02,3.838115348039868036e-02,-4.430070759971201089e-02,3.134604128194613815e-02,2.052970133062838407e-03,8.401412468102798740e-04,-2.103841432240927036e-03
2.105000000000000071e+01,1.649092007340898502e-01,8.301340869843555625e-02,1.994125480542359830e+00,9.963678283947502434e-01,-7.809171091530892408e-03,-4.806250600997675863e-03,8.465853378102668192e-02,3.515036705453546823e-02,2.933878198227911696e-02,-1.179474817480417013e-02,3.838115348039868036e-02,-4.430070759971201089e-02,3.134604128194613815e-02,2.052970133062838407e-03,8.401412468102798740e-04,-2.103841432240927036e-03
2.110000000000000142e+01,1.666497763764106244e-01,8.442111782497635497e-02,1.993530505708101863e+00,9.963358950173190065e-01,-8.007841967434172620e-03,-4.950437264702599489e-03,8.500677583552132544e-02,3.472605222982011464e-02,2.815644445749457964e-02,-1.217872787664850062e-02,3.838115348039868036e-02,-4.430070759971201089e-02,3.134604128194613815e-02,2.052970133062838407e-03,8.401412468102798740e-04,-2.103841432240927036e-03
2.115000000000000213e+01,1.683959768543682456e-01,8.588296581299126320e-02,1.992899372902087851e+00,9.963113017052410703e-01,-7.958131053895887985e-03,-5.151309231929754665e-03,8.528729247510564992e-02,3.548821190235353779e-02,2.924664520256537933e-02,-1.217070226367629113e-02,3.838115348039868036e-02,-4.430070759971201089e-02,3.134604128194613815e-02,2.052970133062838407e-03,8.401412468102798740e-04,-2.103841432240927036e-03
2.120000000000000284e+01,1.701446729986308415e-01,8.735733918792162878e-02,1.992303941557860281e+00,9.962892619505433478e-01,-8.051870562151329860e-03,-5.363980821608159942e-03,8.552252108209472403e-02,3.399837772529635399e-02,3.020485927004248894e-02,-1.206579403501206911e-02,3.838115348039868036e-02,-4.430070759971201089e-02,3.134604128194613815e-02,2.052970133062838407e-03,8.401412468102798740e-04,-2.103841432240927036e-03
2.125000000000000000e+01,1.718188392042570567e-01,8.886058920831677033e-02,1.991718700297076206e+00,9.962675695678355758e-01,-7.985409472245734441e-03,-5.560910662392278686e-03,8.576852182218909493e-02,3.329301170341061183e-02,3.059521234782523053e-02,-1.216802998470067031e-02,3.838115348039868036e-02,-4.430070759971201089e-02,3.134604128194613815e-02,2.052970133062838407e-03,8.401412468102798740e-04,-2.103841432240927036e-03
2.130000000000000071e+01,1.735283254788042573e-01,9.042765029079845307e-02,1.991077804927019246e+00,9.962428697599775562e-01,-7.970250341221767759e-03,-5.759791411481723911e-03,8.604327030511450813e-02,3.510543544009674805e-02,3.099143458276014743e-02,-1.308750867441642145e-02,3.838115348039868036e-02,-4.430070759971201089e-02,3.134604128194613815e-02,2.052970133062838407e-03,8.401412468102798740e-04,-2.103841432240927036e-03
2.135000000000000142e+01,1.753285834973470070e-01,9.201550712983393165e-02,1.990409531388450226e+00,9.962272872575764771e-01,-7.907450596486308159e-03,-5.955118077135899794e-03,8.621601311335175266e-02,3.494721443034706776e-02,3.305546976042091772e-02,-1.338175237509399602e-02,3.838115348039868036e-02,-4.430070759971201089e-02,3.134604128194613815e-02,2.052970133062838407e-03,8.401412468102798740e-04,-2.103841432240927036e-03
2.140000000000000213e+01,1.771322042955177367e-01,9.370741920205005737e-02,1.989749202406572604e+00,9.961942901032008191e-01,-7.833904690132861490e-03,-6.049954829817113210e-03,8.659656084188736835e-02,3.671462710401138252e-02,3.464296181411301995e-02,-1.299780439488281564e-02,3.838115348039868036e-02,-4.430070759971201089e-02,3.134604128194613815e-02,2.052970133062838407e-03,8.401412468102798740e-04,-2.103841432240927036e-03
2.145000000000000284e+01,1.789858491778809069e-01,9.544129876369565613e-02,1.989060034147106970e+00,9.961710465938998782e-01,-7.781592627387389806e-03,-6.295790056130620010e-03,8.685076724914134183e-02,3.694356182336304417e-02,3.394155789020911890e-02,-1.421499071966653496e-02,3.838115348039868036e-02,-4.430070759971201089e-02,3.134604128194613815e-02,2.052970133062838407e-03,8.401412468102798740e-04,-2.103841432240927036e-03
2.150000000000000000e+01,1.808128988118290759e-01,9.716317897951134985e-02,1.988333275688827451e+00,9.961522724240589044e-01,-7.620199216180204189e-03,-6.392185910685251916e-03,8.707308807876683321e-02,3.575307366340776255e-02,3.504595374812141673e-02,-1.499303574717593228e-02,3.838115348039868036e-02,-4.430070759971201089e-02,3.134604128194613815e-02,2.052970133062838407e-03,8.401412468102798740e-04,-2.103841432240927036e-03
2.155000000000000071e+01,1.826429134944992927e-01,9.890070752319059244e-02,1.987572993231710106e+00,9.961266100129558820e-01,-7.596614213403744126e-03,-6.574126653988990147e-03,8.735473161384296747e-02,3.810134001474152488e-02,3.516614811066762908e-02,-1.575633063693112484e-02,3.838115348039868036e-02,-4.430070759971201089e-02,3.134604128194613815e-02,2.052970133062838407e-03,8.401412468102798740e-04,-2.103841432240927036e-03
2.160000000000000142e+01,1.845284041479919313e-01,1.005452804232368769e-01,1.986786391634173699e+00,9.960903883752716403e-01,-7.535413585970776595e-03,-6.801524648127038782e-03,8.775474340997077571e-02,3.656980657704481108e-02,3.210422416785185806e-02,-1.515930301816593301e-02,3.838115348039868036e-02,-4.430070759971201089e-02,3.134604128194613815e-02,2.052970133062838407e-03,8.401412468102798740e-04,-2.103841432240927036e-03
2.165000000000000213e+01,2.013424901736634298e-01,1.151120417658749590e-01,1.987081331976708443e+00,9.958718043179884960e-01,-8.256213550593045208e-03,-6.799337978241799113e-03,9.013852287062867896e-02,4.539260329076556105e-02,4.083003389195979937e-02,-1.133277263977293392e-02,3.653465232584583028e-02,-3.643122802126841364e-02,3.113809215824519042e-02,2.087694657703839055e-03,8.293162832348690162e-04,-2.137101782319947730e-03
2.170000000000000284e+01,1.583709027369070710e-01,8.096965957158115679e-02,1.991871223856449102e+00,9.963643422108272585e-01,-8.612388238622993228e-03,-6.878451317537445826e-03,8.447846617384294210e-02,2.601016359841500786e-02,1.911086989027439148e-02,-4.791751476903589879e-03,4.256333397177583522e-02,-2.400438937368119460e-02,3.078837747092257396e-02,2.056442997393434242e-03,8.838051466302258505e-04,-2.038541800297549202e-03
2.175000000000000000e+01,1.596886787333629265e-01,8.189404067783435937e-02,1.991651911375185158e+00,9.963310495357294849e-01,-8.713945155274842314e-03,-6.939851173104384478e-03,8.485484875101534374e-02,2.669449337333784644e-02,1.860341221561151795e-02,-4.535334598173279379e-03,4.256333397177583522e-02,-2.400438937368119460e-02,3.078837747092257396e-02,2.056442997393434242e-03,8.838051466302258505e-04,-2.038541800297549202e-03
2.180000000000000071e+01,1.610004584525961957e-01,8.285541493407903857e-02,1.991480063647669274e+00,9.963033592564543017e-01,-8.748425091763892270e-03,-7.144290047160754657e-03,8.515891328827701612e-02,2.596417646889646186e-02,1.934702286880017955e-02,-2.733089345121286328e-03,4.256333397177583522e-02,-2.400438937368119460e-02,3.078837747092257396e-02,2.056442997393434242e-03,8.838051466302258505e-04,-2.038541800297549202e-03
2.185000000000000142e+01,1.623314489336146749e-01,8.381764941648708889e-02,1.991284489493126308e+00,9.962825556558979612e-01,-8.974026007600034716e-03,-7.165532363648824225e-03,8.537676088323487011e-02,2.706463889437520781e-02,1.960623631889033339e-02,-4.777102895228745386e-03,4.256333397177583522e-02,-2.400438937368119460e-02,3.078837747092257396e-02,2.056442997393434242e-03,8.838051466302258505e-04,-2.038541800297549202e-03
2.190000000000000213e+01,1.636754921215990144e-01,8.479636108148345952e-02,1.991007285377425884e+00,9.962502710569168807e-01,-8.986718529436376127e-03,-7.224770394115659529e-03,8.574636436517159288e-02,2.662357832559928209e-02,1.869224278519594079e-02,-6.655458959979947478e-03,4.256333397177583522e-02,-2.400438937368119460e-02,3.078837747092257396e-02,2.056442997393434242e-03,8.838051466302258505e-04,-2.038541800297549202e-03
2.195000000000000284e+01,1.650167586795922015e-01,8.572112936132490757e-02,1.990656464172076312e+00,9.962388344923556183e-01,-9.017933576639453747e-03,-7.413687806504762681e-03,8.585976214984572530e-02,2.642084397685963426e-02,1.836576467296237650e-02,-7.651456071555900150e-03,4.256333397177583522e-02,-2.400438937368119460e-02,3.078837747092257396e-02,2.056442997393434242e-03,8.838051466302258505e-04,-2.038541800297549202e-03
2.200000000000000000e+01,1.662904709368622502e-01,8.661328326562998947e-02,1.990297500806577524e+00,9.962195542571521401e-01,-8.840430075340520097e-03,-7.591007989158787307e-03,8.608613773118449497e-02,2.536828462879042387e-02,1.703473677697408054e-02,-6.746515993641253282e-03,4.256333397177583522e-02,-2.400438937368119460e-02,3.078837747092257396e-02,2.056442997393434242e-03,8.838051466302258505e-04,-2.038541800297549202e-03
2.205000000000000071e+01,1.676133733066314802e-01,8.747270495999404094e-02,1.989953758080540425e+00,9.961934068133208031e-01,-8.747606199336359703e-03,-7.764166829403389147e-03,8.638225119141104691e-02,2.595505972930083408e-02,1.773668834767055252e-02,-8.163975886176413899e-03,4.256333397177583522e-02,-2.400438937368119460e-02,3.078837747092257396e-02,2.056442997393434242e-03,8.838051466302258505e-04,-2.038541800297549202e-03
2.210000000000000142e+01,1.689649596862503600e-01,8.843645628160874683e-02,1.989517643715769113e+00,9.961645048262844915e-01,-8.784845027378664767e-03,-7.890616915747236323e-03,8.669973464052441181e-02,2.683427238986954913e-02,1.961408760495717690e-02,-8.960066660457668627e-03,4.256333397177583522e-02,-2.400438937368119460e-02,3.078837747092257396e-02,2.056442997393434242e-03,8.838051466302258505e-04,-2.038541800297549202e-03
2.215000000000000213e+01,1.702571703826293859e-01,8.946175592800668930e-02,1.989069631314758446e+00,9.961415599988077130e-01,-8.739482775139381307e-03,-7.881511001647625511e-03,8.696836015641272455e-02,2.483113071600753438e-02,2.038867019265517069e-02,-9.276599068331583403e-03,4.256333397177583522e-02,-2.400438937368119460e-02,3.078837747092257396e-02,2.056442997393434242e-03,8.838051466302258505e-04,-2.038541800297549202e-03
2.220000000000000284e+01,1.714635952923806439e-01,9.050964991623661193e-02,1.988692100386825423e+00,9.961201889209778670e-01,-8.838078384799033863e-03,-8.076597590581439251e-03,8.718501113069342112e-02,2.435460053864695051e-02,2.050192880824843605e-02,-6.554734661678186629e-03,4.256333397177583522e-02,-2.400438937368119460e-02,3.078837747092257396e-02,2.056442997393434242e-03,8.838051466302258505e-04,-2.038541800297549202e-03
2.225000000000000000e+01,1.727162391205866454e-01,9.156833571283976014e-02,1.988314673680771971e+00,9.961059751067995460e-01,-8.702389941525992198e-03,-8.085915775998609931e-03,8.736001792525685539e-02,2.567453036534852670e-02,2.153804805776404763e-02,-8.246959370319346255e-03,4.256333397177583522e-02,-2.400438937368119460e-02,3.078837747092257396e-02,2.056442997393434242e-03,8.838051466302258505e-04,-2.038541800297549202e-03
2.230000000000000071e+01,1.740629967191070493e-01,9.261790088698132473e-02,1.987940192767329917e+00,9.960928987293027337e-01,-8.460396679331894793e-03,-8.076733260203717082e-03,8.753356595573552612e-02,2.759302605936966163e-02,2.004407747727072683e-02,-7.276455605255775436e-03,4.256333397177583522e-02,-2.400438937368119460e-02,3.078837747092257396e-02,2.056442997393434242e-03,8.838051466302258505e-04,-2.038541800297549202e-03
2.235000000000000142e+01,1.755055644750853072e-01,9.362851474653081929e-02,1.987582103699059966e+00,9.960687658635464237e-01,-8.496494694119354277e-03,-8.517987267842652005e-03,8.776256116299976928e-02,3.031450679565334677e-02,2.115529702370235257e-02,-7.117797322326552094e-03,4.256333397177583522e-02,-2.400438937368119460e-02,3.078837747092257396e-02,2.056442997393434242e-03,8.838051466302258505e-04,-2.038541800297549202e-03
2.240000000000000213e+01,1.770244649429716655e-01,9.464738463890402798e-02,1.987212584149961048e+00,9.960261704236947899e-01,-8.584829273279264220e-03,-8.745056406060847456e-03,8.821390211249231783e-02,3.106112007301896002e-02,1.967733492927529679e-02,-8.352107601896049602e-03,4.256333397177583522e-02,-2.400438937368119460e-02,3.078837747092257396e-02,2.056442997393434242e-03,8.838051466302258505e-04,-2.038541800297549202e-03
2.245000000000000284e+01,1.785816659539600226e-01,9.562576410592700527e-02,1.986850641454452449e+00,9.960088893490961492e-01,-8.624751806312828950e-03,-8.981869578928016601e-03,8.838117453805742485e-02,3.079068328053109413e-02,1.911805256951398108e-02,-6.845524901158393100e-03,4.256333397177583522e-02,-2.400438937368119460e-02,3.078837747092257396e-02,2.056442997393434242e-03,8.838051466302258505e-04,-2.038541800297549202e-03
2.250000000000000000e+01,1.801042480013020364e-01,9.657660815272303689e-02,1.986502646076917067e+00,9.960076663773020922e-01,-8.677232918963613539e-03,-9.170035627183804883e-03,8.837049616872748314e-02,3.072201510578588882e-02,1.868175927078524409e-02,-6.881246839796554063e-03,4.256333397177583522e-02,-2.400438937368119460e-02,3.078837747092257396e-02,2.056442997393434242e-03,8.838051466302258505e-04,-2.038541800297549202e-03
2.255000000000000071e+01,1.816474661809970026e-01,9.746260795646169428e-02,1.986140036170018552e+00,9.959880347275499313e-01,-8.869613058177384934e-03,-9.306717649631418912e-03,8.855817099704124673e-02,3.037368443776590834e-02,1.760181618771149495e-02,-8.454797487727804331e-03,4.256333397177583522e-02,-2.400438937368119460e-02,3.078837747092257396e-02,2.056442997393434242e-03,8.838051466302258505e-04,-2.038541800297549202e-03
2.260000000000000142e+01,1.831527007293539677e-01,9.831841352355596975e-02,1.985693738469261671e+00,9.959959477278111928e-01,-8.998223093021357616e-03,-9.200027294594580879e-03,8.846730237057050250e-02,2.985142420310115535e-02,1.675548742003545033e-02,-8.887723676218817204e-03,4.256333397177583522e-02,-2.400438937368119460e-02,3.078837747092257396e-02,2.056442997393434242e-03,8.838051466302258505e-04,-2.038541800297549202e-03
2.265000000000000213e+01,1.846179232225274025e-01,9.914103663902633368e-02,1.985312887027359752e+00,9.959838629332784521e-01,-9.090907352070671729e-03,-9.082032470037637584e-03,8.860596405566306677e-02,2.870989736738629311e-02,1.592544959811831654e-02,-7.259972471974670237e-03,4.256333397177583522e-02,-2.400438937368119460e-02,3.078837747092257396e-02,2.056442997393434242e-03,8.838051466302258505e-04,-2.038541800297549202e-03
2.270000000000000284e+01,1.860213986455609980e-01,9.996367008519660424e-02,1.984973878683129245e+00,9.959524800021625213e-01,-8.989567681157007925e-03,-9.276312859674574682e-03,8.894827300278111692e-02,2.762193966559235367e-02,1.688501927956173251e-02,-6.070465261047757778e-03,4.256333397177583522e-02,-2.400438937368119460e-02,3.078837747092257396e-02,2.056442997393434242e-03,8.838051466302258505e-04,-2.038541800297549202e-03
2.275000000000000000e+01,1.873346987132839814e-01,1.008267846245867738e-01,1.984660684050207680e+00,9.959330012195608539e-01,-8.965659722522750785e-03,-9.282081699619937690e-03,8.916791455932851496e-02,2.533957665101298565e-02,1.687402938647573555e-02,-7.066630951380881154e-03,4.256333397177583522e-02,-2.400438937368119460e-02,3.078837747092257396e-02,2.056442997393434242e-03,8.838051466302258505e-04,-2.038541800297549202e-03
2.280000000000000071e+01,1.886439752827280825e-01,1.017239952084038751e-01,1.984286462838172671e+00,9.959374015686640602e-01,-8.811165329364918294e-03,-9.315941975855982285e-03,8.913062743691774203e-02,2.636761275018960349e-02,1.857407571174789912e-02,-7.038434684470765319e-03,4.256333397177583522e-02,-2.400438937368119460e-02,3.078837747092257396e-02,2.056442997393434242e-03,8.838051466302258505e-04,-2.038541800297549202e-03
2.285000000000000142e+01,1.899695199703839987e-01,1.026633196611509147e-01,1.983929858138130609e+00,9.959041915421432689e-01,-8.763353215829199766e-03,-9.391583560375187448e-03,8.949772660483001907e-02,2.623352427437730672e-02,1.947076695448009265e-02,-6.703933030754250302e-03,4.256333397177583522e-02,-2.400438937368119460e-02,3.078837747092257396e-02,2.056442997393434242e-03,8.838051466302258505e-04,-2.038541800297549202e-03
2.290000000000000213e+01,1.913159727275077215e-01,1.036542807056220900e-01,1.983526737333126233e+00,9.958841274189705883e-01,-8.770606706804821504e-03,-9.400766165045872438e-03,8.971904373353574436e-02,2.738352823538953845e-02,2.005956521077784105e-02,-9.003621670492137352e-03,4.256333397177583522e-02,-2.400438937368119460e-02,3.078837747092257396e-02,2.056442997393434242e-03,8.838051466302258505e-04,-2.038541800297549202e-03
2.295000000000000284e+01,1.926750715041979090e-01,1.047254622053235829e-01,1.983009685897590524e+00,9.958564550061693721e-01,-8.718192839518362422e-03,-9.518487460054736449e-03,9.001840107795197610e-02,2.802963742987173851e-02,2.244966641331295337e-02,-1.098236121011019091e-02,4.256333397177583522e-02,-2.400438937368119460e-02,3.078837747092257396e-02,2.056442997393434242e-03,8.838051466302258505e-04,-2.038541800297549202e-03
2.300000000000000000e+01,1.941084407752587671e-01,1.058403477598279796e-01,1.982504852297312103e+00,9.958434090808655492e-01,-8.635028102516513829e-03,-9.762909111047468266e-03,9.014447562417798876e-02,2.915119377363128289e-02,2.204977296687972085e-02,-9.195635472068910618e-03,4.256333397177583522e-02,-2.400438937368119460e-02,3.078837747092257396e-02,2.056442997393434242e-03,8.838051466302258505e-04,-2.038541800297549202e-03
2.305000000000000071e+01,1.955560197036087799e-01,1.069374514539737780e-01,1.982099930647245545e+00,9.958185361074510800e-01,-8.432676966947980080e-03,-9.696830870142470263e-03,9.044503621017625783e-02,2.827850335022993183e-02,2.156798433140357310e-02,-7.202812990597778561e-03,4.256333397177583522e-02,-2.400438937368119460e-02,3.078837747092257396e-02,2.056442997393434242e-03,8.838051466302258505e-04,-2.038541800297549202e-03
2.310000000000000142e+01,1.969319147590071206e-01,1.079809033142125896e-01,1.981738145119661398e+00,9.957868409419992073e-01,-8.290152510594133231e-03,-9.881576552907072111e-03,9.078653657307238223e-02,2.754811943197455967e-02,2.113793330472208201e-02,-6.875222181478425447e-03,4.256333397177583522e-02,-2.400438937368119460e-02,3.078837747092257396e-02,2.056442997393434242e-03,8.838051466302258505e-04,-2.038541800297549202e-03
2.315000000000000213e+01,1.983016012005301976e-01,1.090803093350181385e-01,1.981355804473108773e+00,9.957607102369976371e-01,-8.013453112257554189e-03,-9.867023518213790395e-03,9.109903602354334218e-02,2.685935714705944485e-02,2.280289916945705056e-02,-8.159859201825535660e-03,4.256333397177583522e-02,-2.400438937368119460e-02,3.078837747092257396e-02,2.056442997393434242e-03,8.838051466302258505e-04,-2.038541800297549202e-03
2.320000000000000284e+01,1.996337909617923456e-01,1.102106584694430014e-01,1.980969314798943115e+00,9.957335644969192989e-01,-7.860991899191770854e-03,-9.962390076585872847e-03,9.139816258865424148e-02,2.597184826276633177e-02,2.214118729359009635e-02,-7.576343479422353519e-03,4.256333397177583522e-02,-2.400438937368119460e-02,3.078837747092257396e-02,2.056442997393434242e-03,8.838051466302258505e-04,-2.038541800297549202e-03
2.325000000000000000e+01,2.009548204659729054e-01,1.112927913847219646e-01,1.980547092404209897e+00,9.957207711401149242e-01,-7.917748280683489098e-03,-9.788928833086844861e-03,9.155125370304473265e-02,2.648229996962142910e-02,2.136696699150883103e-02,-9.066266522531073874e-03,4.256333397177583522e-02,-2.400438937368119460e-02,3.078837747092257396e-02,2.056442997393434242e-03,8.838051466302258505e-04,-2.038541800297549202e-03
2.330000000000000071e+01,2.022729373097261474e-01,1.124129007842297190e-01,1.980018784751429450e+00,9.957136231808633164e-01,-7.866157235924934460e-03,-9.833037108980284199e-03,9.162868308335979373e-02,2.702374165433940253e-02,2.294621076209603372e-02,-1.055720139738646098e-02,4.256333397177583522e-02,-2.400438937368119460e-02,3.078837747092257396e-02,2.056442997393434242e-03,8.838051466302258505e-04,-2.038541800297549202e-03
2.335000000000000142e+01,2.035742972282980345e-01,1.136126449686507278e-01,1.979496855674033773e+00,9.956737821133184729e-01,-7.872090291904680973e-03,-9.740611107518830358e-03,9.206992072250395898e-02,2.486809821065257345e-02,2.541237535057114597e-02,-1.027527951160946140e-02,4.256333397177583522e-02,-2.400438937368119460e-02,3.078837747092257396e-02,2.056442997393434242e-03,8.838051466302258505e-04,-2.038541800297549202e-03
2.340000000000000213e+01,2.048044117598981362e-01,1.149011202335408349e-01,1.978946023219119610e+00,9.956459851444791065e-01,-7.465588211373373230e-03,-9.738750283233711669e-03,9.240397178292032720e-02,2.523515606545671114e-02,2.711869389881007772e-02,-1.143187999550227332e-02,4.256333397177583522e-02,-2.400438937368119460e-02,3.078837747092257396e-02,2.056442997393434242e-03,8.838051466302258505e-04,-2.038541800297549202e-03
2.345000000000000284e+01,2.060424909994862941e-01,1.162310377907548736e-01,1.978330602516989556e+00,9.956320227279935597e-01,-7.331160408068976807e-03,-9.739573553896024166e-03,9.256495077848551911e-02,2.359326723938947809e-02,2.757179818927755349e-02,-1.256994515620337392e-02,4.256333397177583522e-02,-2.400438937368119460e-02,3.078837747092257396e-02,2.056442997393434242e-03,8.838051466302258505e-04,-2.038541800297549202e-03
2.350000000000000000e+01,2.072504257986764187e-01,1.175641250292735474e-01,1.977713894652319837e+00,9.956049757524605415e-01,-7.327490128941753847e-03,-9.882891503326329818e-03,9.284055472090983752e-02,2.285153555641296005e-02,2.606906969755818509e-02,-1.271800815761430642e-02,4.256333397177583522e-02,-2.400438937368119460e-02,3.078837747092257396e-02,2.056442997393434242e-03,8.838051466302258505e-04,-2.038541800297549202e-03
2.355000000000000071e+01,2.084201892014857505e-01,1.188632864174639092e-01,1.977048707325628429e+00,9.955829960869848616e-01,-6.991952985335133861e-03,-9.865444359859473072e-03,9.310361702692333818e-02,2.273243287809173507e-02,2.690778064696924474e-02,-1.322317001294498300e-02,4.256333397177583522e-02,-2.400438937368119460e-02,3.078837747092257396e-02,2.056442997393434242e-03,8.838051466302258505e-04,-2.038541800297549202e-03
2.360000000000000142e+01,2.095466391552992524e-01,1.202407237579831006e-01,1.976390873215537525e+00,9.955581250906647695e-01,-6.794141883736969090e-03,-9.815872144458099788e-03,9.338901357262330283e-02,2.178122664756201865e-02,2.786620652040023433e-02,-1.327462876781450654e-02,4.256333397177583522e-02,-2.400438937368119460e-02,3.078837747092257396e-02,2.056442997393434242e-03,8.838051466302258505e-04,-2.038541800297549202e-03
2.365000000000000213e+01,2.106104930891644911e-01,1.216550364758453712e-01,1.975699363782264850e+00,9.955539784132668713e-01,-6.464523146938703189e-03,-9.585665466437505097e-03,9.348048472042062851e-02,2.100146910828123298e-02,2.820474600690606182e-02,-1.435586945358201597e-02,4.256333397177583522e-02,-2.400438937368119460e-02,3.078837747092257396e-02,2.056442997393434242e-03,8.838051466302258505e-04,-2.038541800297549202e-03
2.370000000000000284e+01,2.116217034082371051e-01,1.231064669163345060e-01,1.974979523675576498e+00,9.955358070480483379e-01,-6.338641529793292463e-03,-9.547355782101463878e-03,9.368631973942553870e-02,1.955435089631203660e-02,2.847588332425149762e-02,-1.469683768387003431e-02,4.256333397177583522e-02,-2.400438937368119460e-02,3.078837747092257396e-02,2.056442997393434242e-03,8.838051466302258505e-04,-2.038541800297549202e-03
2.375000000000000000e+01,2.126146399643948914e-01,1.245567516744834902e-01,1.974241200856662770e+00,9.954991554838305001e-01,-6.357206836166135258e-03,-9.508530086496935763e-03,9.407765519939774446e-02,2.042535477995028811e-02,2.941672070482841475e-02,-1.437414429683741418e-02,4.256333397177583522e-02,-2.400438937368119460e-02,3.078837747092257396e-02,2.056442997393434242e-03,8.838051466302258505e-04,-2.038541800297549202e-03
2.380000000000000071e+01,2.136101277156084721e-01,1.260615104150528409e-01,1.973506776086966896e+00,9.954659842181269314e-01,-6.306073627387979823e-03,-9.731625834033747272e-03,9.440870276975603381e-02,1.943471219953260554e-02,3.131097169651832213e-02,-1.522495212122752795e-02,4.256333397177583522e-02,-2.400438937368119460e-02,3.078837747092257396e-02,2.056442997393434242e-03,8.838051466302258505e-04,-2.038541800297549202e-03
2.385000000000000142e+01,2.146361796562338276e-01,1.276479024973296572e-01,1.972717218935722050e+00,9.954444496997312264e-01,-6.114735711700211400e-03,-9.456881750878025003e-03,9.467589427475815722e-02,2.153527838987533138e-02,3.215232121437573004e-02,-1.646712331484587524e-02,4.256333397177583522e-02,-2.400438937368119460e-02,3.078837747092257396e-02,2.056442997393434242e-03,8.838051466302258505e-04,-2.038541800297549202e-03
2.390000000000000213e+01,2.157212832625556020e-01,1.293172698874538729e-01,1.971878690766160291e+00,9.954303112541643683e-01,-5.924168641779135533e-03,-9.390983609912369190e-03,9.484307612672399079e-02,2.194446185628944404e-02,3.389174605173376348e-02,-1.636747993800873047e-02,4.256333397177583522e-02,-2.400438937368119460e-02,3.078837747092257396e-02,2.056442997393434242e-03,8.838051466302258505e-04,-2.038541800297549202e-03
2.395000000000000284e+01,2.168248735010994410e-01,1.310856489489082011e-01,1.971070290210615195e+00,9.954166117223575139e-01,-5.753416280314954320e-03,-9.539492062744139855e-03,9.498244784943979391e-02,2.237035750704751205e-02,3.569495652882073017e-02,-1.600361905970554971e-02,4.256333397177583522e-02,-2.400438937368119460e-02,3.078837747092257396e-02,2.056442997393434242e-03,8.838051466302258505e-04,-2.038541800297549202e-03
2.400000000000000000e+01,2.179521275860735741e-01,1.328971818467304666e-01,1.970258333970130726e+00,9.953989141108595673e-01,-5.724019057007245607e-03,-9.340475825430242379e-03,9.518924783877175111e-02,2.241464730189460589e-02,3.633597514894808256e-02,-1.688280466961298784e-02,4.256333397177583522e-02,-2.400438937368119460e-02,3.078837747092257396e-02,2.056442997393434242e-03,8.838051466302258505e-04,-2.038541800297549202e-03
2.405000000000000071e+01,2.190993767780888002e-01,1.347986375099931300e-01,1.969371492318762629e+00,9.953825886820024671e-01,-5.389213589489225999e-03,-9.136052758779305422e-03,9.539911459542577132e-02,2.343414882023865317e-02,4.018430451706559575e-02,-1.858159230842306581e-02,4.256333397177583522e-02,-2.400438937368119460e-02,3.078837747092257396e-02,2.056442997393434242e-03,8.838051466302258505e-04,-2.038541800297549202e-03
2.410000000000000142e+01,2.203128271714230590e-01,1.367624163818400851e-01,1.968446174835241758e+00,9.953727736988678965e-01,-5.275606582480532949e-03,-8.956347396049807452e-03,9.552483025648574044e-02,2.386764549107072211e-02,3.835540235984764151e-02,-1.840702436138327500e-02,4.256333397177583522e-02,-2.400438937368119460e-02,3.078837747092257396e-02,2.056442997393434242e-03,8.838051466302258505e-04,-2.038541800297549202e-03
2.415000000000000213e+01,2.214807932636264631e-01,1.387572903074498765e-01,1.967554273194566772e+00,9.953621049631689033e-01,-4.947337807192053218e-03,-8.762974114325524505e-03,9.567138619557455370e-02,2.315028618797763255e-02,3.995336611594836607e-02,-1.858230060127414110e-02,4.256333397177583522e-02,-2.400438937368119460e-02,3.078837747092257396e-02,2.056442997393434242e-03,8.838051466302258505e-04,-2.038541800297549202e-03
2.420000000000000284e+01,2.226299953504863316e-01,1.407929615066665363e-01,1.966665446134857609e+00,9.953583131212270230e-01,-4.576035282890604169e-03,-8.721653657628617579e-03,9.573307244119744208e-02,2.354525494204293481e-02,4.228455693167283008e-02,-1.842925068488928189e-02,4.256333397177583522e-02,-2.400438937368119460e-02,3.078837747092257396e-02,2.056442997393434242e-03,8.838051466302258505e-04,-2.038541800297549202e-03
2.425000000000000000e+01,2.238572445107682440e-01,1.428980866586438137e-01,1.965777207963961493e+00,9.953404344473938403e-01,-4.253596711225817936e-03,-8.757315446077560198e-03,9.593037003613322233e-02,2.437587774701925614e-02,4.192583866262924314e-02,-1.685969843454971154e-02,4.256333397177583522e-02,-2.400438937368119460e-02,3.078837747092257396e-02,2.056442997393434242e-03,8.838051466302258505e-04,-2.038541800297549202e-03
2.430000000000000071e+01,2.250669038128607358e-01,1.450444668667926762e-01,1.964902766449920568e+00,9.953353526886544733e-01,-3.967808024654318269e-03,-8.553428022100111744e-03,9.601370244242206364e-02,2.428526167796132840e-02,4.328620514509254336e-02,-1.771681173736663895e-02,4.256333397177583522e-02,-2.400438937368119460e-02,3.078837747092257396e-02,2.056442997393434242e-03,8.838051466302258505e-04,-2.038541800297549202e-03
2.435000000000000142e+01,2.263757470863801691e-01,1.471971780417875575e-01,1.963946319560877285e+00,9.953157403251386981e-01,-3.651631126140627692e-03,-8.398455327104042620e-03,9.624296649240567103e-02,2.725556125571267779e-02,4.320365828573321382e-02,-1.955644909666648390e-02,4.256333397177583522e-02,-2.400438937368119460e-02,3.078837747092257396e-02,2.056442997393434242e-03,8.838051466302258505e-04,-2.038541800297549202e-03
2.440000000000000213e+01,2.278056184627804404e-01,1.494288698429924178e-01,1.962978260795691376e+00,9.952970540590793114e-01,-3.469118482497166554e-03,-8.287842059408139991e-03,9.645232538550271850e-02,2.832768055287358464e-02,4.555086093749630138e-02,-1.964055666395826336e-02,4.256333397177583522e-02,-2.400438937368119460e-02,3.078837747092257396e-02,2.056442997393434242e-03,8.838051466302258505e-04,-2.038541800297549202e-03
2.445000000000000284e+01,2.355869841565443323e-01,1.596131719259077097e-01,1.961171402421997501e+00,9.950425083738453358e-01,-3.311264393445839671e-03,-8.231229778420620993e-03,9.905396970105409538e-02,4.005523800125403155e-02,4.928496204693498528e-02,-1.978866679638439929e-02,4.457262757117552016e-02,-1.896701071063750660e-02,3.076583104043569689e-02,2.064649515862528907e-03,8.903825697131248756e-04,-2.231720432150348030e-03
2.450000000000000000e+01,1.656907635612371865e-01,9.255079267009869159e-02,1.988253390117524555e+00,9.947435684597403238e-01,-3.686669897526778216e-03,-9.037720923989522870e-03,1.019311585019448685e-01,2.159900673192323428e-02,1.614785191222840866e-02,-5.030160338555415139e-03,3.293564225385202382e-02,-4.136930572249328253e-04,3.014416153542846116e-02,2.026616195640361731e-03,9.381799305559733460e-04,-2.362546313719944644e-03
2.455000000000000071e+01,1.667496576782031559e-01,9.336747069386718001e-02,1.987992838598683365e+00,9.947094821484612215e-01,-3.432027526787341867e-03,-8.927747017386732445e-03,1.022817806072474217e-01,2.166082607156571971e-02,1.588804271092921286e-02,-4.948103558121309288e-03,3.293564225385202382e-02,-4.136930572249328253e-04,3.014416153542846116e-02,2.026616195640361731e-03,9.381799305559733460e-04,-2.362546313719944644e-03
2.460000000000000142e+01,1.678427989521411035e-01,9.412440141686276296e-02,1.987732810673084938e+00,9.947035544660767226e-01,-3.136104909416787771e-03,-8.858393239750376666e-03,1.023549336757144795e-01,2.154263394513903848e-02,1.459192677306029445e-02,-5.796141567822124703e-03,3.293564225385202382e-02,-4.136930572249328253e-04,3.014416153542846116e-02,2.026616195640361731e-03,9.381799305559733460e-04,-2.362546313719944644e-03
2.465000000000000213e+01,1.689171197069486707e-01,9.489357960818019244e-02,1.987432547724932164e+00,9.946682957344723519e-01,-2.655509315495920963e-03,-8.700841816314752730e-03,1.027240238826486046e-01,2.182858766543941537e-02,1.560807973343033596e-02,-5.137145526487339915e-03,3.293564225385202382e-02,-4.136930572249328253e-04,3.014416153542846116e-02,2.026616195640361731e-03,9.381799305559733460e-04,-2.362546313719944644e-03
2.470000000000000284e+01,1.700332084317585923e-01,9.579918825807569316e-02,1.987208115725523694e+00,9.946465457488541384e-01,-2.434143273216723708e-03,-8.544859277955754034e-03,1.029529472930135192e-01,2.241341449127274774e-02,1.899006970595338087e-02,-3.652976151788176699e-03,3.293564225385202382e-02,-4.136930572249328253e-04,3.014416153542846116e-02,2.026616195640361731e-03,9.381799305559733460e-04,-2.362546313719944644e-03
2.475000000000000000e+01,1.711584539022729390e-01,9.672339383561488757e-02,1.987048822706596773e+00,9.946221297235250391e-01,-2.128362235386182296e-03,-8.416383910091952691e-03,1.032058797758744206e-01,2.348311115286121770e-02,1.804071450543526245e-02,-2.503215842783501014e-03,3.293564225385202382e-02,-4.136930572249328253e-04,3.014416153542846116e-02,2.026616195640361731e-03,9.381799305559733460e-04,-2.362546313719944644e-03
2.480000000000000071e+01,1.723387966702742691e-01,9.760746945741752278e-02,1.986926882521787174e+00,9.946014166516572441e-01,-1.733850344109971091e-03,-8.255494878442409465e-03,1.034256378361426837e-01,2.384911401063983735e-02,1.648964425603116624e-02,-2.815316494287654642e-03,3.293564225385202382e-02,-4.136930572249328253e-04,3.014416153542846116e-02,2.026616195640361731e-03,9.381799305559733460e-04,-2.362546313719944644e-03
2.485000000000000142e+01,1.735635748500365672e-01,9.839206786300350172e-02,1.986719009719403628e+00,9.945901716780363166e-01,-1.553614465681800233e-03,-7.993275739301990493e-03,1.035571543955404600e-01,2.546857239106104301e-02,1.582661936249532206e-02,-4.050354831696231783e-03,3.293564225385202382e-02,-4.136930572249328253e-04,3.014416153542846116e-02,2.026616195640361731e-03,9.381799305559733460e-04,-2.362546313719944644e-03
2.490000000000000213e+01,1.748376747350874338e-01,9.920963566304499825e-02,1.986553512369234831e+00,9.945559492146262004e-01,-1.239969035211360791e-03,-7.653740421812330746e-03,1.039150933028561291e-01,2.570911169667393706e-02,1.706096895356134027e-02,-2.490618637699190761e-03,3.293564225385202382e-02,-4.136930572249328253e-04,3.014416153542846116e-02,2.026616195640361731e-03,9.381799305559733460e-04,-2.362546313719944644e-03
2.495000000000000284e+01,1.761798144807066036e-01,1.000321299996132229e-01,1.986417274275730449e+00,9.945288807508193551e-01,-1.034928223251060280e-03,-7.527849463497265393e-03,1.041852473172199395e-01,2.643049709279201437e-02,1.708761167197737907e-02,-2.736959895194800846e-03,3.293564225385202382e-02,-4.136930572249328253e-04,3.014416153542846116e-02,2.026616195640361731e-03,9.381799305559733460e-04,-2.362546313719944644e-03
